// Auto-generated by generate_svg_assets.js
#ifndef ASSETDATA_H
#define ASSETDATA_H

#include <vector>
#include <string>
#include <unordered_map>
#include <cstdint>

struct EmbeddedAsset {
    const char* name;
    int width;
    int height;
    int dataSize;
    const uint8_t* data;
};

static const uint8_t ASSET_PROJECTILE_RED_PNG[] = {
    0x89, 0x50, 0x4e, 0x47, 0x0d, 0x0a, 0x1a, 0x0a, 0x00, 0x00, 0x00, 0x0d, 0x49, 0x48, 0x44, 0x52, 
    0x00, 0x00, 0x00, 0x40, 0x00, 0x00, 0x00, 0x40, 0x08, 0x06, 0x00, 0x00, 0x00, 0xaa, 0x69, 0x71, 
    0xde, 0x00, 0x00, 0x17, 0xf3, 0x49, 0x44, 0x41, 0x54, 0x78, 0x9c, 0xc5, 0x59, 0x09, 0x94, 0x54, 
    0xd5, 0x99, 0xfe, 0x6a, 0xe9, 0xaa, 0x5e, 0xaa, 0x7a, 0xa3, 0x17, 0x9a, 0xad, 0x69, 0x76, 0x50, 
    0xc2, 0xa2, 0x03, 0x22, 0x07, 0x45, 0x54, 0xd4, 0x88, 0x02, 0x89, 0xd9, 0xc1, 0x25, 0x89, 0x93, 
    0xc5, 0x24, 0x8a, 0x31, 0x63, 0x48, 0xd4, 0x10, 0x71, 0xcb, 0xc4, 0xe3, 0xe8, 0x98, 0xd1, 0x39, 
    0x33, 0x0e, 0x98, 0x38, 0xf1, 0xcc, 0xe4, 0xe8, 0x11, 0x51, 0x46, 0xc5, 0xa3, 0x51, 0x08, 0xc6, 
    0x2d, 0x60, 0x1b, 0x02, 0xb8, 0x60, 0xb3, 0x36, 0x4d, 0x37, 0x34, 0x55, 0x5d, 0xd5, 0x55, 0xdd, 
    0xb5, 0xbd, 0xf9, 0xbe, 0xfb, 0xea, 0x55, 0x57, 0x6f, 0x08, 0x6e, 0xf9, 0xe0, 0xeb, 0xff, 0xbf, 
    0xff, 0xbd, 0xf7, 0xd5, 0xfd, 0xfe, 0xbb, 0xbc, 0xf7, 0xaa, 0x5c, 0xf8, 0x8c, 0x71, 0x67, 0xf9, 
    0x92, 0xf9, 0x6e, 0xb8, 0xea, 0x33, 0xb0, 0x5e, 0x5e, 0x19, 0x5a, 0xb7, 0x07, 0x7f, 0x67, 0x7c, 
    0xa6, 0x09, 0xb8, 0xab, 0x6c, 0xf1, 0x1f, 0x61, 0x61, 0x3e, 0xb2, 0xb0, 0xdc, 0xae, 0xab, 0x98, 
    0x84, 0x87, 0x91, 0xc5, 0x3f, 0x97, 0x2f, 0x3d, 0xbb, 0x00, 0x56, 0xe3, 0x8a, 0xd0, 0xba, 0x10, 
    0x8b, 0x9f, 0x09, 0x3e, 0xb3, 0x04, 0x70, 0xe6, 0xaf, 0x74, 0x65, 0xac, 0xb5, 0x53, 0x86, 0xb4, 
    0xa3, 0xb6, 0x38, 0x86, 0xf7, 0x42, 0xe5, 0x38, 0x10, 0x09, 0xc0, 0xe5, 0x76, 0xad, 0xc8, 0x00, 
    0x6f, 0xb9, 0x2d, 0xeb, 0xb7, 0x96, 0x85, 0x51, 0x6c, 0x6a, 0x62, 0x37, 0x86, 0xd6, 0xdd, 0x4b, 
    0xf7, 0x53, 0xc7, 0x67, 0x96, 0x80, 0xbb, 0x4a, 0x97, 0xac, 0x2b, 0xf5, 0x77, 0x2f, 0x9e, 0x37, 
    0xac, 0x99, 0x25, 0x1b, 0x6f, 0xb6, 0xd6, 0xa0, 0x2d, 0x56, 0xdc, 0x99, 0x01, 0xd2, 0xe5, 0xfe, 
    0x54, 0xc9, 0xf4, 0x9a, 0x0e, 0xcf, 0xbe, 0x8e, 0x22, 0x7c, 0x10, 0x2a, 0x82, 0xdb, 0xed, 0x9a, 
    0xf1, 0x4f, 0xa1, 0x75, 0x6f, 0xb1, 0xd9, 0xa7, 0x8a, 0xcf, 0x2c, 0x01, 0x77, 0x96, 0x2d, 0x79, 
    0x69, 0x48, 0x61, 0xfc, 0xec, 0x39, 0x43, 0x5b, 0x58, 0xb2, 0x11, 0x4b, 0x79, 0xf1, 0xf2, 0x81, 
    0xe1, 0x56, 0xc6, 0x72, 0xb9, 0x96, 0x4e, 0x68, 0x45, 0xa0, 0x20, 0x85, 0x44, 0xc6, 0x8d, 0xff, 
    0xdd, 0x39, 0x94, 0xb5, 0xae, 0xfb, 0x7e, 0xda, 0xb1, 0xee, 0x3a, 0x3a, 0x9f, 0x2a, 0xfe, 0xae, 
    0x09, 0x10, 0x5e, 0xd8, 0x3f, 0x12, 0x01, 0x5f, 0x06, 0x17, 0x35, 0xb4, 0xb1, 0x64, 0x63, 0xe3, 
    0x9e, 0x2a, 0xb4, 0xc4, 0xfc, 0x2f, 0xaf, 0x0c, 0xaf, 0x3b, 0x87, 0x45, 0xc1, 0x22, 0x3f, 0x15, 
    0xb8, 0xc8, 0x4f, 0x1b, 0xe6, 0x33, 0xee, 0x2c, 0x5d, 0xfc, 0x70, 0x81, 0xdb, 0x5a, 0x76, 0x41, 
    0xfd, 0x5e, 0x37, 0x8b, 0x39, 0xfc, 0xa9, 0x79, 0x18, 0x4a, 0xfd, 0x19, 0xcc, 0x1f, 0xd9, 0xce, 
    0x92, 0x0d, 0x3b, 0x01, 0xbe, 0x4d, 0x2b, 0xc3, 0x4f, 0x2e, 0x60, 0xd1, 0x11, 0xdf, 0xd7, 0x7e, 
    0x22, 0x30, 0x83, 0xfb, 0x14, 0xe0, 0x5c, 0x57, 0xd6, 0xf0, 0xae, 0xc0, 0x92, 0xab, 0xe1, 0xb6, 
    0x1e, 0x38, 0xad, 0xb6, 0x15, 0x43, 0x8b, 0x63, 0xe8, 0x48, 0xf8, 0x10, 0xe7, 0x16, 0xf8, 0x5b, 
    0x7b, 0x25, 0x4a, 0xb9, 0x02, 0xe6, 0x8f, 0x6a, 0xc7, 0xb1, 0xae, 0x02, 0xb4, 0x74, 0xfa, 0x78, 
    0x06, 0x14, 0xa3, 0x33, 0xe1, 0x0d, 0x65, 0x2c, 0x6b, 0x73, 0x3a, 0x82, 0x4d, 0x16, 0xbc, 0x4f, 
    0xde, 0x8c, 0xc7, 0x9b, 0x78, 0x1d, 0x2b, 0x8f, 0x82, 0x63, 0x3f, 0x32, 0x34, 0xb8, 0x4f, 0x12, 
    0xce, 0xf5, 0x64, 0xdd, 0xb7, 0x61, 0xd1, 0x4c, 0x77, 0x2d, 0x96, 0xbb, 0x3a, 0x5d, 0x97, 0xba, 
    0x5c, 0xee, 0x51, 0x2e, 0x37, 0xe0, 0x71, 0x65, 0x90, 0xca, 0xd0, 0x39, 0x0e, 0x5c, 0xec, 0xcd, 
    0x3b, 0x02, 0xff, 0x90, 0x59, 0x58, 0x56, 0x66, 0x9f, 0x55, 0x62, 0xad, 0xcf, 0x1c, 0xc6, 0x23, 
    0x37, 0xe1, 0xe9, 0xad, 0x0c, 0xf1, 0xec, 0xcc, 0xb5, 0x70, 0xec, 0x49, 0x83, 0x1f, 0xf5, 0x89, 
    0x41, 0xd7, 0x12, 0xdd, 0x37, 0xe1, 0xd2, 0xb1, 0x25, 0x41, 0xd7, 0x7f, 0xb2, 0x30, 0x8f, 0xe5, 
    0x1e, 0x30, 0xe0, 0xf5, 0x00, 0x25, 0xde, 0x34, 0x86, 0x14, 0x67, 0xe0, 0xf3, 0x58, 0x9c, 0x75, 
    0x06, 0x59, 0x11, 0xf4, 0xa5, 0x59, 0x97, 0x46, 0x81, 0xdb, 0xc5, 0x24, 0x59, 0x38, 0x14, 0xf3, 
    0x22, 0x9a, 0x70, 0xa3, 0x33, 0xee, 0x65, 0x7d, 0x6f, 0x64, 0x60, 0x3d, 0x1d, 0x8b, 0xe0, 0x86, 
    0xdb, 0xb0, 0x7e, 0xb7, 0x29, 0xda, 0x09, 0x10, 0x4f, 0x1a, 0xfa, 0xf4, 0x8f, 0x0b, 0x5d, 0x43, 
    0x74, 0xaf, 0xc2, 0xd2, 0x31, 0xbe, 0x9a, 0xf4, 0x2d, 0xee, 0xb8, 0xeb, 0x1b, 0x2c, 0xe7, 0x50, 
    0x57, 0x96, 0xc2, 0xe8, 0xd2, 0x14, 0xea, 0x4a, 0x93, 0xa8, 0xa2, 0x70, 0x0d, 0xd9, 0x42, 0x9a, 
    0x35, 0xb2, 0x36, 0x64, 0xad, 0x34, 0x2b, 0x08, 0xd5, 0x99, 0x32, 0x8b, 0x47, 0xe3, 0x1e, 0xb4, 
    0x44, 0x0b, 0xb0, 0x8f, 0xb7, 0xc6, 0xd6, 0xb8, 0x8f, 0xd1, 0x1e, 0x64, 0x8a, 0xac, 0xdf, 0x27, 
    0x5a, 0x3d, 0xb7, 0xae, 0xc2, 0x13, 0x1f, 0xa8, 0x48, 0x9a, 0x6e, 0xe4, 0x09, 0x43, 0x03, 0xff, 
    0x38, 0x50, 0x7f, 0xad, 0x67, 0xcf, 0x6a, 0x2c, 0xbe, 0xaa, 0x20, 0x88, 0x5f, 0xd1, 0x2f, 0x23, 
    0x0d, 0x26, 0x54, 0x27, 0x70, 0xe6, 0xa8, 0x6e, 0xf8, 0xdd, 0x1a, 0x5b, 0x7f, 0x98, 0x91, 0x66, 
    0xb2, 0x62, 0xb3, 0x04, 0x93, 0x20, 0x9b, 0x9f, 0x04, 0xe3, 0x33, 0x5f, 0xe1, 0x84, 0x07, 0x6f, 
    0xb7, 0x06, 0xb1, 0x27, 0x5c, 0xcc, 0x9a, 0x1c, 0xc2, 0xc9, 0x08, 0x6e, 0xbc, 0x19, 0x4f, 0xae, 
    0xa5, 0xcf, 0x56, 0xb9, 0x44, 0x9c, 0x10, 0x24, 0xe0, 0xa3, 0x42, 0x7d, 0xb9, 0xa0, 0xe1, 0xbd, 
    0xa3, 0xe6, 0xd2, 0x87, 0xf2, 0x67, 0x7d, 0x34, 0x67, 0x7c, 0x6e, 0x43, 0x1c, 0xc1, 0x42, 0xbb, 
    0x51, 0x3e, 0xec, 0x91, 0x71, 0x8c, 0x1c, 0xaa, 0xed, 0xdb, 0xd6, 0xca, 0x26, 0x42, 0xd0, 0x4a, 
    0x90, 0x6f, 0x84, 0xcb, 0xb2, 0xb9, 0x7c, 0x36, 0xe1, 0xdf, 0x34, 0x0f, 0x50, 0x0f, 0xb6, 0xb5, 
    0x56, 0xa2, 0x39, 0xcc, 0x0f, 0xc8, 0x42, 0xab, 0xe1, 0x67, 0xad, 0xeb, 0xbf, 0x4d, 0x37, 0x45, 
    0xb2, 0x25, 0xbb, 0x9c, 0x00, 0xfa, 0x8e, 0xef, 0x44, 0xa1, 0x59, 0x77, 0xff, 0x04, 0xf3, 0xab, 
    0x2a, 0x82, 0x65, 0x8f, 0xb1, 0x30, 0x97, 0x65, 0xf8, 0x8a, 0x32, 0xb8, 0x70, 0x4c, 0x17, 0x86, 
    0x07, 0xf5, 0xf9, 0x79, 0x17, 0x77, 0x2b, 0x4f, 0x84, 0x14, 0x10, 0xce, 0xc8, 0x8c, 0xcd, 0x89, 
    0x25, 0xf3, 0xea, 0xf3, 0x93, 0x90, 0x31, 0x09, 0x20, 0xd3, 0xf4, 0x69, 0xd3, 0xb4, 0x6a, 0xa9, 
    0x3b, 0xc6, 0xab, 0xfb, 0xab, 0x91, 0x34, 0xc3, 0xe1, 0xe5, 0x81, 0x2d, 0xc7, 0x22, 0xe1, 0xcb, 
    0x7e, 0x8d, 0x97, 0x8e, 0xd8, 0x45, 0xc3, 0xe3, 0x22, 0x37, 0xc6, 0x93, 0x80, 0x3e, 0xcd, 0xbd, 
    0x0a, 0x17, 0x9d, 0xee, 0x0f, 0x7a, 0x79, 0xd0, 0xb9, 0x4f, 0x65, 0x19, 0x43, 0x28, 0x7e, 0xf1, 
    0x94, 0x4e, 0xf8, 0x0b, 0xb2, 0x17, 0xa5, 0x68, 0x63, 0x07, 0x81, 0x11, 0x94, 0x13, 0x4c, 0xb1, 
    0x74, 0x9d, 0x98, 0xb1, 0x62, 0x5e, 0x12, 0xfa, 0xae, 0x02, 0xe6, 0xc0, 0xb0, 0x8b, 0xf3, 0xbd, 
    0xb9, 0xa5, 0x16, 0x1d, 0xd9, 0xf3, 0x81, 0xd7, 0xda, 0xde, 0x1d, 0x49, 0x5d, 0xbd, 0x0a, 0xcf, 
    0xbc, 0xc9, 0x22, 0x7b, 0x19, 0x0e, 0x0a, 0x17, 0x79, 0x32, 0x30, 0xe2, 0x7f, 0x80, 0xb9, 0x35, 
    0xc3, 0x83, 0x95, 0xcf, 0x39, 0xe2, 0x27, 0x72, 0xaf, 0xcf, 0xe5, 0x5e, 0x2f, 0xa4, 0x78, 0x47, 
    0xb8, 0xc8, 0x82, 0xf9, 0x6f, 0xfb, 0x1a, 0x5c, 0x16, 0x9c, 0x52, 0xc7, 0xef, 0x11, 0xcc, 0x18, 
    0x05, 0x19, 0x3f, 0x17, 0x23, 0x4d, 0x12, 0xb2, 0x65, 0x4a, 0xc9, 0x50, 0x35, 0x0d, 0xc5, 0xa7, 
    0xed, 0xb5, 0x9e, 0x4e, 0x99, 0x24, 0xfc, 0xb5, 0xbd, 0x0a, 0x07, 0xc2, 0x41, 0x46, 0xd8, 0x8e, 
    0x49, 0x38, 0x18, 0x69, 0xbf, 0xe0, 0x37, 0xd8, 0xd2, 0xca, 0xa2, 0x9a, 0x8b, 0x03, 0xc2, 0x19, 
    0xdb, 0x89, 0x40, 0x6d, 0xb5, 0x96, 0x7d, 0x77, 0x06, 0x17, 0x3d, 0xcf, 0x9b, 0xd5, 0x99, 0xf4, 
    0x8d, 0xf8, 0x05, 0x63, 0xbb, 0x4d, 0x65, 0x4e, 0xbc, 0x9b, 0x6f, 0xfc, 0xb4, 0x02, 0x93, 0xc4, 
    0xbf, 0x3d, 0xe0, 0xe0, 0xf8, 0x57, 0x96, 0xc8, 0x26, 0xa2, 0x47, 0x30, 0xcb, 0x7d, 0x93, 0xc0, 
    0x04, 0xa8, 0x87, 0x49, 0x02, 0x1d, 0x59, 0x56, 0x51, 0x38, 0x57, 0x01, 0xe3, 0x29, 0x26, 0x40, 
    0x36, 0x9d, 0x4a, 0x61, 0x5b, 0x7b, 0x0d, 0x0e, 0x86, 0xed, 0x33, 0x98, 0xed, 0x5e, 0x59, 0x19, 
    0x79, 0xfa, 0x7c, 0xba, 0x09, 0x52, 0x4d, 0x74, 0xb9, 0x7e, 0x70, 0xc6, 0xf9, 0x61, 0x50, 0x3b, 
    0x89, 0x2f, 0xb8, 0xbd, 0xfa, 0xe2, 0x35, 0x9e, 0x2e, 0xef, 0x57, 0xe9, 0x9b, 0x53, 0xde, 0x11, 
    0xef, 0xea, 0x23, 0xde, 0x11, 0x2e, 0x5f, 0xf8, 0xc2, 0x9e, 0x3d, 0xb8, 0xbc, 0xa2, 0x02, 0x0b, 
    0x82, 0x41, 0x04, 0xd9, 0x46, 0x62, 0x05, 0xab, 0x6f, 0x12, 0x28, 0x58, 0x36, 0xe3, 0x94, 0x45, 
    0x13, 0xa3, 0x70, 0x76, 0x91, 0x55, 0x92, 0x24, 0x9f, 0x39, 0x60, 0x02, 0xe4, 0x33, 0x09, 0x4c, 
    0x00, 0x17, 0x02, 0x1a, 0x5b, 0x6a, 0xd0, 0x1c, 0x2f, 0x43, 0xc2, 0x9d, 0xc6, 0xd6, 0xd2, 0x96, 
    0xad, 0x8d, 0xde, 0xa3, 0x9e, 0xa6, 0xa6, 0xa6, 0xd3, 0x59, 0xc5, 0x96, 0xec, 0xde, 0x07, 0xce, 
    0xf8, 0x8e, 0x07, 0xb5, 0x91, 0x9a, 0x82, 0x5f, 0x62, 0xd1, 0xb7, 0xfc, 0x41, 0xcf, 0x6f, 0xe8, 
    0x73, 0xcf, 0xa7, 0x70, 0xe9, 0x94, 0xb8, 0x59, 0xf6, 0x03, 0x89, 0x37, 0x56, 0xbd, 0x0c, 0xdc, 
    0x98, 0xbc, 0x63, 0x07, 0x2d, 0x50, 0xea, 0xf1, 0xe0, 0xdc, 0x60, 0x00, 0xcb, 0x2a, 0x2a, 0x31, 
    0x89, 0x07, 0x86, 0x46, 0xe4, 0x24, 0x21, 0x27, 0xda, 0x08, 0xa6, 0xcd, 0x96, 0x33, 0x4e, 0x99, 
    0x1a, 0xb4, 0x0a, 0x9c, 0x6d, 0x90, 0xa2, 0xe5, 0x7f, 0x46, 0x95, 0x00, 0x96, 0xf9, 0xef, 0x4f, 
    0x89, 0x0c, 0x9e, 0x88, 0xf9, 0xf0, 0xbe, 0x27, 0xc2, 0x16, 0x36, 0x98, 0x80, 0x22, 0x9a, 0x24, 
    0xa9, 0x6e, 0xba, 0x54, 0x0e, 0x1a, 0xe7, 0x87, 0x41, 0x32, 0xbc, 0x37, 0xe0, 0xe2, 0x09, 0x43, 
    0x82, 0xde, 0x2d, 0xec, 0x50, 0xea, 0xe3, 0x75, 0xbe, 0x7e, 0x5a, 0x84, 0xe2, 0x6d, 0xa1, 0x6e, 
    0x93, 0x00, 0xfa, 0x6c, 0x69, 0x2c, 0x63, 0x8e, 0xaf, 0xff, 0x2a, 0x4f, 0xdc, 0x6e, 0x27, 0x20, 
    0x1f, 0x93, 0x0a, 0x0b, 0xb1, 0xbc, 0xa2, 0x1c, 0xf3, 0x99, 0x10, 0xed, 0x5e, 0x47, 0xb0, 0x12, 
    0x60, 0x46, 0xda, 0xb7, 0x4c, 0xa9, 0x4a, 0x80, 0x2c, 0xab, 0xec, 0x04, 0x30, 0xfe, 0x6e, 0x22, 
    0x81, 0x8d, 0x89, 0x24, 0x9e, 0xef, 0x4e, 0xa2, 0xd3, 0x3c, 0x43, 0xf7, 0xc6, 0x17, 0x9b, 0xa6, 
    0x4c, 0xbd, 0x1b, 0x1b, 0xde, 0xa5, 0xcb, 0x34, 0x99, 0x4b, 0xe5, 0xa0, 0xb1, 0x1d, 0x0f, 0xaa, 
    0xd7, 0xd2, 0xf7, 0xaf, 0xae, 0xbd, 0x74, 0x4d, 0x41, 0xcc, 0xf5, 0x65, 0xfa, 0x58, 0x34, 0x29, 
    0xc2, 0x5b, 0x5d, 0x86, 0x5b, 0xde, 0x11, 0xcb, 0x04, 0x70, 0xf6, 0xa9, 0x95, 0x65, 0xc6, 0xe8, 
    0x38, 0x56, 0x19, 0x50, 0x9b, 0xd7, 0x3a, 0x3b, 0x71, 0x7f, 0x6b, 0x2b, 0x5e, 0xa7, 0xed, 0x8b, 
    0x02, 0xae, 0x8a, 0x61, 0x81, 0x20, 0xce, 0x2e, 0xaf, 0xc4, 0x79, 0x3e, 0x37, 0xa6, 0x5a, 0x49, 
    0x8a, 0xe6, 0x48, 0xa9, 0x52, 0x72, 0x0c, 0x4d, 0x12, 0x58, 0xe6, 0xf0, 0xb7, 0x7b, 0xbc, 0x78, 
    0x13, 0x5e, 0x6c, 0x89, 0xc5, 0xb0, 0x3f, 0xda, 0x81, 0x8e, 0xee, 0x6e, 0xb6, 0xe8, 0x8f, 0x89, 
    0xdd, 0x15, 0x98, 0xd0, 0x55, 0x89, 0xea, 0x82, 0xe2, 0x3f, 0xdc, 0x7c, 0x78, 0xfd, 0x37, 0x19, 
    0x52, 0x43, 0x5e, 0xd9, 0x5c, 0xd2, 0x40, 0x63, 0x1b, 0x0c, 0xaa, 0x13, 0x0b, 0xae, 0xc7, 0x45, 
    0x53, 0x6a, 0x82, 0x3e, 0xbd, 0x80, 0xa0, 0xbe, 0x2c, 0x81, 0x0b, 0x26, 0xc4, 0x29, 0x8b, 0x95, 
    0x4a, 0x00, 0xc5, 0x1b, 0x9f, 0x09, 0x70, 0x44, 0xcb, 0xb2, 0x68, 0xac, 0xca, 0x4a, 0x82, 0x8d, 
    0x0c, 0xf6, 0x73, 0x96, 0x6e, 0x3f, 0x7c, 0x18, 0x2f, 0x84, 0x42, 0x2c, 0xf7, 0x87, 0xd7, 0x5f, 
    0x84, 0xd1, 0x95, 0x55, 0xb8, 0xc9, 0xef, 0x61, 0x22, 0x74, 0x52, 0x50, 0x34, 0xe3, 0x4a, 0xc0, 
    0x6e, 0x5e, 0x74, 0x55, 0xca, 0x83, 0xbd, 0x1d, 0x21, 0x74, 0x47, 0xc3, 0x8c, 0xf6, 0x47, 0x91, 
    0xcb, 0x85, 0x4b, 0xbc, 0x6e, 0xcc, 0xe3, 0x67, 0x1e, 0x0a, 0x8d, 0xe0, 0xa3, 0xb4, 0xd6, 0x16, 
    0xd0, 0x1a, 0x49, 0xcc, 0xbc, 0x07, 0xcf, 0xec, 0xa0, 0xab, 0xad, 0x60, 0x2e, 0x49, 0x72, 0x8c, 
    0x03, 0x60, 0xdc, 0xb8, 0x71, 0x8b, 0x33, 0x99, 0xcc, 0x7c, 0xcb, 0xb2, 0x96, 0xf2, 0xb4, 0xbd, 
    0xf3, 0xbb, 0xc7, 0xa6, 0x5d, 0x41, 0x49, 0x73, 0x58, 0x85, 0xaf, 0x7e, 0x2e, 0x8c, 0x32, 0x3f, 
    0x3b, 0x72, 0x5d, 0xd8, 0x02, 0x7b, 0x27, 0x80, 0xc6, 0x58, 0x09, 0xb7, 0x2d, 0x69, 0xea, 0xf9, 
    0x89, 0x9c, 0xbd, 0x0d, 0x69, 0x0b, 0xb7, 0x27, 0x5d, 0xa8, 0x2c, 0x0d, 0xf0, 0x1c, 0xf1, 0xe2, 
    0xed, 0xb7, 0xb6, 0x21, 0x12, 0xe9, 0xd9, 0xaf, 0x0e, 0xdc, 0x5c, 0x15, 0x33, 0x8a, 0x4b, 0x70, 
    0x7d, 0xa0, 0xc8, 0x8c, 0xf4, 0xc1, 0xce, 0x2e, 0xfc, 0xb9, 0x33, 0xca, 0xa5, 0xaf, 0x09, 0xec, 
    0x8f, 0xaa, 0xaa, 0x6a, 0x14, 0x55, 0x54, 0xa1, 0xcb, 0x72, 0xe3, 0xf2, 0x50, 0x2b, 0x66, 0x85, 
    0x43, 0x88, 0xf2, 0x75, 0xfb, 0xf5, 0xb6, 0xf1, 0xac, 0xe5, 0xb4, 0x5b, 0xd6, 0x73, 0x3f, 0x8f, 
    0xae, 0xbf, 0x8c, 0x6e, 0x17, 0xa9, 0x8b, 0xe8, 0xb2, 0x66, 0x6c, 0x98, 0x34, 0x69, 0xd2, 0xe8, 
    0x44, 0x22, 0xb1, 0x98, 0xae, 0x44, 0x2f, 0xa1, 0x35, 0xa0, 0x8f, 0xa1, 0x5d, 0x25, 0xd1, 0x25, 
    0x9d, 0xe3, 0x02, 0x2c, 0x62, 0x3c, 0x4f, 0xfd, 0xf9, 0xa3, 0xa2, 0x14, 0xc9, 0x25, 0x9f, 0x4d, 
    0x80, 0xf1, 0x69, 0x25, 0x50, 0x96, 0x7a, 0x8d, 0x95, 0x70, 0xfe, 0xcf, 0xf9, 0xe2, 0xae, 0x64, 
    0x0a, 0x57, 0x76, 0x03, 0x17, 0x9f, 0xbf, 0x00, 0xd7, 0x7d, 0xe7, 0x5b, 0x08, 0x06, 0x4a, 0xd0, 
    0xd1, 0xd1, 0x81, 0xb5, 0x6b, 0xd7, 0x62, 0xcd, 0x9a, 0x35, 0x03, 0x26, 0xe2, 0xc3, 0x30, 0x7b, 
    0xf6, 0x6c, 0x5c, 0x7b, 0xed, 0xb5, 0x38, 0xe3, 0x8c, 0x33, 0x10, 0x89, 0x76, 0xe2, 0xc6, 0x5b, 
    0xef, 0xc4, 0xd6, 0xb7, 0xb7, 0xe3, 0xc6, 0xe6, 0x26, 0x0c, 0xed, 0x8e, 0x62, 0x57, 0x68, 0x38, 
    0x5f, 0xa2, 0x2a, 0xd9, 0x12, 0x08, 0x45, 0xba, 0xcf, 0xb9, 0x0b, 0xcf, 0xbe, 0x4a, 0x37, 0x41, 
    0x2a, 0x01, 0x96, 0x49, 0xc0, 0xd8, 0xb1, 0x63, 0xaf, 0xe4, 0x8c, 0xaf, 0xa5, 0x9b, 0x83, 0xc4, 
    0x8b, 0x67, 0xa7, 0x46, 0x60, 0x4a, 0x47, 0x15, 0x23, 0xc0, 0xf2, 0xe9, 0xed, 0x28, 0xa4, 0x70, 
    0xb7, 0x44, 0xd3, 0x4a, 0x9c, 0xf1, 0x59, 0x27, 0x81, 0x76, 0x99, 0x3e, 0xad, 0x5d, 0x56, 0x5b, 
    0x5a, 0xc6, 0xe8, 0xe1, 0x72, 0x7e, 0x6c, 0x84, 0xa7, 0xff, 0x23, 0x0f, 0xde, 0x67, 0xc4, 0xe7, 
    0x43, 0x89, 0x78, 0xec, 0xb1, 0xc7, 0x4c, 0x32, 0x0e, 0x1e, 0x3c, 0xc8, 0xc8, 0xe0, 0x08, 0xf2, 
    0x56, 0xba, 0x70, 0xe1, 0x42, 0x23, 0x7c, 0xc4, 0x88, 0x11, 0x8c, 0xf4, 0x40, 0x49, 0x58, 0xfe, 
    0xbd, 0x6b, 0xe1, 0x6d, 0x39, 0x84, 0x1f, 0xef, 0xdb, 0x85, 0x4e, 0xae, 0x82, 0xbf, 0xb4, 0x4d, 
    0x66, 0x0d, 0x4f, 0xc0, 0xe2, 0xd4, 0x9a, 0x9b, 0x0e, 0x6f, 0xb8, 0x96, 0x6e, 0x6e, 0x15, 0x68, 
    0x8c, 0x06, 0xe3, 0xc7, 0x8f, 0x9f, 0x9e, 0x4a, 0xa5, 0x5e, 0x42, 0xf6, 0x6d, 0x4e, 0xe2, 0xc5, 
    0xe5, 0xa1, 0xc9, 0x08, 0x64, 0xfc, 0x18, 0xca, 0xbd, 0xbf, 0x68, 0x5c, 0x34, 0x2b, 0x2a, 0x2b, 
    0x7a, 0x90, 0x33, 0x80, 0x69, 0x30, 0xd6, 0x29, 0x2b, 0xb2, 0x8d, 0xcb, 0xff, 0x07, 0x09, 0xe0, 
    0x57, 0xb7, 0xac, 0xc4, 0xd9, 0x67, 0xce, 0x66, 0xac, 0x07, 0x12, 0x7f, 0xdf, 0x7d, 0xf7, 0xe1, 
    0xf9, 0xe7, 0x9f, 0x67, 0x09, 0xb8, 0xea, 0xaa, 0xab, 0xcc, 0x8a, 0xe8, 0x9b, 0x88, 0xe1, 0xc3, 
    0x87, 0xe3, 0xb2, 0xcb, 0x2e, 0x33, 0xf5, 0xa5, 0xa5, 0xa5, 0xfd, 0xfa, 0x3d, 0xfe, 0xf8, 0xe3, 
    0xa8, 0xae, 0xae, 0xc6, 0xcb, 0xaf, 0xbc, 0x66, 0x56, 0xc2, 0x35, 0x2d, 0x4d, 0x68, 0x88, 0x44, 
    0xb1, 0x2d, 0x3a, 0x1e, 0xb1, 0x78, 0x21, 0x15, 0x67, 0x76, 0xfd, 0x3c, 0xf2, 0xd4, 0x5c, 0x36, 
    0xd5, 0x49, 0x9c, 0x24, 0x33, 0xd2, 0x91, 0xc3, 0xf4, 0xe9, 0xd3, 0xcb, 0xc3, 0xe1, 0xf0, 0x4b, 
    0x00, 0xa6, 0x49, 0x7c, 0x45, 0xa2, 0x10, 0x5f, 0x89, 0x4c, 0x64, 0x91, 0x4b, 0x6d, 0x64, 0x0c, 
    0x53, 0x6b, 0xba, 0x28, 0x8a, 0xc2, 0x1c, 0xd1, 0xd9, 0x04, 0xd8, 0x31, 0xc9, 0x66, 0xd9, 0xf8, 
    0xa4, 0xfc, 0xac, 0x15, 0xd6, 0xa4, 0x5d, 0x86, 0xaf, 0x3e, 0xbb, 0x8e, 0xa5, 0xde, 0x58, 0xbd, 
    0x7a, 0xb5, 0x99, 0x79, 0x07, 0x1b, 0x36, 0x6c, 0x40, 0x65, 0x65, 0x25, 0x1a, 0x1b, 0x1b, 0xf1, 
    0xa3, 0xeb, 0x6f, 0x60, 0x04, 0xb8, 0x6d, 0xd5, 0x2d, 0x46, 0x7c, 0x3e, 0x06, 0xeb, 0x57, 0x5b, 
    0x5b, 0x8b, 0x33, 0x2e, 0x5c, 0x82, 0x0b, 0x78, 0x16, 0x9c, 0xd7, 0x76, 0x18, 0x07, 0xa3, 0x43, 
    0xb0, 0x37, 0x3e, 0x8c, 0x2d, 0x80, 0x83, 0x91, 0xc8, 0xec, 0xfb, 0xf1, 0xe2, 0x76, 0xba, 0xdc, 
    0x8c, 0x7d, 0x12, 0x90, 0x85, 0xab, 0xa1, 0xa1, 0xe1, 0x61, 0x6e, 0x89, 0xcb, 0x67, 0x86, 0x6b, 
    0x31, 0x3b, 0x5d, 0xc7, 0x10, 0xb0, 0x78, 0x52, 0x18, 0xd5, 0x25, 0x69, 0x0a, 0x02, 0x85, 0x65, 
    0x45, 0x33, 0x01, 0x92, 0x67, 0x97, 0x7b, 0x04, 0x9b, 0x3a, 0xc7, 0xa7, 0x15, 0x56, 0xa6, 0x3c, 
    0x38, 0x3c, 0x7a, 0x0c, 0x1e, 0x79, 0xe0, 0x5f, 0x58, 0xea, 0x0d, 0x26, 0xde, 0xcc, 0x66, 0x3e, 
    0xb4, 0xb4, 0x37, 0x6d, 0xda, 0x84, 0xf3, 0xbe, 0xf8, 0x75, 0xd4, 0x51, 0xd0, 0xc9, 0xf6, 0x5b, 
    0xfe, 0xfd, 0x15, 0xf0, 0x6f, 0x6f, 0xc4, 0x15, 0x07, 0xf7, 0xf2, 0xf5, 0xb9, 0x10, 0xdb, 0xc3, 
    0xe3, 0x59, 0xcb, 0xb5, 0x1f, 0x49, 0xad, 0x5e, 0x85, 0x0d, 0xbf, 0xa6, 0x1b, 0x27, 0x39, 0x25, 
    0x7d, 0x70, 0xca, 0x29, 0xa7, 0x54, 0x76, 0x76, 0x76, 0xae, 0xb5, 0x2c, 0xeb, 0xd2, 0xa5, 0x1d, 
    0xe3, 0x31, 0x34, 0x55, 0x82, 0x00, 0xdf, 0xf4, 0xbe, 0x3c, 0xb1, 0xdd, 0x08, 0x56, 0x07, 0x37, 
    0x1f, 0x0d, 0x5c, 0x14, 0x26, 0xdf, 0xc4, 0x4c, 0x02, 0xe8, 0x73, 0x15, 0x18, 0xcb, 0x16, 0xc6, 
    0xb2, 0x8d, 0x5a, 0xcb, 0xff, 0x59, 0xda, 0x83, 0xd6, 0x31, 0x63, 0xf0, 0xbb, 0x7f, 0xeb, 0x2f, 
    0x64, 0xda, 0xb4, 0x69, 0xfd, 0x0e, 0x40, 0x2d, 0xf7, 0xcd, 0x9b, 0x37, 0x9b, 0x04, 0x0c, 0x1b, 
    0x5a, 0x7b, 0xd2, 0xfd, 0x2e, 0xbf, 0x66, 0x05, 0x7c, 0x7f, 0xb5, 0x13, 0x90, 0x62, 0xfc, 0xad, 
    0xb6, 0x89, 0x3c, 0xf9, 0x7c, 0x48, 0xb9, 0x32, 0x2f, 0xdc, 0xd4, 0xf1, 0xd4, 0x97, 0x18, 0xea, 
    0x24, 0x53, 0x1a, 0x5b, 0x0e, 0x63, 0xc7, 0x8e, 0x5d, 0xca, 0x99, 0x5f, 0x43, 0xf1, 0xe5, 0xb4, 
    0xf8, 0x6a, 0xc7, 0x24, 0x54, 0xa6, 0x8b, 0x30, 0x8a, 0xfb, 0xff, 0xdc, 0x86, 0x0e, 0x4a, 0xa1, 
    0x28, 0x8f, 0x2d, 0xc8, 0xe5, 0x88, 0x66, 0xd9, 0xc4, 0xb3, 0x65, 0x1e, 0x10, 0xc6, 0x3a, 0x49, 
    0x30, 0x60, 0x83, 0x87, 0x33, 0x1e, 0xc3, 0x81, 0xb6, 0x80, 0xf6, 0xb1, 0x98, 0x0f, 0x1d, 0x70, 
    0xa2, 0x96, 0xb2, 0xf0, 0x51, 0xfa, 0x2d, 0x6c, 0xe7, 0x16, 0x38, 0x7a, 0x98, 0x7b, 0x1f, 0xd8, 
    0x11, 0x1d, 0x8d, 0x28, 0x9f, 0x09, 0xf8, 0x54, 0xf1, 0x97, 0x9f, 0x47, 0xd6, 0x7f, 0x9e, 0x21, 
    0x2d, 0x9d, 0x84, 0x19, 0x23, 0x97, 0x52, 0x39, 0x97, 0xd2, 0x5a, 0x2b, 0x7b, 0x0b, 0xa4, 0x85, 
    0x12, 0xf0, 0xfd, 0x63, 0x33, 0x58, 0x62, 0x7d, 0x5d, 0x0c, 0x33, 0x6a, 0x23, 0x14, 0x44, 0x91, 
    0x14, 0xac, 0x4e, 0xfd, 0x56, 0x81, 0x6c, 0xbf, 0x24, 0x08, 0x6c, 0x44, 0xbc, 0x45, 0xbb, 0x22, 
    0xe3, 0x1d, 0xf0, 0x10, 0x14, 0xb4, 0x9f, 0x37, 0x6e, 0xdc, 0x48, 0x0f, 0x66, 0xaf, 0x4b, 0x84, 
    0x73, 0x98, 0x09, 0x1f, 0xa5, 0xdf, 0xf7, 0x0e, 0x36, 0x61, 0x74, 0x2c, 0x4a, 0xd1, 0x09, 0x1c, 
    0x88, 0xd6, 0xe1, 0x50, 0xf6, 0x1c, 0xf8, 0x69, 0xe4, 0xc9, 0xe1, 0x34, 0x21, 0xb2, 0xdb, 0xc5, 
    0x59, 0x5f, 0x42, 0xb1, 0x3a, 0x49, 0xca, 0x49, 0x23, 0x5e, 0x64, 0x0c, 0xd7, 0x84, 0x66, 0x32, 
    0xc2, 0xa5, 0x96, 0x4d, 0x80, 0x11, 0x9d, 0xbd, 0xfd, 0x49, 0x9c, 0x23, 0xb8, 0x6f, 0x4c, 0x50, 
    0x59, 0xff, 0x15, 0x73, 0x70, 0xb5, 0xab, 0x08, 0xb1, 0x21, 0x55, 0xf8, 0xdd, 0x03, 0xf7, 0xf6, 
    0xbb, 0x0d, 0x3a, 0x08, 0xdd, 0x7f, 0x25, 0x92, 0x7b, 0x1a, 0x61, 0x15, 0x06, 0xf1, 0xd8, 0xae, 
    0x10, 0xba, 0x12, 0x5e, 0xb4, 0x67, 0x8a, 0xd0, 0x54, 0x39, 0x0e, 0xff, 0xfe, 0xe0, 0x03, 0x83, 
    0xf6, 0x73, 0xa0, 0xdb, 0xe0, 0x17, 0xae, 0xb8, 0x1a, 0xa5, 0x7c, 0x5a, 0x5c, 0xf1, 0xc1, 0x3b, 
    0xd0, 0xf2, 0x4f, 0xf3, 0x5d, 0xe1, 0x40, 0xa2, 0x0e, 0x2d, 0x3d, 0x09, 0xa8, 0xa7, 0x69, 0x27, 
    0xbb, 0x9c, 0x04, 0x3c, 0x8c, 0x3e, 0xb7, 0xbf, 0xca, 0x44, 0x11, 0xbe, 0x12, 0x9d, 0xc8, 0x08, 
    0xbf, 0xef, 0x1a, 0x19, 0xc6, 0xf8, 0x21, 0xd9, 0x3b, 0x80, 0x49, 0x42, 0x56, 0xac, 0x48, 0xc1, 
    0xc6, 0x8a, 0x8c, 0x0b, 0x4e, 0xcc, 0x81, 0xe3, 0xbf, 0xc7, 0x8c, 0x7c, 0x17, 0x85, 0x98, 0xf9, 
    0xb9, 0x53, 0xcd, 0x8c, 0x0e, 0x26, 0xa6, 0xed, 0x9e, 0x65, 0x48, 0xfd, 0xe9, 0xf7, 0xf4, 0xfa, 
    0xc3, 0x33, 0x79, 0x1e, 0x7c, 0x43, 0xc7, 0xc2, 0x53, 0x33, 0x1a, 0x05, 0x0d, 0xd3, 0xe1, 0x2a, 
    0x29, 0x87, 0xff, 0x94, 0xb3, 0x59, 0x63, 0x8b, 0xd7, 0xcc, 0xeb, 0x41, 0xe8, 0xc7, 0xcd, 0xef, 
    0x63, 0x68, 0x67, 0x9c, 0xb3, 0xcf, 0x8d, 0xce, 0x04, 0xb4, 0x24, 0xf8, 0x5d, 0x41, 0x7c, 0x24, 
    0x4b, 0xc0, 0x1b, 0x91, 0xdd, 0xd3, 0x1e, 0xc7, 0xf6, 0x26, 0xba, 0x71, 0x33, 0x36, 0x6d, 0x01, 
    0xde, 0xfe, 0x1e, 0x06, 0x0f, 0x7b, 0x89, 0x17, 0xeb, 0x63, 0x41, 0x7c, 0xbe, 0x6b, 0x2c, 0x43, 
    0xc0, 0xc2, 0x86, 0x76, 0xd4, 0x05, 0x93, 0x14, 0x26, 0x31, 0xb6, 0x38, 0x89, 0x35, 0x56, 0xcc, 
    0x0a, 0x16, 0x91, 0x8d, 0x0b, 0xc6, 0xb2, 0x2e, 0x1f, 0xcf, 0xf1, 0x51, 0xf5, 0x6e, 0x57, 0x21, 
    0xea, 0x6a, 0xaa, 0xb1, 0xe2, 0x7b, 0xdf, 0xc6, 0x59, 0x73, 0x66, 0x33, 0xda, 0x83, 0x4d, 0x7f, 
    0x7e, 0x0d, 0xab, 0xef, 0xbe, 0x0f, 0x57, 0x25, 0xb7, 0xe0, 0x1c, 0xef, 0x3e, 0xf8, 0xea, 0x2b, 
    0x10, 0x98, 0xdb, 0x80, 0xd4, 0xe1, 0x0e, 0xa4, 0x42, 0x71, 0xda, 0x28, 0x52, 0x1d, 0x49, 0x64, 
    0x3a, 0x62, 0x6c, 0xdd, 0x83, 0x54, 0x59, 0x2d, 0xde, 0x0b, 0x03, 0xef, 0xa7, 0x02, 0x18, 0xc3, 
    0xc7, 0xe6, 0x8a, 0x23, 0x16, 0xba, 0xb9, 0x7a, 0x44, 0x25, 0x20, 0x9c, 0x28, 0xc5, 0xee, 0xf8, 
    0x78, 0xb6, 0x04, 0x8e, 0x44, 0x3a, 0xbe, 0x71, 0x37, 0xfe, 0xf8, 0x34, 0x5d, 0x3b, 0x01, 0x0e, 
    0xb8, 0x1a, 0xf4, 0xec, 0xbf, 0xd6, 0xb2, 0xac, 0xb2, 0xfa, 0x58, 0x29, 0x13, 0x30, 0x86, 0x51, 
    0xe0, 0xfc, 0x6c, 0x02, 0xdc, 0xf4, 0x9d, 0x24, 0x08, 0x2e, 0x8f, 0x2d, 0xd6, 0x90, 0x42, 0x65, 
    0x05, 0x63, 0xb3, 0x75, 0x03, 0xe1, 0x7d, 0xee, 0x99, 0xbb, 0x3d, 0xc5, 0xf8, 0x80, 0x0f, 0x47, 
    0xc2, 0x84, 0xb1, 0x0d, 0xfc, 0xcb, 0xd7, 0xda, 0xdd, 0x9a, 0x14, 0x60, 0x0c, 0x7f, 0x18, 0xb9, 
    0x36, 0x1e, 0x46, 0x7d, 0xc9, 0x0e, 0x58, 0xfe, 0x36, 0x14, 0x9f, 0x36, 0x1c, 0x65, 0xf3, 0xd9, 
    0x46, 0x2f, 0x13, 0x99, 0x1e, 0x26, 0xdb, 0x3a, 0x91, 0x0e, 0x77, 0xd1, 0xc6, 0x90, 0x8e, 0x24, 
    0x0c, 0x13, 0x6d, 0x7c, 0xc8, 0xd3, 0xb7, 0x24, 0x79, 0xe8, 0xea, 0xf2, 0x61, 0xfb, 0xdf, 0xea, 
    0xb1, 0xe3, 0xd8, 0x14, 0x96, 0xf4, 0x62, 0x14, 0x5d, 0x7e, 0x0f, 0x5e, 0x78, 0x8a, 0x6e, 0xcc, 
    0xc5, 0x3f, 0xf9, 0x70, 0x33, 0x09, 0x55, 0xc9, 0x64, 0x72, 0x6d, 0x5d, 0x3c, 0xe8, 0x5d, 0xda, 
    0x35, 0x6e, 0x21, 0x63, 0x98, 0xa3, 0x2d, 0x50, 0xd1, 0x49, 0x41, 0x14, 0x69, 0x12, 0x20, 0xf6, 
    0x4f, 0x82, 0x90, 0x9f, 0x08, 0x21, 0xdf, 0x17, 0x2c, 0xd2, 0x41, 0xa3, 0x8b, 0x2f, 0x43, 0xe4, 
    0x6e, 0x5d, 0x94, 0x18, 0x63, 0xa5, 0x30, 0x35, 0x93, 0xc0, 0xa9, 0x49, 0xbe, 0x0e, 0xb3, 0x9c, 
    0x71, 0x27, 0x60, 0x55, 0xbe, 0x81, 0xa2, 0x29, 0x35, 0x28, 0x5f, 0x38, 0x86, 0x01, 0x5b, 0x78, 
    0xdf, 0x44, 0xf4, 0x94, 0xd9, 0x8b, 0xb6, 0xbb, 0x85, 0xbf, 0x3d, 0xbe, 0x71, 0x04, 0xa9, 0x63, 
    0xdd, 0xbc, 0x0a, 0x43, 0x5c, 0x75, 0x6f, 0x34, 0x4e, 0xc4, 0x3b, 0x47, 0x26, 0xb0, 0xc4, 0xaf, 
    0x8e, 0x23, 0x3b, 0x67, 0x3d, 0x85, 0x77, 0xdf, 0xa3, 0xdb, 0x3f, 0x01, 0xa4, 0x97, 0xd4, 0xe6, 
    0xac, 0xbd, 0x2b, 0xb8, 0x78, 0x27, 0x2d, 0xa6, 0x56, 0x87, 0x31, 0xbd, 0x86, 0x09, 0xa0, 0x66, 
    0x09, 0xd7, 0x78, 0xd5, 0x51, 0xbe, 0xe0, 0x24, 0x41, 0xe8, 0xb1, 0xac, 0x63, 0xbb, 0x41, 0xc1, 
    0xf1, 0xea, 0x8b, 0x0d, 0x81, 0xc3, 0x36, 0xec, 0xf9, 0x8a, 0x9c, 0x37, 0x2b, 0xda, 0x4c, 0x61, 
    0x0b, 0x10, 0xd8, 0x83, 0xea, 0x2b, 0xa7, 0xc3, 0x1b, 0xe0, 0xb0, 0x72, 0x42, 0xb3, 0xcc, 0x95, 
    0x2d, 0x24, 0x8f, 0xc4, 0x11, 0xdf, 0xdd, 0x81, 0xf8, 0xbe, 0x4e, 0x64, 0x3a, 0x93, 0xec, 0xcd, 
    0x03, 0xf5, 0x18, 0x5f, 0xb6, 0x8e, 0x16, 0xe1, 0xd8, 0xb1, 0x42, 0x9e, 0x01, 0x75, 0x38, 0xdc, 
    0x73, 0x08, 0x4e, 0xa2, 0x39, 0x4c, 0x0e, 0x9a, 0x80, 0x62, 0xb2, 0x86, 0x09, 0x78, 0x87, 0x16, 
    0xa7, 0x32, 0x01, 0xd3, 0x98, 0x00, 0x55, 0xf6, 0x4d, 0x02, 0xd7, 0xba, 0xb1, 0x62, 0xfe, 0xb2, 
    0x77, 0xec, 0x60, 0x90, 0x40, 0x21, 0x67, 0x29, 0x5e, 0x70, 0xc4, 0x4b, 0x9b, 0x55, 0xb3, 0x0d, 
    0xbe, 0xe1, 0x3e, 0x0c, 0x59, 0xc2, 0xbd, 0x6b, 0x84, 0x66, 0xa9, 0x4a, 0xda, 0x54, 0x47, 0x02, 
    0xdd, 0x7b, 0x23, 0x88, 0xbd, 0xa7, 0xf3, 0xa1, 0x9b, 0xbd, 0xf8, 0x74, 0x13, 0x29, 0x41, 0x34, 
    0x44, 0xe1, 0xfc, 0xf5, 0x28, 0x19, 0xe7, 0x57, 0x65, 0x8c, 0xb1, 0x75, 0xdf, 0x04, 0x68, 0x29, 
    0xb4, 0x92, 0x03, 0x26, 0x80, 0x12, 0x51, 0x44, 0x56, 0xdf, 0x16, 0xbc, 0xe4, 0x39, 0x2f, 0x77, 
    0xc5, 0xf0, 0xb2, 0x2e, 0xcc, 0xab, 0x6b, 0x83, 0x87, 0xef, 0xe8, 0x6a, 0xe0, 0x24, 0x41, 0x18, 
    0x2c, 0x11, 0x82, 0xf1, 0x07, 0x80, 0x04, 0xda, 0xe0, 0x8c, 0x6b, 0x84, 0x84, 0x62, 0x12, 0x2f, 
    0x48, 0x9f, 0xe5, 0x3f, 0xca, 0xfb, 0xd2, 0x7b, 0xa8, 0xb8, 0xb0, 0x01, 0x85, 0xf5, 0x41, 0x36, 
    0x55, 0x90, 0xdf, 0x0a, 0xf1, 0x3b, 0xf0, 0xf8, 0xbb, 0x21, 0xc4, 0xde, 0x0f, 0x23, 0xd5, 0x6e, 
    0x8b, 0x4e, 0x76, 0xfb, 0x11, 0x39, 0x52, 0x81, 0x68, 0xa4, 0x90, 0xbe, 0xdb, 0x5c, 0x45, 0xf7, 
    0xfe, 0x74, 0x42, 0xd6, 0xc6, 0xee, 0xc4, 0x04, 0xf3, 0x20, 0x94, 0x44, 0xf2, 0xed, 0x9b, 0x23, 
    0xff, 0xf7, 0x05, 0x86, 0xda, 0xc8, 0xde, 0x87, 0x20, 0xa1, 0xb2, 0x94, 0x29, 0x01, 0x55, 0xbf, 
    0x0c, 0x5e, 0xfc, 0x88, 0x1f, 0xde, 0xb9, 0xc5, 0xfc, 0x02, 0x74, 0x51, 0xfd, 0x21, 0x23, 0x3e, 
    0x3f, 0x09, 0x2c, 0x99, 0x0e, 0x4a, 0x82, 0x20, 0xdf, 0x89, 0xe5, 0x23, 0xbf, 0xec, 0x69, 0xa8, 
    0x86, 0xab, 0xd8, 0xcf, 0xdb, 0x57, 0x21, 0xbc, 0x0d, 0x35, 0xac, 0x54, 0x2d, 0x13, 0xc1, 0xbf, 
    0xe6, 0x0f, 0xef, 0x40, 0xc9, 0xa6, 0x16, 0x74, 0x1f, 0xd8, 0x08, 0x97, 0x3f, 0x8c, 0xda, 0xaf, 
    0x4d, 0x40, 0xa6, 0x9b, 0xdf, 0xfd, 0x37, 0x85, 0xd1, 0xb5, 0x37, 0x8a, 0xee, 0x7d, 0x11, 0x36, 
    0xe2, 0x39, 0x97, 0x2c, 0x44, 0xfc, 0x58, 0x39, 0xe2, 0xd1, 0x62, 0x24, 0xf8, 0x0b, 0xb2, 0x84, 
    0xea, 0x9b, 0x61, 0x59, 0xa6, 0x8a, 0xe2, 0x99, 0x00, 0x5a, 0xf9, 0xc2, 0xce, 0xf0, 0x54, 0xa6, 
    0xc4, 0xc7, 0x37, 0xa0, 0xd4, 0x96, 0x5f, 0x44, 0x36, 0x2c, 0x63, 0xe8, 0x28, 0x39, 0x68, 0x02, 
    0x0a, 0xc9, 0xca, 0x95, 0xb8, 0xf0, 0x86, 0xb2, 0xa0, 0xff, 0x87, 0xf4, 0x71, 0xde, 0xc8, 0x66, 
    0x54, 0xf2, 0x65, 0x48, 0x5a, 0x79, 0xce, 0xd1, 0xda, 0x42, 0x95, 0x88, 0xfc, 0xd5, 0x20, 0x28, 
    0x2e, 0xb8, 0x4a, 0x8a, 0x51, 0x34, 0x7f, 0x3c, 0xbc, 0xa3, 0x6b, 0xe0, 0x3b, 0x75, 0x14, 0xdc, 
    0xb5, 0x15, 0x8c, 0xb2, 0x2d, 0x0f, 0x3e, 0xbb, 0xa3, 0x3a, 0xa8, 0xb5, 0x28, 0x98, 0x0c, 0x20, 
    0xd5, 0x76, 0x08, 0x6d, 0x3f, 0xbd, 0x0a, 0xfe, 0xfa, 0x52, 0x53, 0xd6, 0x32, 0x37, 0x28, 0x28, 
    0x41, 0x77, 0xb8, 0x04, 0xb1, 0x23, 0x65, 0x5c, 0xde, 0x05, 0x14, 0x98, 0x42, 0x26, 0x45, 0xb1, 
    0xac, 0x92, 0xaf, 0x6f, 0x86, 0x25, 0xb8, 0xef, 0xec, 0xc7, 0xb9, 0xa3, 0xdf, 0x0d, 0x4f, 0xa6, 
    0xc7, 0x5f, 0x52, 0x23, 0xdd, 0xf7, 0xdf, 0x89, 0x67, 0xef, 0xa6, 0xdb, 0x4e, 0x9a, 0x1f, 0xe7, 
    0xf3, 0xa1, 0xb2, 0x46, 0xe5, 0x27, 0xcb, 0xbf, 0x86, 0x39, 0xb3, 0xa6, 0x05, 0x6b, 0x9e, 0xa0, 
    0xcf, 0x83, 0xb0, 0x1d, 0x13, 0xca, 0x79, 0x0e, 0x70, 0xdc, 0x6a, 0x60, 0x5b, 0x7b, 0x35, 0x08, 
    0xd2, 0x23, 0x71, 0xba, 0x80, 0xa7, 0x26, 0x80, 0xd2, 0x2b, 0xcf, 0x80, 0x7f, 0xd6, 0x58, 0x36, 
    0x2a, 0x60, 0xa5, 0x43, 0x09, 0x77, 0xac, 0xc7, 0xa6, 0xae, 0x60, 0x56, 0x01, 0xc1, 0xd9, 0x97, 
    0x84, 0xd0, 0x43, 0x77, 0x20, 0xbe, 0xe5, 0x39, 0xfa, 0xbc, 0x56, 0x65, 0x15, 0xfc, 0x33, 0xce, 
    0x40, 0xf1, 0x9c, 0x79, 0x28, 0x18, 0x31, 0x9c, 0xd5, 0x49, 0xb4, 0x3f, 0xdb, 0x88, 0x43, 0x8f, 
    0x6c, 0x41, 0xbc, 0x25, 0x9c, 0x4d, 0x40, 0xbe, 0x78, 0x32, 0x3b, 0xfb, 0xba, 0x9a, 0xd0, 0xc6, 
    0x87, 0xa0, 0xe6, 0xec, 0x43, 0xd0, 0xdb, 0x91, 0x96, 0x25, 0x8f, 0xe2, 0xb5, 0x37, 0xe8, 0x86, 
    0xc8, 0xee, 0xec, 0x27, 0xe7, 0xa0, 0x32, 0x47, 0x04, 0x8e, 0x12, 0xa5, 0xe4, 0xb0, 0xdb, 0x82, 
    0x8b, 0x79, 0x0e, 0xa0, 0x66, 0x48, 0x51, 0x17, 0xce, 0x1a, 0x61, 0x6f, 0x03, 0x37, 0xbf, 0x95, 
    0x75, 0x1a, 0x2a, 0x11, 0x5a, 0x01, 0xf2, 0x85, 0xa2, 0x39, 0xa3, 0x50, 0xf1, 0x93, 0xf3, 0x19, 
    0x2c, 0x20, 0x7d, 0x6c, 0x20, 0x2b, 0xe6, 0xfb, 0xbc, 0xa2, 0xb1, 0xea, 0x4c, 0xe6, 0x7a, 0x73, 
    0x8f, 0x47, 0x43, 0x38, 0x72, 0xcb, 0x32, 0xf8, 0x26, 0x4e, 0x47, 0xe1, 0x8c, 0x33, 0xc9, 0x59, 
    0x0c, 0x27, 0xa9, 0x86, 0x53, 0xca, 0x6f, 0x8b, 0xf3, 0xfd, 0x9d, 0xd7, 0xfd, 0x01, 0xe1, 0xb7, 
    0xf6, 0x18, 0xf1, 0x69, 0xd3, 0x9b, 0x36, 0x2b, 0x5e, 0xbe, 0x83, 0x77, 0xc3, 0xa7, 0x70, 0x15, 
    0x14, 0x32, 0x4d, 0xa9, 0xa6, 0x9b, 0x22, 0x1b, 0x96, 0x32, 0x74, 0x88, 0xec, 0x20, 0x13, 0xd2, 
    0xd1, 0x17, 0x1a, 0x0d, 0x47, 0x88, 0x12, 0xb2, 0xf6, 0x96, 0xe0, 0xc2, 0x3b, 0xb8, 0x90, 0xd5, 
    0x89, 0xdb, 0x60, 0x3f, 0x02, 0x85, 0x29, 0xd3, 0xc0, 0xc5, 0x26, 0x12, 0x6f, 0xfb, 0xa4, 0xf1, 
    0x3d, 0xa8, 0x7b, 0xf0, 0x8b, 0xf0, 0xd4, 0x56, 0x32, 0x40, 0x81, 0x6e, 0x8a, 0xce, 0x09, 0xa7, 
    0xcd, 0xc5, 0x64, 0x49, 0x59, 0x43, 0x76, 0x16, 0x2c, 0x7e, 0x67, 0x13, 0x6d, 0x87, 0xbb, 0x98, 
    0x3b, 0xd0, 0x08, 0x25, 0xf9, 0x5c, 0x60, 0xac, 0x44, 0x9b, 0x98, 0x2c, 0xc9, 0x58, 0xf7, 0xa1, 
    0x23, 0x78, 0xf3, 0x4b, 0x0f, 0x19, 0xb1, 0x12, 0x2d, 0xf1, 0x8e, 0xef, 0x40, 0xfb, 0x5e, 0xfb, 
    0x5f, 0x88, 0x21, 0xfe, 0xc4, 0xad, 0x91, 0x8d, 0x2b, 0xe9, 0xea, 0x0e, 0xd0, 0x49, 0xf6, 0x7e, 
    0x1d, 0xce, 0x42, 0x31, 0x8d, 0xa8, 0x88, 0x1c, 0xf2, 0x2d, 0xcc, 0x59, 0x30, 0x3e, 0x58, 0xf3, 
    0x5f, 0xf4, 0x31, 0xa2, 0x2c, 0x82, 0x19, 0x95, 0x2d, 0x70, 0x7b, 0x29, 0x9e, 0x65, 0x35, 0x74, 
    0x33, 0x11, 0x1a, 0xbf, 0x7c, 0xb1, 0xfe, 0xd1, 0xe5, 0xdc, 0xfb, 0xcc, 0x9d, 0x11, 0x2a, 0x52, 
    0xa0, 0xe3, 0x1b, 0xd1, 0xb2, 0xa4, 0xe2, 0xc6, 0xcf, 0x5a, 0xc1, 0x88, 0xcb, 0x8a, 0xa4, 0x40, 
    0x5b, 0x28, 0xe9, 0xc4, 0x4c, 0xb9, 0xc7, 0x4f, 0x47, 0xa2, 0x78, 0xe5, 0xa2, 0xdf, 0x64, 0x45, 
    0xb3, 0xac, 0x30, 0x7d, 0x67, 0xe9, 0x0b, 0xfb, 0x12, 0x0d, 0x38, 0x16, 0xe7, 0x84, 0x10, 0xef, 
    0x47, 0xda, 0xbe, 0xf9, 0x10, 0x5e, 0xf9, 0x23, 0xdd, 0xa3, 0x64, 0x9c, 0xec, 0xff, 0x85, 0x08, 
    0xa1, 0x98, 0xf4, 0xf9, 0xc9, 0x32, 0x72, 0xd8, 0xea, 0xe0, 0xc5, 0x0f, 0x17, 0xc0, 0x7b, 0x2a, 
    0x7d, 0xcc, 0xd7, 0x2a, 0xf0, 0x76, 0xc1, 0x08, 0xe7, 0x3a, 0x51, 0x43, 0x75, 0xd0, 0x8a, 0x90, 
    0xad, 0xbb, 0xf9, 0x3c, 0x14, 0xcf, 0x1e, 0xcb, 0x00, 0x45, 0x39, 0x42, 0x1d, 0x6b, 0x62, 0xb2, 
    0x79, 0x74, 0xf3, 0x22, 0x26, 0xdf, 0x42, 0x9a, 0x0a, 0xb8, 0x9e, 0x8d, 0xc8, 0x2c, 0x1d, 0xf1, 
    0xc6, 0xcf, 0xb7, 0x09, 0x1c, 0xdd, 0xbc, 0x0b, 0xdb, 0x57, 0x3e, 0xc9, 0x5e, 0x9c, 0x79, 0x86, 
    0xd8, 0xbb, 0x97, 0xf8, 0xfc, 0xd9, 0xef, 0x42, 0xea, 0xb5, 0x55, 0x91, 0x0d, 0xd7, 0xd0, 0x6d, 
    0x26, 0xc3, 0x64, 0x37, 0x39, 0xe0, 0x57, 0x62, 0x82, 0x74, 0x71, 0x74, 0x66, 0x1b, 0xd4, 0x5c, 
    0x86, 0x99, 0xa7, 0x9d, 0x1e, 0x1c, 0xf9, 0xdf, 0xf4, 0x51, 0x53, 0x14, 0xc1, 0x69, 0x55, 0x5a, 
    0x05, 0x1c, 0x3f, 0xcb, 0x12, 0xde, 0xe3, 0xf3, 0x09, 0x6a, 0xea, 0x30, 0x8c, 0xb8, 0x63, 0x31, 
    0xaf, 0xe0, 0x63, 0x80, 0x97, 0x10, 0x7b, 0xf9, 0xa4, 0x32, 0xe7, 0x50, 0xe2, 0x7b, 0x1d, 0x82, 
    0x94, 0xc1, 0x47, 0xe2, 0x1c, 0x4d, 0x02, 0xb2, 0x94, 0x4a, 0x59, 0x91, 0x7e, 0xe3, 0x8f, 0xfe, 
    0x07, 0x47, 0xb7, 0xed, 0x96, 0xab, 0x5e, 0xbd, 0xc4, 0x0b, 0x7b, 0x12, 0xe3, 0x10, 0xe6, 0x0f, 
    0xa5, 0xc2, 0x9b, 0x91, 0xfd, 0xcb, 0x1e, 0xc3, 0xd6, 0xbf, 0xd0, 0x75, 0x96, 0x3f, 0x2f, 0x32, 
    0x78, 0x02, 0x14, 0xe7, 0xc8, 0x78, 0x72, 0xf0, 0x76, 0x48, 0x0e, 0xbb, 0x39, 0xb8, 0xe8, 0xf6, 
    0x12, 0x78, 0x16, 0xd0, 0xc7, 0xe9, 0xd5, 0xfb, 0x31, 0xa4, 0x50, 0xab, 0x80, 0x0d, 0xa9, 0x41, 
    0x8d, 0x8d, 0xcf, 0x64, 0xe8, 0xff, 0xb0, 0x15, 0xe7, 0xa0, 0xec, 0xdc, 0x29, 0x0c, 0x48, 0x2c, 
    0x69, 0x44, 0x8b, 0xac, 0xcc, 0x51, 0x97, 0x27, 0x5d, 0x76, 0x4f, 0x1b, 0x94, 0xc0, 0x87, 0x1d, 
    0x23, 0x87, 0xe7, 0x81, 0x49, 0x40, 0x8e, 0x1c, 0x6f, 0x5e, 0x32, 0x5a, 0x9e, 0x69, 0xc4, 0x8e, 
    0xdb, 0xd7, 0x0f, 0x2a, 0x3e, 0x9a, 0xf7, 0xf6, 0xc7, 0x57, 0xa6, 0x17, 0x57, 0x47, 0x9e, 0xfe, 
    0x19, 0xdd, 0x66, 0xf2, 0x18, 0xc9, 0x37, 0x26, 0xbb, 0x9b, 0xf3, 0xc9, 0x7d, 0xa1, 0xb8, 0xe8, 
    0x23, 0x03, 0xa4, 0x56, 0xc1, 0x8c, 0x99, 0x81, 0x91, 0xff, 0xe1, 0x76, 0xa1, 0xd8, 0xcb, 0x9d, 
    0x36, 0xb7, 0x6e, 0x37, 0xfc, 0xde, 0x14, 0x1b, 0xd9, 0x4b, 0xdf, 0x68, 0x92, 0xcd, 0xb2, 0x66, 
    0xd9, 0x3f, 0xa0, 0x7a, 0xd9, 0x99, 0x2c, 0x14, 0x90, 0xaa, 0xcc, 0xa7, 0x84, 0x93, 0x4a, 0x9b, 
    0x49, 0x40, 0x1e, 0x4c, 0x02, 0x48, 0x93, 0x00, 0x51, 0xe2, 0xf3, 0x99, 0xc4, 0xfb, 0xff, 0xfa, 
    0x3c, 0xf6, 0xfd, 0xe1, 0xd5, 0x41, 0xc5, 0xa7, 0x39, 0xec, 0x9d, 0xbc, 0xef, 0xa7, 0x39, 0x36, 
    0xbe, 0x26, 0xc4, 0xb6, 0x46, 0xf7, 0xff, 0x23, 0x67, 0x7f, 0x2b, 0xab, 0xda, 0xc8, 0x28, 0xc9, 
    0x9e, 0xa6, 0xdb, 0xa0, 0x09, 0x10, 0x54, 0xa7, 0x51, 0x6a, 0x15, 0x54, 0x90, 0x75, 0xd7, 0x61, 
    0xc1, 0xd7, 0x86, 0x06, 0x83, 0xd7, 0xd1, 0xe7, 0x17, 0xa5, 0x09, 0x9c, 0x56, 0xbe, 0x17, 0x05, 
    0x26, 0x09, 0x6a, 0x9c, 0x4d, 0x04, 0x29, 0xc8, 0xfa, 0x46, 0x94, 0x62, 0xd8, 0x77, 0xe6, 0xa1, 
    0x74, 0xce, 0x04, 0x06, 0x24, 0x5c, 0xe4, 0x25, 0x8d, 0x68, 0xc7, 0xaa, 0x65, 0x3e, 0x38, 0x2e, 
    0x93, 0x04, 0x4a, 0x93, 0xcd, 0x4b, 0xc2, 0x61, 0xce, 0xfa, 0x07, 0x6b, 0xb6, 0x20, 0xb6, 0xb7, 
    0x4d, 0x29, 0x32, 0x64, 0xeb, 0x5e, 0x90, 0xf8, 0xdd, 0xfc, 0x06, 0x58, 0xb7, 0x3d, 0xa1, 0x25, 
    0x12, 0xb9, 0xf7, 0x5e, 0xbc, 0xf8, 0xa8, 0x5c, 0xb2, 0xd7, 0xec, 0x93, 0xfd, 0x3e, 0x3d, 0x1f, 
    0xaa, 0x13, 0x7d, 0x64, 0x09, 0x59, 0x45, 0x0e, 0xbd, 0x39, 0x78, 0xd1, 0xaa, 0x12, 0xf8, 0xe6, 
    0x83, 0x18, 0x5a, 0x14, 0xc6, 0xe4, 0xf2, 0x66, 0xd3, 0xc8, 0xd0, 0xcb, 0x3f, 0x84, 0xf1, 0x49, 
    0xb3, 0x1f, 0x08, 0x4f, 0xb0, 0x10, 0x43, 0x16, 0xf2, 0x07, 0x96, 0x69, 0x23, 0x10, 0x9c, 0x3e, 
    0x1a, 0xee, 0x92, 0x42, 0x36, 0x90, 0x78, 0xd2, 0xec, 0x7f, 0x51, 0xe0, 0x98, 0xcc, 0x39, 0x40, 
    0x69, 0x14, 0x9f, 0x8e, 0xc6, 0x11, 0xda, 0xd6, 0x84, 0xd0, 0xd6, 0xbd, 0x38, 0xf4, 0xcc, 0x76, 
    0x24, 0x22, 0x1d, 0x66, 0xd6, 0x59, 0x6b, 0x38, 0x10, 0xf6, 0xf3, 0xd4, 0x6f, 0xcf, 0x9e, 0xfa, 
    0x9d, 0x48, 0xbc, 0xb4, 0x3a, 0xf2, 0xcc, 0x2a, 0xd8, 0xe2, 0x8f, 0x90, 0x51, 0x92, 0x7b, 0x48, 
    0x1f, 0x64, 0x98, 0xfb, 0xe4, 0xc1, 0xa0, 0x7a, 0x4e, 0x15, 0x74, 0x47, 0x28, 0x25, 0x6b, 0x44, 
    0xbe, 0x23, 0xdc, 0xcb, 0x77, 0x04, 0x6e, 0x72, 0x3e, 0x28, 0x30, 0x09, 0x93, 0xca, 0xf7, 0xb1, 
    0xa1, 0x2d, 0x56, 0x1d, 0x44, 0xc1, 0x58, 0x3b, 0xdc, 0x03, 0x4e, 0x66, 0x41, 0x5d, 0x19, 0xfc, 
    0x43, 0x4b, 0x51, 0x3c, 0xae, 0x06, 0x9e, 0x12, 0x5d, 0xda, 0x65, 0x8f, 0x86, 0x13, 0x93, 0xe2, 
    0xb7, 0x39, 0xd1, 0x77, 0x5a, 0x11, 0x3b, 0xc4, 0x67, 0x7f, 0x52, 0x42, 0x55, 0x97, 0x49, 0xf0, 
    0xa4, 0x97, 0x25, 0x55, 0x1e, 0x08, 0xf9, 0xe2, 0xf9, 0xcc, 0xbf, 0x83, 0xcf, 0xfc, 0x5a, 0xad, 
    0xad, 0x59, 0x76, 0x90, 0x3a, 0xf9, 0x73, 0xb3, 0x2f, 0x98, 0x31, 0x7e, 0x08, 0x38, 0x4d, 0x46, 
    0x46, 0x21, 0x59, 0x41, 0x56, 0xcf, 0xc3, 0xf0, 0xd1, 0x0b, 0x83, 0xd3, 0xef, 0xe6, 0xad, 0xb1, 
    0x9e, 0x65, 0xde, 0x19, 0xc2, 0x18, 0x13, 0x68, 0xce, 0x6d, 0x07, 0x21, 0x3f, 0x21, 0xf9, 0xb0, 
    0x48, 0x1b, 0x29, 0xe3, 0x8b, 0x02, 0x57, 0xb8, 0xf1, 0x45, 0x47, 0xa4, 0x28, 0xe1, 0xc6, 0x66, 
    0x39, 0x10, 0xb4, 0xec, 0x9b, 0x13, 0xc3, 0x73, 0xe2, 0x93, 0x48, 0xed, 0xdd, 0x18, 0x79, 0xeb, 
    0x86, 0xcd, 0x38, 0xb8, 0x07, 0xf6, 0xbe, 0x77, 0x96, 0x3e, 0x3f, 0xa5, 0xf7, 0x65, 0xfa, 0x8e, 
    0x6f, 0x20, 0xa8, 0x8d, 0x9b, 0xe4, 0x69, 0xc6, 0xb7, 0x8a, 0x6c, 0x12, 0x96, 0xe3, 0x1f, 0x66, 
    0x4d, 0x08, 0xd6, 0x5c, 0xef, 0x24, 0xa1, 0x84, 0x8f, 0xca, 0xa7, 0x04, 0x9a, 0x28, 0x3b, 0x3f, 
    0x09, 0x83, 0xc3, 0x22, 0x05, 0xd9, 0xfe, 0xa4, 0x68, 0x2e, 0x75, 0xf9, 0x1a, 0xad, 0xac, 0x38, 
    0x10, 0x24, 0x3e, 0x7f, 0xcf, 0x4b, 0xfc, 0xbb, 0x91, 0xd6, 0x7b, 0x1e, 0xc1, 0x1b, 0xaf, 0xb3, 
    0xe8, 0x88, 0x8f, 0x91, 0x5a, 0xfa, 0xce, 0xe5, 0x72, 0x38, 0xde, 0x18, 0xf3, 0xa1, 0x76, 0xda, 
    0x0a, 0x4a, 0x42, 0x09, 0xa9, 0x54, 0x57, 0x9f, 0x85, 0x91, 0x23, 0xce, 0x0d, 0x7e, 0xee, 0x17, 
    0xdc, 0x0e, 0x93, 0x59, 0x66, 0x83, 0x14, 0x26, 0x94, 0x35, 0xa1, 0xcc, 0xa7, 0x64, 0xdb, 0x50, 
    0xc7, 0xbe, 0x70, 0x46, 0x90, 0x6f, 0xf3, 0x45, 0xf7, 0xe5, 0x60, 0xd0, 0xad, 0x6e, 0x4f, 0xbc, 
    0x81, 0x49, 0xb0, 0x57, 0x1b, 0x97, 0xfd, 0xce, 0x17, 0x22, 0x6f, 0xff, 0x72, 0x13, 0xf6, 0x1f, 
    0x60, 0xb1, 0x8d, 0x6c, 0x27, 0x9d, 0x7b, 0x7e, 0xaf, 0xa5, 0xef, 0x60, 0xa0, 0xf1, 0x0d, 0x06, 
    0xb5, 0x55, 0x12, 0x74, 0x28, 0x06, 0x48, 0xad, 0x84, 0x2a, 0xb2, 0xe2, 0x96, 0xe0, 0x45, 0x3f, 
    0x29, 0x86, 0xef, 0x2c, 0xfa, 0x06, 0xe5, 0xdc, 0x12, 0xa3, 0x7c, 0xcd, 0xf0, 0xfb, 0x94, 0x78, 
    0x07, 0xea, 0x46, 0x85, 0x59, 0x48, 0xac, 0xe0, 0x8c, 0x48, 0x36, 0x9f, 0xc7, 0x83, 0x9e, 0xf0, 
    0x9a, 0x13, 0xa3, 0x72, 0x0f, 0x39, 0x42, 0x0c, 0x89, 0x4d, 0xb7, 0x46, 0x9e, 0xf9, 0x35, 0xdd, 
    0x63, 0xe4, 0x11, 0x52, 0x36, 0x4a, 0xea, 0x93, 0x06, 0x14, 0x2f, 0x48, 0xd4, 0xc9, 0x40, 0x5b, 
    0x41, 0xd4, 0xc9, 0x55, 0x42, 0x96, 0x93, 0x5a, 0x0d, 0x15, 0x3f, 0xc4, 0x82, 0x4b, 0xea, 0x02, 
    0xc1, 0x2b, 0xf4, 0x9c, 0xc0, 0xb2, 0xc1, 0x90, 0x22, 0x7e, 0x9b, 0xec, 0x3b, 0xcc, 0xe1, 0xe6, 
    0x27, 0xc2, 0x86, 0x33, 0x1a, 0x59, 0xf1, 0x44, 0x20, 0xe1, 0x87, 0xf3, 0xf6, 0xba, 0xa0, 0xfb, 
    0xfc, 0xa1, 0x68, 0xe4, 0xb7, 0xfc, 0xc5, 0xf7, 0x29, 0x16, 0x25, 0x5a, 0xb3, 0x1e, 0x22, 0x35, 
    0xf3, 0x3a, 0xf4, 0x32, 0x59, 0x0e, 0x88, 0x93, 0x4d, 0x80, 0xa0, 0x04, 0x88, 0x9a, 0x52, 0x89, 
    0x2d, 0x23, 0xb5, 0x1a, 0x2a, 0x2e, 0xc5, 0xb4, 0xb1, 0x9f, 0x0b, 0x0e, 0xff, 0x7a, 0x00, 0x05, 
    0xf3, 0x58, 0xce, 0xa1, 0x88, 0xe7, 0x4f, 0x45, 0x51, 0x1b, 0x02, 0xbe, 0x28, 0xfd, 0xfe, 0xc9, 
    0x38, 0x1e, 0xf4, 0x65, 0x46, 0x34, 0x11, 0xe0, 0x0b, 0x4d, 0x35, 0x7d, 0x7b, 0x9f, 0x3b, 0x88, 
    0x22, 0xb9, 0xf9, 0xed, 0xc8, 0xc1, 0x47, 0xd7, 0xa3, 0x71, 0x37, 0x8b, 0xc7, 0xb2, 0x0c, 0x93, 
    0xfa, 0x10, 0xcd, 0xbc, 0x84, 0x8b, 0x83, 0xe2, 0xa3, 0x24, 0x40, 0x50, 0x02, 0x44, 0x9d, 0x09, 
    0x45, 0x64, 0x90, 0x2c, 0xcf, 0x32, 0xb8, 0x08, 0x53, 0xeb, 0x67, 0x06, 0x46, 0x7c, 0xb3, 0xd8, 
    0xe5, 0x9b, 0xc9, 0x72, 0x2f, 0xf8, 0x38, 0x2e, 0x5f, 0x51, 0x37, 0x97, 0x4f, 0x84, 0x25, 0xed, 
    0xa9, 0x34, 0x2f, 0x60, 0x9f, 0x19, 0x12, 0x98, 0x66, 0x44, 0xe8, 0xe4, 0x25, 0x13, 0x71, 0xbf, 
    0x5a, 0xb3, 0xd4, 0x1b, 0x31, 0x2b, 0xb1, 0x75, 0x6b, 0xf4, 0xc0, 0x9a, 0xa7, 0xf1, 0xd7, 0xbd, 
    0x2c, 0xea, 0x42, 0xa1, 0x2c, 0xe5, 0xeb, 0x2d, 0x4f, 0x7b, 0x5e, 0xc2, 0xc5, 0xe3, 0xc2, 0x45, 
    0x7e, 0x54, 0xa8, 0xaf, 0x46, 0xeb, 0x25, 0x35, 0x4a, 0x6d, 0x89, 0xd2, 0x3c, 0x96, 0x7c, 0x03, 
    0xb3, 0x26, 0xd5, 0x07, 0xca, 0x16, 0x14, 0xc1, 0x37, 0xb9, 0xc0, 0xe5, 0x1d, 0xc5, 0xd8, 0x47, 
    0x46, 0xd2, 0x4a, 0xed, 0x8b, 0x23, 0xb1, 0x73, 0x6f, 0x34, 0xfc, 0xe2, 0xef, 0xf1, 0xfa, 0x2e, 
    0x86, 0xb4, 0xc4, 0x3b, 0xf2, 0xa8, 0xb2, 0x66, 0x5d, 0xb7, 0xba, 0x34, 0x79, 0x42, 0x3b, 0x4b, 
    0x22, 0x3e, 0x0e, 0xd4, 0x5f, 0x2b, 0x41, 0x89, 0xd0, 0x6a, 0xd0, 0x1a, 0xd5, 0xb6, 0x08, 0x90, 
    0x4a, 0x82, 0xac, 0x56, 0x88, 0xff, 0x12, 0x4c, 0x1b, 0x36, 0x11, 0x43, 0x66, 0x15, 0x07, 0xfc, 
    0x53, 0x3c, 0x2e, 0x37, 0xbf, 0x16, 0xf5, 0x4e, 0x62, 0x7c, 0x50, 0xf0, 0x44, 0xdf, 0x95, 0xb6, 
    0x32, 0xb1, 0x58, 0xb4, 0x7b, 0xc7, 0x3b, 0x38, 0xfa, 0xfa, 0x53, 0x68, 0x6c, 0x36, 0x61, 0x7b, 
    0x86, 0x75, 0xb8, 0x49, 0xb4, 0xac, 0x96, 0x7b, 0x17, 0xa9, 0x59, 0x97, 0xf0, 0x0c, 0x79, 0x42, 
    0xe2, 0x05, 0x09, 0xf8, 0xb8, 0xd0, 0x35, 0xc4, 0xbe, 0x89, 0x90, 0x70, 0xad, 0x0a, 0x51, 0xbe, 
    0x62, 0x3a, 0x3c, 0x55, 0xaf, 0x76, 0xa2, 0x7b, 0x0e, 0x46, 0x94, 0x4c, 0xc2, 0x88, 0xd1, 0x20, 
    0x76, 0xe1, 0xc0, 0x9e, 0x3f, 0xe3, 0x80, 0x66, 0x52, 0x22, 0xd2, 0x59, 0x4a, 0x98, 0x84, 0x4b, 
    0xa4, 0xc4, 0xab, 0x5e, 0x94, 0xaf, 0x98, 0xea, 0xd5, 0x4e, 0x7d, 0x24, 0x5c, 0x3c, 0x61, 0x68, 
    0xe0, 0x9f, 0x14, 0x74, 0x2d, 0x51, 0x89, 0xd0, 0xb6, 0x10, 0x7d, 0xa4, 0x44, 0x3b, 0x74, 0x92, 
    0xa0, 0xb8, 0xea, 0x4d, 0x12, 0x48, 0xf5, 0x13, 0x34, 0x78, 0x09, 0x91, 0x20, 0x2d, 0x65, 0x2d, 
    0x69, 0x47, 0xbc, 0xac, 0x43, 0xc5, 0x55, 0x2f, 0xaa, 0xbd, 0xfa, 0x89, 0x27, 0x0d, 0xe7, 0x83, 
    0x3f, 0x29, 0x38, 0xd7, 0x93, 0x95, 0x30, 0x09, 0x74, 0x28, 0xc1, 0x9a, 0x7d, 0x59, 0xd1, 0xa9, 
    0x97, 0x15, 0x05, 0x89, 0x11, 0x95, 0x00, 0x59, 0x09, 0x14, 0x35, 0xcb, 0xb2, 0x8a, 0x3b, 0x54, 
    0xbd, 0x23, 0xda, 0xb1, 0x27, 0x8d, 0xff, 0x07, 0xa7, 0xc6, 0xa7, 0x19, 0x6a, 0xf7, 0x7d, 0x19, 
    0x00, 0x00, 0x00, 0x00, 0x49, 0x45, 0x4e, 0x44, 0xae, 0x42, 0x60, 0x82, 
};

static const uint8_t ASSET_PROJECTILE_BOMB_PNG[] = {
    0x89, 0x50, 0x4e, 0x47, 0x0d, 0x0a, 0x1a, 0x0a, 0x00, 0x00, 0x00, 0x0d, 0x49, 0x48, 0x44, 0x52, 
    0x00, 0x00, 0x00, 0x40, 0x00, 0x00, 0x00, 0x40, 0x08, 0x06, 0x00, 0x00, 0x00, 0xaa, 0x69, 0x71, 
    0xde, 0x00, 0x00, 0x0d, 0xcb, 0x49, 0x44, 0x41, 0x54, 0x78, 0x9c, 0xed, 0x9a, 0x7b, 0x70, 0x54, 
    0xd5, 0x1d, 0xc7, 0xbf, 0x37, 0xe4, 0x1d, 0x1e, 0x09, 0x10, 0x4a, 0x68, 0x1c, 0x2e, 0x56, 0x40, 
    0x1c, 0x34, 0xb1, 0xb5, 0xd4, 0x16, 0xd0, 0xc5, 0x67, 0xa9, 0xed, 0x88, 0x33, 0x8e, 0x1d, 0xb5, 
    0x96, 0x30, 0xe3, 0x83, 0x19, 0xa6, 0x35, 0xda, 0xf6, 0x9f, 0xea, 0x28, 0x5a, 0xeb, 0xa8, 0x55, 
    0xa1, 0x8e, 0xed, 0x1f, 0x75, 0x46, 0xa0, 0xd3, 0x62, 0x1d, 0xad, 0x83, 0x03, 0x33, 0x0c, 0x0f, 
    0x65, 0xa3, 0x50, 0x15, 0xb5, 0x26, 0xe0, 0xc8, 0x63, 0xc4, 0x2c, 0x01, 0x45, 0xc3, 0x33, 0x6c, 
    0x78, 0x06, 0xb2, 0xfd, 0x7e, 0xcf, 0xee, 0x49, 0xce, 0xde, 0xec, 0x6e, 0x6e, 0x12, 0x18, 0xda, 
    0xb1, 0x1f, 0xf8, 0xe6, 0xf7, 0x3b, 0xbb, 0xf7, 0x71, 0xbe, 0xbf, 0x7b, 0xce, 0xb9, 0x77, 0x37, 
    0xf1, 0xf0, 0x35, 0xe7, 0xff, 0x05, 0xa0, 0xce, 0x19, 0x89, 0xd6, 0xa9, 0x8b, 0x18, 0xe0, 0x8d, 
    0xda, 0x30, 0x87, 0x21, 0x34, 0x89, 0x2b, 0x70, 0x2f, 0x4a, 0x50, 0x87, 0xa7, 0xa3, 0xb5, 0x6c, 
    0x02, 0xbf, 0x8e, 0x34, 0xe2, 0x18, 0x16, 0x7a, 0x6f, 0x61, 0x09, 0x5b, 0x7d, 0xc2, 0xa3, 0xce, 
    0x09, 0x89, 0xbd, 0x53, 0xeb, 0x19, 0x16, 0x50, 0xe2, 0x3e, 0xaf, 0x72, 0xc3, 0x42, 0xc6, 0x9c, 
    0x24, 0x22, 0x28, 0x47, 0x11, 0xd6, 0x61, 0x38, 0x6a, 0x31, 0x84, 0x2f, 0xfc, 0x26, 0x0a, 0xc3, 
    0x1f, 0x22, 0x40, 0x1c, 0xc0, 0x01, 0x34, 0xe2, 0x04, 0x66, 0x78, 0x51, 0x1c, 0x62, 0x2b, 0x14, 
    0xe7, 0xb0, 0x00, 0xd3, 0xa2, 0xfc, 0x79, 0x25, 0x0c, 0x5e, 0x83, 0x57, 0xb9, 0x3e, 0x82, 0x5e, 
    0x48, 0x5c, 0x8f, 0x8f, 0x30, 0x9a, 0xe6, 0x47, 0xb1, 0x51, 0x4e, 0xfd, 0x3c, 0x0a, 0xc3, 0x5f, 
    0x23, 0x30, 0x96, 0x5b, 0xa9, 0x2f, 0xd1, 0xe8, 0xad, 0xc2, 0xa5, 0xcc, 0x42, 0x71, 0x0e, 0x0b, 
    0x30, 0x35, 0xc1, 0xd0, 0x05, 0x47, 0x40, 0xce, 0xbe, 0x24, 0xa6, 0xa3, 0x1e, 0xd5, 0x1c, 0x31, 
    0xd5, 0x6c, 0x54, 0x51, 0x23, 0xa9, 0x99, 0x51, 0x18, 0x56, 0x46, 0x80, 0x7d, 0x00, 0xf6, 0x50, 
    0xbb, 0x8d, 0xe6, 0x78, 0x6f, 0x63, 0x31, 0x42, 0x90, 0xf3, 0xa4, 0x67, 0x13, 0xce, 0xff, 0x46, 
    0x9e, 0xbd, 0x86, 0x29, 0x1b, 0x68, 0xe2, 0x3a, 0x50, 0xcb, 0x2c, 0x8d, 0x05, 0xf5, 0xf5, 0xe5, 
    0x89, 0xce, 0xf8, 0xec, 0x84, 0x87, 0xc8, 0x9c, 0xe6, 0x57, 0xaf, 0xa9, 0x18, 0xdd, 0x36, 0x18, 
    0x63, 0xf9, 0xc6, 0x79, 0x54, 0xd5, 0x37, 0x80, 0xef, 0xad, 0x62, 0x42, 0xde, 0xbb, 0x9e, 0xe6, 
    0xbf, 0x02, 0x76, 0x31, 0xdf, 0x69, 0x14, 0x7a, 0x14, 0x78, 0xd4, 0x39, 0x81, 0x23, 0x60, 0x19, 
    0xc3, 0x8d, 0x94, 0x78, 0x9d, 0x23, 0x60, 0x16, 0xa3, 0x61, 0x41, 0xfd, 0x5c, 0xbf, 0x33, 0xd1, 
    0xf1, 0x30, 0x0b, 0xa3, 0xd7, 0xca, 0x29, 0xdc, 0x7f, 0xe7, 0xcf, 0x80, 0x62, 0x26, 0x5d, 0xaa, 
    0x00, 0xca, 0x26, 0x32, 0x21, 0x47, 0xb6, 0x01, 0xc7, 0x0f, 0x52, 0xcc, 0x53, 0xf2, 0x2e, 0x99, 
    0x11, 0xca, 0x5b, 0xa8, 0x8d, 0xce, 0x06, 0x2c, 0x40, 0x3d, 0xc3, 0x02, 0x4a, 0xdc, 0xc7, 0x02, 
    0x2c, 0x64, 0xc4, 0x33, 0xf7, 0xde, 0xb9, 0x00, 0x89, 0x44, 0x3d, 0xd3, 0x34, 0xee, 0xbf, 0xeb, 
    0x0e, 0x9a, 0x66, 0x62, 0x55, 0x54, 0x9e, 0x5e, 0x80, 0x13, 0x87, 0x8c, 0x71, 0x2b, 0xef, 0xe2, 
    0x48, 0x28, 0x6f, 0xa1, 0x36, 0x3a, 0x1b, 0x24, 0x0e, 0x46, 0xca, 0x71, 0xaa, 0xe3, 0x20, 0x53, 
    0x20, 0xbf, 0xa0, 0x62, 0xe1, 0x23, 0xb5, 0xe8, 0x4c, 0xc4, 0x69, 0x1e, 0x75, 0x08, 0xe2, 0xa1, 
    0x6d, 0xce, 0x67, 0xaf, 0xe6, 0x57, 0x54, 0xb5, 0x95, 0x85, 0x9c, 0x02, 0x4d, 0x9c, 0x02, 0xb5, 
    0xcc, 0x7a, 0xc5, 0xa3, 0xce, 0x09, 0xbe, 0xef, 0x97, 0xbf, 0xb5, 0x6c, 0xd4, 0x4b, 0x4c, 0x51, 
    0x7f, 0xff, 0xe0, 0xb9, 0xd3, 0x26, 0x9f, 0xbf, 0x2c, 0x81, 0x44, 0xb0, 0xd3, 0x3b, 0x91, 0x97, 
    0x37, 0xff, 0x57, 0x0b, 0x5f, 0x58, 0xfc, 0x3f, 0xbb, 0x08, 0xfa, 0x34, 0x1a, 0x8f, 0xc7, 0x6f, 
    0x4c, 0x24, 0x12, 0x11, 0xca, 0x07, 0x10, 0x41, 0x8a, 0x8b, 0x27, 0x69, 0x2c, 0x03, 0x9b, 0xb7, 
    0x70, 0xcc, 0xa6, 0x18, 0x3b, 0xba, 0x12, 0xe5, 0x65, 0xa5, 0x28, 0x2a, 0x28, 0x58, 0xba, 0x6d, 
    0xcf, 0xde, 0x79, 0xb1, 0x58, 0xec, 0x10, 0x5f, 0x36, 0xf0, 0x36, 0xd8, 0xc8, 0xdb, 0x60, 0x4d, 
    0x2f, 0xb7, 0xc1, 0xd0, 0x57, 0x5f, 0x9c, 0x95, 0x02, 0xf8, 0x34, 0x7d, 0xf8, 0xf0, 0xe1, 0xd9, 
    0x89, 0x44, 0x62, 0x16, 0x9b, 0x11, 0x0c, 0x8c, 0xa8, 0xe7, 0x79, 0xcb, 0x86, 0x0e, 0x1d, 0xba, 
    0xa4, 0xd9, 0x8f, 0x71, 0xee, 0x23, 0xca, 0x07, 0xa1, 0x9a, 0x2c, 0x0f, 0x42, 0x4d, 0x7c, 0x10, 
    0x8a, 0x78, 0x51, 0x53, 0x8e, 0x50, 0x9c, 0xf1, 0x02, 0x0c, 0x1f, 0x3e, 0xfc, 0x5e, 0x1a, 0x9f, 
    0x8f, 0xe4, 0x35, 0xea, 0x22, 0x2f, 0x2f, 0x0f, 0xf9, 0xf9, 0xf9, 0x28, 0x28, 0x28, 0x00, 0xdf, 
    0x07, 0x4d, 0x61, 0xd0, 0xa0, 0x41, 0x26, 0x3f, 0x75, 0xea, 0x94, 0x89, 0x92, 0xf2, 0xce, 0xce, 
    0x4e, 0x93, 0x07, 0x38, 0xc4, 0x7d, 0xe6, 0x1f, 0x38, 0x70, 0xe0, 0x8f, 0x9c, 0x0e, 0x75, 0x28, 
    0xe5, 0x94, 0x78, 0x3a, 0x5a, 0xc3, 0xd7, 0xf5, 0x28, 0xdc, 0x84, 0xa3, 0x7c, 0x14, 0x0e, 0x39, 
    0xec, 0x5d, 0xce, 0x58, 0x01, 0x46, 0x8c, 0x18, 0x31, 0x9b, 0x1d, 0x9f, 0x0f, 0xc0, 0x47, 0x0a, 
    0x19, 0x2c, 0x2e, 0x2e, 0x46, 0x51, 0x51, 0x11, 0x0a, 0x0b, 0x0b, 0xbb, 0x4c, 0x29, 0x66, 0x12, 
    0xf7, 0xef, 0x8a, 0xa7, 0x4f, 0x9f, 0x46, 0x47, 0x47, 0x87, 0x89, 0x7a, 0xcd, 0x21, 0xc6, 0x62, 
    0xce, 0xdf, 0xbf, 0x7f, 0xff, 0x12, 0xe6, 0x03, 0xc6, 0xa3, 0x06, 0x84, 0x9f, 0x1c, 0xee, 0x0b, 
    0xd8, 0xc9, 0x3a, 0xa4, 0x90, 0xf1, 0x61, 0xc3, 0x86, 0x19, 0xf3, 0x2e, 0xdc, 0x86, 0x3f, 0x93, 
    0xd1, 0x95, 0x0c, 0x2b, 0x4a, 0x36, 0x57, 0x94, 0x94, 0x6b, 0x54, 0x48, 0xca, 0x2d, 0x1c, 0x0d, 
    0x8b, 0x39, 0x1a, 0xe6, 0x30, 0x1d, 0x10, 0x1e, 0xd5, 0x6f, 0x7c, 0x9a, 0x6f, 0x6b, 0x6b, 0x5b, 
    0xc7, 0xb4, 0x96, 0x02, 0xaf, 0x8c, 0x31, 0x5e, 0x5a, 0x5a, 0xca, 0x16, 0x0f, 0xee, 0xa5, 0x1f, 
    0xde, 0x1a, 0x50, 0xb4, 0xb2, 0x26, 0x25, 0x9b, 0x2b, 0x4a, 0x6e, 0x2e, 0x69, 0x34, 0x28, 0xea, 
    0xf5, 0x14, 0x8d, 0x3c, 0xdf, 0x8c, 0x98, 0xb3, 0x50, 0xf6, 0x95, 0xf4, 0x1e, 0xf6, 0x81, 0xca, 
    0xca, 0xca, 0x5a, 0x5e, 0x95, 0x75, 0x4c, 0xcb, 0x29, 0x33, 0xcc, 0x39, 0x0d, 0x4c, 0x11, 0x64, 
    0x5c, 0x0a, 0x62, 0x3b, 0xae, 0x28, 0x59, 0x33, 0x92, 0xcd, 0x15, 0xad, 0x82, 0x6d, 0x57, 0x7a, 
    0x2f, 0xc5, 0x21, 0xae, 0x2d, 0x33, 0xf6, 0xee, 0xdd, 0xdb, 0xc8, 0xbc, 0xcf, 0xf4, 0xec, 0x65, 
    0x08, 0x82, 0xe6, 0x75, 0xc5, 0xb9, 0xf8, 0x19, 0xd3, 0xae, 0x82, 0xd8, 0x4e, 0x2b, 0x5a, 0x13, 
    0x92, 0xcd, 0x15, 0xad, 0x82, 0xed, 0x4c, 0x72, 0xe8, 0x77, 0x11, 0x7a, 0xf6, 0xb2, 0x17, 0xfc, 
    0xe4, 0xb0, 0x6f, 0x66, 0x5a, 0x4e, 0xa1, 0xa2, 0xa2, 0x02, 0x65, 0x65, 0x65, 0xc6, 0xb0, 0x7b, 
    0xf5, 0xa5, 0x20, 0x32, 0x15, 0x94, 0x8c, 0xd8, 0xe8, 0x2a, 0xd3, 0x6b, 0x41, 0x69, 0x1b, 0x87, 
    0x43, 0x9c, 0x0e, 0xe3, 0x62, 0x7d, 0x9c, 0x0e, 0x3d, 0x7b, 0x99, 0x03, 0x3f, 0x69, 0x7e, 0x1d, 
    0xd3, 0x5a, 0xca, 0x98, 0xd7, 0xd5, 0x97, 0x71, 0x49, 0xa6, 0x6d, 0x94, 0x84, 0xa2, 0xed, 0xa8, 
    0xa2, 0x2b, 0x99, 0x90, 0xdc, 0x3c, 0xa8, 0xe0, 0x7b, 0x76, 0x1d, 0xb0, 0x12, 0x3a, 0x47, 0x8a, 
    0xc6, 0x83, 0x07, 0x0f, 0x5e, 0xca, 0x18, 0x9a, 0xae, 0x3d, 0xc3, 0xc0, 0x61, 0xbe, 0x28, 0x91, 
    0x5a, 0xed, 0x65, 0x5c, 0x05, 0xb0, 0x86, 0x15, 0x25, 0x9b, 0x2b, 0x0a, 0x1b, 0xb9, 0x5f, 0x9a, 
    0xd4, 0x79, 0xc9, 0xcd, 0xfb, 0x2b, 0x9d, 0x43, 0x12, 0x8c, 0x7d, 0xba, 0x3b, 0x78, 0x54, 0x28, 
    0xb8, 0xc0, 0xd5, 0xf1, 0x64, 0x8b, 0x98, 0x9a, 0x7b, 0xfa, 0xc8, 0x91, 0x23, 0x8d, 0x51, 0x89, 
    0x27, 0x35, 0x51, 0x7a, 0xa1, 0xc0, 0xc3, 0x7b, 0xfc, 0x00, 0xdf, 0x80, 0x3c, 0xc4, 0xf8, 0xba, 
    0xde, 0x13, 0x32, 0x6a, 0xc5, 0xe3, 0x18, 0xb9, 0x79, 0x5f, 0x64, 0x47, 0x41, 0x15, 0x6f, 0xb7, 
    0x91, 0xc1, 0xa5, 0x98, 0x35, 0x6c, 0x28, 0x6e, 0x6e, 0x6e, 0xe9, 0x3a, 0x17, 0xfb, 0x31, 0x87, 
    0xcf, 0x09, 0x8b, 0x11, 0x82, 0xe4, 0x1e, 0x21, 0xe0, 0xd5, 0x6e, 0x66, 0xf0, 0x79, 0x70, 0x2d, 
    0x82, 0xe6, 0x5e, 0xaf, 0x3c, 0xa8, 0x65, 0xf9, 0xdc, 0x2a, 0x45, 0x2b, 0x3b, 0xf4, 0x81, 0x97, 
    0x87, 0x06, 0x6f, 0x10, 0x9a, 0x13, 0xc9, 0x22, 0xa8, 0xe3, 0x56, 0xc1, 0xb6, 0x95, 0x35, 0x98, 
    0x49, 0xa3, 0x07, 0xe5, 0xe1, 0x8a, 0x92, 0x62, 0xfc, 0x64, 0x70, 0x19, 0x2e, 0x2c, 0x2a, 0xe4, 
    0x59, 0x92, 0x4c, 0xdc, 0xbc, 0xc5, 0x3c, 0x65, 0xa6, 0x88, 0x71, 0x2a, 0x8c, 0x63, 0xec, 0x15, 
    0x8f, 0xea, 0x15, 0x0e, 0xfd, 0x7a, 0x76, 0x76, 0x01, 0xd3, 0xae, 0xfb, 0xbc, 0xcc, 0x66, 0xd2, 
    0xb7, 0xa8, 0x1f, 0xe7, 0x25, 0x30, 0x85, 0xe6, 0x4a, 0xf9, 0xd9, 0xd6, 0xb2, 0x97, 0xc5, 0xd8, 
    0xc8, 0x51, 0x11, 0xe5, 0xe8, 0xd8, 0x41, 0x23, 0x32, 0x13, 0x56, 0xa3, 0xd8, 0xcb, 0xe9, 0x34, 
    0x7b, 0x43, 0x69, 0x09, 0x26, 0x14, 0x76, 0x99, 0x44, 0x9c, 0xef, 0xbd, 0x19, 0x3f, 0x82, 0x25, 
    0xfb, 0x0f, 0xe0, 0xe3, 0xf6, 0x23, 0x66, 0x04, 0xd8, 0x22, 0xb0, 0x2f, 0xa1, 0x46, 0x01, 0x0f, 
    0x9d, 0x1b, 0x3f, 0xb9, 0xf0, 0x35, 0x33, 0x2d, 0xd7, 0x55, 0x77, 0x87, 0xbe, 0x2b, 0xbd, 0xa7, 
    0x68, 0x35, 0x84, 0x9a, 0xc2, 0x02, 0xfc, 0xb0, 0xb3, 0x03, 0x63, 0xd9, 0x51, 0x97, 0x56, 0x68, 
    0x9a, 0x00, 0x6f, 0x9c, 0xee, 0xc4, 0x0e, 0x2a, 0xd3, 0x15, 0x97, 0xe9, 0x1f, 0x14, 0xe4, 0x63, 
    0x66, 0x71, 0x11, 0xc6, 0xe7, 0x0f, 0xe2, 0x5e, 0xdd, 0x6c, 0x3f, 0xd9, 0x81, 0xbf, 0x1d, 0x6c, 
    0xc3, 0x1b, 0xf1, 0x76, 0x1c, 0xe2, 0xe3, 0xb2, 0xb6, 0x97, 0x74, 0x1c, 0x3d, 0x8f, 0xa8, 0x10, 
    0x24, 0xd4, 0x5d, 0xc1, 0x6c, 0x99, 0x8b, 0xe0, 0xd5, 0xd7, 0xe3, 0xad, 0x0c, 0xba, 0x0a, 0x9a, 
    0x0f, 0x6a, 0x6c, 0xa2, 0x13, 0xd7, 0x77, 0x9c, 0xc4, 0x65, 0x9d, 0xa7, 0xd3, 0x46, 0x85, 0xf8, 
    0x8a, 0xcd, 0x77, 0x58, 0x84, 0x35, 0x1d, 0xa7, 0x10, 0x67, 0xbc, 0x9c, 0x43, 0xfc, 0xba, 0xc2, 
    0x7c, 0x5c, 0xc0, 0xe8, 0xd2, 0xce, 0x11, 0x15, 0x3d, 0x7a, 0x0c, 0x4b, 0xdb, 0xe2, 0xd8, 0x72, 
    0xec, 0xb8, 0x31, 0x9c, 0x49, 0x32, 0xaf, 0x35, 0x4a, 0x30, 0xbf, 0x8f, 0x0b, 0xe2, 0x42, 0xa6, 
    0x59, 0xe9, 0xb5, 0x00, 0x9c, 0xfb, 0x51, 0x00, 0x57, 0xca, 0x24, 0x8b, 0x61, 0x0c, 0x65, 0x93, 
    0xb6, 0x51, 0xb4, 0x62, 0x07, 0x4c, 0x64, 0x01, 0x31, 0x75, 0xea, 0x54, 0x4c, 0x3c, 0xaf, 0x1a, 
    0xa3, 0x62, 0xcd, 0xa8, 0xfa, 0xf0, 0x03, 0x54, 0x1e, 0x69, 0xe7, 0x61, 0x7b, 0xe7, 0xcb, 0x92, 
    0x12, 0xb4, 0x5c, 0x5c, 0x83, 0x5d, 0x55, 0x63, 0xf0, 0xd1, 0xb6, 0xed, 0x58, 0xb9, 0x72, 0xa5, 
    0x31, 0x9a, 0x49, 0x1a, 0x01, 0x8a, 0x25, 0xdc, 0x47, 0xe7, 0x26, 0x0d, 0x5c, 0x0b, 0x22, 0xc8, 
    0x81, 0xd9, 0x2a, 0x1b, 0x7e, 0x72, 0xf8, 0x1f, 0x64, 0x6a, 0xae, 0xfc, 0x90, 0x21, 0x43, 0x8c, 
    0xa1, 0x30, 0x52, 0x07, 0x14, 0xc7, 0x8f, 0x1f, 0x8f, 0xc7, 0x1e, 0x7b, 0x0c, 0x55, 0x55, 0xfa, 
    0x1a, 0xa7, 0x9b, 0x2f, 0x36, 0x6c, 0xc0, 0x07, 0x8f, 0x3e, 0x8c, 0x49, 0xf1, 0xc3, 0x28, 0x63, 
    0xdb, 0x45, 0x57, 0xfb, 0xe3, 0x92, 0x32, 0x4c, 0x79, 0xf4, 0x77, 0xa8, 0x9e, 0x36, 0x9d, 0xaf, 
    0x74, 0xb3, 0x6b, 0xd7, 0x2e, 0xd4, 0xd5, 0xd5, 0x61, 0xd3, 0xa6, 0x4d, 0xc6, 0xac, 0x95, 0x35, 
    0x2f, 0x69, 0x1d, 0x90, 0x04, 0x47, 0x6d, 0x45, 0xae, 0x69, 0x90, 0xb3, 0x00, 0xee, 0xad, 0x8f, 
    0x5f, 0x48, 0x98, 0xa1, 0x25, 0x53, 0xbd, 0xc9, 0x9a, 0x9f, 0x30, 0x61, 0x02, 0x16, 0x2d, 0x32, 
    0xbb, 0x67, 0x65, 0xce, 0x2d, 0xb7, 0x60, 0xc4, 0x8e, 0x4f, 0x31, 0xab, 0x80, 0xdf, 0x0d, 0xf0, 
    0xdf, 0x3f, 0x8f, 0x9f, 0x44, 0xeb, 0xd8, 0x71, 0x58, 0xfa, 0xfa, 0xeb, 0x7c, 0x37, 0x3b, 0x33, 
    0x66, 0xcc, 0x30, 0x45, 0x70, 0x8d, 0x5b, 0xe9, 0xfc, 0x1a, 0x05, 0x82, 0xfd, 0xc8, 0xb9, 0x18, 
    0xe6, 0x2c, 0x00, 0x87, 0xfc, 0x62, 0x0e, 0xdf, 0xd9, 0x3a, 0x20, 0xa7, 0x82, 0x0e, 0x96, 0x26, 
    0xbd, 0xae, 0xe8, 0xca, 0xbe, 0xa6, 0xf8, 0xda, 0x6b, 0xaf, 0xf5, 0xb8, 0xf2, 0xfc, 0xe8, 0x8c, 
    0x35, 0x6b, 0xd6, 0x30, 0x03, 0xae, 0xbd, 0xf6, 0x5a, 0xb4, 0xb7, 0xb7, 0x63, 0xe6, 0xcc, 0x99, 
    0xa6, 0xe3, 0x56, 0x7a, 0x5f, 0x05, 0x57, 0x14, 0xda, 0x4e, 0x6d, 0x97, 0x96, 0x96, 0x16, 0xd4, 
    0xd6, 0xd6, 0x9a, 0xed, 0x33, 0x69, 0xf0, 0xe0, 0xc1, 0xdc, 0x8a, 0x06, 0x3d, 0x6f, 0x09, 0xd7, 
    0x81, 0x3a, 0x64, 0x21, 0x67, 0x01, 0x68, 0x3a, 0x0a, 0xce, 0x7f, 0x7e, 0xd0, 0xc8, 0x3a, 0xfc, 
    0x79, 0x02, 0x13, 0x25, 0x9b, 0x2b, 0x46, 0x22, 0x11, 0x3c, 0xf5, 0xd4, 0x53, 0xdc, 0xbd, 0x1b, 
    0x99, 0xbf, 0xed, 0xb6, 0xdb, 0xf0, 0xc9, 0x27, 0x9f, 0xb0, 0x05, 0x5c, 0x74, 0xd1, 0x45, 0x58, 
    0xba, 0x74, 0x29, 0x1e, 0x7a, 0xe8, 0x21, 0xac, 0x5d, 0xbb, 0xd6, 0x74, 0xfc, 0xaa, 0xab, 0xae, 
    0xc2, 0xe3, 0x8f, 0x3f, 0x9e, 0x71, 0xbb, 0x60, 0x11, 0xee, 0xb8, 0xe3, 0x0e, 0x2c, 0x5f, 0xbe, 
    0xdc, 0xec, 0x27, 0xb9, 0xa3, 0x41, 0xb7, 0x6a, 0xad, 0x49, 0x24, 0xe7, 0x3a, 0xd0, 0x5b, 0x01, 
    0x12, 0x0c, 0xe6, 0xd6, 0xa2, 0x21, 0x25, 0x73, 0xae, 0x64, 0x54, 0x51, 0xb2, 0xb9, 0xa2, 0x74, 
    0xcf, 0x3d, 0xf7, 0xe0, 0xae, 0xbb, 0xee, 0xe2, 0xde, 0xdd, 0xbc, 0xf8, 0xe2, 0x8b, 0x66, 0x3d, 
    0x70, 0x51, 0x91, 0xf8, 0x29, 0x0e, 0xcf, 0x3f, 0xff, 0xbc, 0xe9, 0xf8, 0xbc, 0x79, 0xf3, 0x4c, 
    0xe7, 0x33, 0x6d, 0x77, 0xf3, 0xcd, 0x37, 0x33, 0xeb, 0xe6, 0xc9, 0x27, 0x9f, 0x34, 0xc5, 0xd2, 
    0x7e, 0x41, 0x69, 0xba, 0xaa, 0xdf, 0x82, 0x05, 0xc8, 0xea, 0x33, 0xeb, 0x1b, 0xc2, 0x2d, 0x80, 
    0x16, 0x41, 0x19, 0x74, 0x25, 0xa3, 0xc1, 0x68, 0x35, 0x77, 0xee, 0x5c, 0xdc, 0x7d, 0xf7, 0xdd, 
    0xdc, 0xbb, 0x9b, 0x6c, 0x05, 0x68, 0x6d, 0x6d, 0x4d, 0x2b, 0x80, 0x3e, 0x5d, 0x66, 0xda, 0x2e, 
    0x6c, 0x01, 0x34, 0x12, 0x54, 0x00, 0xf5, 0x59, 0xf4, 0xab, 0x00, 0xbe, 0x73, 0x07, 0x50, 0x01, 
    0x24, 0x99, 0xb4, 0x92, 0xc9, 0x6c, 0x51, 0x68, 0x28, 0x3f, 0xfb, 0xec, 0xb3, 0xcc, 0xba, 0xd1, 
    0x14, 0xb8, 0xf5, 0xd6, 0x5b, 0xb1, 0x65, 0xcb, 0x16, 0xb6, 0x80, 0x49, 0x93, 0x26, 0xe1, 0xa5, 
    0x97, 0x5e, 0xc2, 0x03, 0x0f, 0x3c, 0x60, 0xe6, 0x3b, 0xd7, 0x1b, 0x5c, 0x7d, 0xf5, 0xd5, 0x78, 
    0xe2, 0x89, 0x27, 0x32, 0x6e, 0x17, 0x9c, 0x02, 0xb7, 0xdf, 0x7e, 0x7b, 0xda, 0x14, 0x70, 0xa5, 
    0xbb, 0x80, 0x46, 0xad, 0xc8, 0x75, 0x27, 0x48, 0xf6, 0x36, 0x03, 0x7c, 0xe2, 0x8b, 0xb0, 0x92, 
    0xeb, 0x98, 0x9a, 0x03, 0x69, 0x1d, 0x90, 0x41, 0x49, 0x26, 0xb3, 0x45, 0x2b, 0xa1, 0x7b, 0xf6, 
    0x98, 0x31, 0x63, 0x98, 0x75, 0xa3, 0x22, 0xac, 0x5e, 0xbd, 0x9a, 0x19, 0x70, 0xdd, 0x75, 0xd7, 
    0x99, 0x45, 0x50, 0xc5, 0x92, 0x79, 0x75, 0x5c, 0xb1, 0xa1, 0xa1, 0xc1, 0xac, 0x39, 0xee, 0x76, 
    0x41, 0xf3, 0xba, 0x1d, 0x4e, 0x9e, 0x3c, 0xd9, 0xec, 0x93, 0x49, 0x9a, 0xff, 0x76, 0x21, 0x64, 
    0x3e, 0x63, 0xdf, 0xbe, 0x7d, 0x51, 0x64, 0x20, 0xd9, 0xd3, 0x0c, 0xb8, 0x05, 0xd0, 0x50, 0xb2, 
    0x05, 0x90, 0xb9, 0x6c, 0xd1, 0x95, 0xb8, 0xf0, 0xc2, 0x0b, 0xf1, 0xca, 0x2b, 0xaf, 0x30, 0xcb, 
    0x4c, 0xfc, 0xe5, 0x47, 0xf0, 0xf2, 0xcb, 0xff, 0x30, 0x6b, 0x80, 0x8c, 0xf3, 0x3f, 0x95, 0xe0, 
    0x87, 0xad, 0x91, 0x5c, 0x04, 0x6f, 0xe7, 0x16, 0x49, 0x86, 0xfc, 0xf4, 0x61, 0xfe, 0x4c, 0x67, 
    0xfa, 0xf4, 0xe9, 0x68, 0x6a, 0x6a, 0x32, 0xdb, 0xcb, 0x70, 0x50, 0x34, 0x3d, 0xb0, 0x02, 0x8c, 
    0x1e, 0x3d, 0xda, 0x3f, 0x71, 0xe2, 0x44, 0x33, 0x53, 0x33, 0x9f, 0x34, 0xa4, 0x64, 0xcc, 0x9a, 
    0x0d, 0xc6, 0xa0, 0x2c, 0x1a, 0xbe, 0xcf, 0x3d, 0xf7, 0x5c, 0x8f, 0x91, 0xf0, 0xf9, 0xfa, 0xe5, 
    0x48, 0xfc, 0xe9, 0x26, 0x0c, 0xf3, 0x4f, 0xb3, 0x95, 0x9d, 0xa3, 0xbb, 0x8b, 0x50, 0xf1, 0x60, 
    0x14, 0x85, 0x13, 0x2f, 0x67, 0x2b, 0x79, 0xe5, 0x35, 0xf4, 0x73, 0x99, 0x97, 0x34, 0x65, 0x35, 
    0x72, 0x45, 0xbf, 0xa6, 0x80, 0xb0, 0x8b, 0xa0, 0xae, 0xbe, 0x0a, 0x20, 0xb3, 0x92, 0x0c, 0x4a, 
    0x6e, 0xee, 0x4a, 0xd8, 0x68, 0xb9, 0xe6, 0x9a, 0x6b, 0xcc, 0x88, 0x50, 0xa7, 0xb7, 0x6e, 0xdd, 
    0x6a, 0xe6, 0xfc, 0x33, 0x17, 0xec, 0xc6, 0xd5, 0xd3, 0x8e, 0xa2, 0x64, 0x0c, 0x37, 0xc8, 0xc0, 
    0xb1, 0x2f, 0x80, 0x8d, 0x9b, 0xcf, 0xc3, 0xfb, 0xdf, 0xfe, 0xa5, 0xd9, 0x6f, 0xf3, 0xe6, 0xcd, 
    0x58, 0xb1, 0x62, 0x85, 0x31, 0x28, 0xe9, 0x35, 0xc5, 0x4c, 0x92, 0x79, 0x8d, 0x5c, 0xd1, 0xaf, 
    0x45, 0x50, 0xd8, 0x02, 0x70, 0x08, 0x75, 0x15, 0x40, 0xc6, 0x24, 0x37, 0x0f, 0x4a, 0xd8, 0x18, 
    0x44, 0x9d, 0x16, 0x8a, 0x95, 0xf9, 0xa7, 0xb0, 0xf4, 0xe2, 0x16, 0xf8, 0x37, 0xa4, 0x7f, 0x5a, 
    0xb4, 0xc4, 0x56, 0x78, 0xb8, 0x71, 0xe3, 0x48, 0xec, 0x39, 0x06, 0x63, 0x4a, 0xfb, 0x28, 0x5a, 
    0x05, 0xdb, 0x56, 0x7a, 0xfd, 0x4c, 0x15, 0xa0, 0x91, 0xa1, 0x46, 0x66, 0x55, 0x00, 0x99, 0x92, 
    0xd4, 0x56, 0xcc, 0x26, 0x61, 0x63, 0x10, 0x75, 0x4e, 0x28, 0x4a, 0xbf, 0x3d, 0x7f, 0x1f, 0x6e, 
    0x9a, 0x72, 0x04, 0x23, 0x26, 0xa6, 0x17, 0x61, 0xff, 0xb6, 0x3c, 0xfc, 0xfd, 0xed, 0x62, 0x3c, 
    0xb6, 0xad, 0xcc, 0x6c, 0x27, 0x63, 0x92, 0x9b, 0x4b, 0xc1, 0xb6, 0x24, 0xb4, 0x88, 0x6a, 0xe4, 
    0x92, 0xfe, 0x3f, 0x08, 0xb9, 0x8f, 0xc2, 0x3a, 0x98, 0x62, 0xd0, 0xbc, 0x6d, 0x0b, 0x45, 0x49, 
    0xd8, 0x18, 0x84, 0xc7, 0xe3, 0xcf, 0x64, 0xb4, 0x7a, 0xf7, 0x3b, 0x2d, 0xa8, 0xba, 0x91, 0x2f, 
    0x3a, 0xec, 0xe1, 0x47, 0x81, 0x9a, 0xf5, 0x95, 0xe6, 0x7d, 0x99, 0xb2, 0x51, 0xca, 0x96, 0x4b, 
    0x6a, 0x8b, 0xf2, 0xf2, 0x72, 0xd3, 0x07, 0xaa, 0xff, 0x8f, 0xc2, 0xee, 0x87, 0x21, 0x4d, 0x03, 
    0x6b, 0x56, 0x72, 0x73, 0x49, 0x28, 0x4a, 0xc2, 0x46, 0x17, 0xdb, 0x39, 0xa1, 0xdc, 0x6a, 0x4e, 
    0x75, 0x1c, 0xbf, 0xf8, 0xfe, 0x61, 0x54, 0xd6, 0x24, 0xdf, 0xff, 0xfc, 0xc3, 0x3c, 0xfc, 0xf9, 
    0xdd, 0x52, 0xfc, 0xa5, 0xb9, 0x18, 0x3c, 0xbf, 0xd9, 0x26, 0x53, 0xb4, 0x72, 0xdb, 0x42, 0xa3, 
    0xd5, 0xde, 0x01, 0xd8, 0xcf, 0xfe, 0x7f, 0x18, 0xf2, 0x9d, 0x87, 0x21, 0x19, 0xe2, 0xc1, 0xd2, 
    0xa2, 0x2b, 0xa1, 0x28, 0x09, 0x1b, 0x5d, 0xd4, 0x51, 0x51, 0x36, 0x7c, 0x14, 0x4a, 0xcb, 0x47, 
    0xa0, 0xa0, 0x38, 0xb9, 0x4a, 0x77, 0x1c, 0x3f, 0x8a, 0x79, 0x43, 0xb7, 0x63, 0xf6, 0x8f, 0x76, 
    0xb2, 0x05, 0x7c, 0xba, 0x2a, 0x0f, 0xd3, 0xd6, 0x0f, 0x37, 0x86, 0xb4, 0x4f, 0xae, 0x68, 0xa5, 
    0xb6, 0x24, 0xf4, 0x28, 0xad, 0xbb, 0x80, 0xc8, 0x75, 0x07, 0x10, 0x1e, 0x95, 0x13, 0xae, 0x03, 
    0x51, 0xf0, 0x03, 0x11, 0x65, 0x4c, 0x65, 0x32, 0x2f, 0x09, 0x45, 0xc9, 0xe2, 0xe6, 0xc2, 0xcb, 
    0x1b, 0x84, 0xca, 0x71, 0x13, 0x68, 0xbc, 0x94, 0xad, 0x9e, 0x8c, 0x2b, 0x3c, 0x8c, 0x07, 0x47, 
    0xfe, 0x0b, 0xbf, 0x7f, 0xa7, 0x10, 0xab, 0x5a, 0x93, 0xbf, 0x46, 0xb7, 0xe6, 0x72, 0x45, 0x49, 
    0xb9, 0x85, 0xa6, 0x4d, 0x3f, 0x49, 0xce, 0xf9, 0x2f, 0xd2, 0x7b, 0x98, 0x01, 0xae, 0x03, 0x5d, 
    0x5f, 0x89, 0x09, 0x99, 0xca, 0x24, 0xa1, 0x28, 0x59, 0xdc, 0x9c, 0xc7, 0x40, 0xd5, 0x84, 0xc9, 
    0x59, 0xcd, 0x5b, 0xaa, 0xbd, 0xc3, 0x78, 0xf3, 0xbd, 0x46, 0xb3, 0xbd, 0x95, 0x35, 0x98, 0x2b, 
    0x5a, 0x74, 0xe5, 0x35, 0x02, 0x04, 0xcf, 0x3f, 0xf0, 0xaf, 0xc4, 0xfc, 0xe4, 0x34, 0x88, 0x81, 
    0x85, 0xa5, 0xcc, 0x09, 0x79, 0xe0, 0x1e, 0x12, 0x8a, 0x52, 0x26, 0x86, 0x56, 0x56, 0x61, 0xf8, 
    0x37, 0xc7, 0x32, 0xeb, 0x9d, 0x2f, 0x3f, 0xdb, 0x86, 0x43, 0xad, 0x7b, 0x8c, 0x31, 0x9d, 0x4f, 
    0xb2, 0x79, 0xa6, 0xe8, 0xe2, 0x5c, 0xfd, 0x36, 0xe6, 0x7e, 0x2c, 0xc7, 0xf0, 0x17, 0x99, 0x7b, 
    0x1b, 0xc0, 0x1d, 0x05, 0x8c, 0x46, 0x32, 0xea, 0x4a, 0x04, 0xa3, 0x4b, 0xf5, 0xa4, 0x1a, 0x14, 
    0xf2, 0x6b, 0xae, 0x30, 0x9c, 0x38, 0xda, 0x8e, 0x1d, 0x8d, 0x1b, 0xcd, 0x79, 0x64, 0x50, 0x51, 
    0xb2, 0xb9, 0x1b, 0x5d, 0xdc, 0xab, 0xcf, 0x22, 0xe4, 0x5c, 0xfc, 0x2c, 0x3d, 0x7b, 0x9a, 0x05, 
    0xae, 0x05, 0x31, 0xc0, 0xfc, 0x91, 0x1a, 0xf8, 0x19, 0x81, 0x3f, 0xb9, 0x33, 0x8d, 0x5a, 0x89, 
    0x60, 0x74, 0xb9, 0xe0, 0xb2, 0x69, 0xfc, 0x19, 0x9e, 0x8f, 0xd7, 0xaf, 0x35, 0x26, 0x25, 0x19, 
    0x55, 0x94, 0x6c, 0xae, 0xe8, 0x42, 0xc3, 0xe6, 0x03, 0x53, 0xea, 0xdc, 0x3b, 0x39, 0xf7, 0x7d, 
    0x84, 0xc0, 0x6c, 0x1d, 0x06, 0xf7, 0x96, 0xa8, 0x0e, 0xf0, 0xd7, 0xe3, 0xe6, 0x64, 0x56, 0x22, 
    0x18, 0x5d, 0x26, 0x4c, 0xb9, 0x82, 0x3f, 0xc3, 0xb3, 0xe9, 0xad, 0xd5, 0xe6, 0x3c, 0x56, 0x3c, 
    0xb7, 0x89, 0x92, 0xf2, 0x20, 0xce, 0x83, 0x8f, 0x8a, 0x11, 0xea, 0xea, 0x8b, 0x9e, 0x3d, 0xcd, 
    0x01, 0xa7, 0xc2, 0x62, 0x76, 0x60, 0x36, 0x53, 0xd3, 0x09, 0xb7, 0x08, 0x22, 0x18, 0x5d, 0xc6, 
    0x5d, 0x72, 0x19, 0x8a, 0x4a, 0x93, 0xf7, 0xe6, 0xde, 0x38, 0x7e, 0x24, 0x8e, 0xad, 0xef, 0x6f, 
    0x00, 0xcf, 0x95, 0x26, 0x9d, 0x53, 0x31, 0x88, 0xbe, 0x40, 0xd1, 0x07, 0x36, 0xc1, 0x73, 0xe7, 
    0x7c, 0xf0, 0x09, 0xd2, 0xb3, 0xa7, 0x39, 0xf0, 0x93, 0x0b, 0x62, 0x14, 0x7c, 0x48, 0xa3, 0xcc, 
    0x1f, 0x31, 0xa9, 0x53, 0x3c, 0x29, 0x5b, 0x3c, 0x58, 0x2a, 0x0a, 0x37, 0x17, 0x23, 0xc6, 0x9c, 
    0x87, 0x6f, 0xf8, 0xe3, 0x99, 0xf5, 0x4e, 0xcb, 0xd6, 0xcd, 0xd8, 0xbf, 0x67, 0xb7, 0x39, 0xb6, 
    0x0c, 0xbb, 0x0a, 0xe2, 0xce, 0x7b, 0xd2, 0xc4, 0xa1, 0x5f, 0xcb, 0x18, 0x9a, 0xf4, 0x5e, 0x86, 
    0xc0, 0x4f, 0x16, 0x21, 0x06, 0x2e, 0xb8, 0x94, 0x29, 0x82, 0xbb, 0x26, 0x58, 0xdc, 0xdc, 0x72, 
    0xc1, 0xa5, 0x97, 0xa3, 0xb8, 0x2c, 0xf7, 0x28, 0x38, 0xd6, 0xce, 0xdf, 0xfc, 0x6c, 0x7c, 0xdb, 
    0x98, 0xb5, 0x52, 0x21, 0x32, 0x11, 0x30, 0xbf, 0x93, 0xab, 0x7e, 0x6d, 0xac, 0x97, 0x55, 0x3f, 
    0x48, 0xcf, 0x5e, 0x86, 0x80, 0xbf, 0x1d, 0xd6, 0x9f, 0xc8, 0x44, 0x91, 0x2a, 0x82, 0x0a, 0xc0, 
    0xef, 0x0e, 0x7a, 0x98, 0x0e, 0xb6, 0xf3, 0x06, 0xf1, 0x57, 0x5e, 0xb5, 0xdf, 0x65, 0x11, 0x86, 
    0xb0, 0xd5, 0x93, 0x63, 0xed, 0x87, 0xb1, 0xfd, 0xdf, 0xef, 0xa2, 0xe3, 0xe4, 0x49, 0x63, 0xdc, 
    0x2a, 0x13, 0xee, 0xb0, 0x27, 0x6d, 0x9c, 0xff, 0x11, 0x7e, 0xb1, 0xd2, 0xc8, 0xbc, 0x4f, 0xa4, 
    0xf7, 0xb0, 0x0f, 0x64, 0x2b, 0x42, 0xb0, 0xc3, 0xb6, 0x08, 0xee, 0xeb, 0x23, 0xaa, 0xaa, 0x51, 
    0x59, 0xed, 0xa3, 0x64, 0x70, 0xb2, 0x10, 0x32, 0xfe, 0x55, 0x4b, 0x33, 0xf6, 0x7e, 0xde, 0xc2, 
    0x56, 0x72, 0x5b, 0x29, 0x13, 0x5c, 0xe0, 0x8c, 0x79, 0x1a, 0x66, 0xcb, 0xb0, 0x93, 0xf9, 0xac, 
    0xfe, 0x98, 0x17, 0xc9, 0xde, 0xf5, 0x13, 0x3f, 0x39, 0x1d, 0xa2, 0x48, 0xad, 0x09, 0xe2, 0xf8, 
    0xf1, 0xe3, 0x66, 0x5a, 0xf4, 0x86, 0x35, 0xe8, 0x46, 0x29, 0x17, 0x1a, 0xf2, 0xfa, 0x9c, 0x6f, 
    0x8b, 0x4a, 0x9a, 0x38, 0xec, 0x23, 0xb1, 0x3e, 0x0e, 0x7b, 0x97, 0xae, 0x23, 0x0d, 0x04, 0xf7, 
    0xee, 0x20, 0x98, 0x9b, 0x42, 0x9c, 0xe4, 0x50, 0xce, 0x86, 0xb6, 0x11, 0x36, 0xe6, 0x42, 0xc6, 
    0xf5, 0xe5, 0x86, 0xae, 0xbe, 0x85, 0x45, 0xe8, 0xd3, 0x6a, 0x9f, 0x8d, 0x33, 0x52, 0x00, 0x91, 
    0x7a, 0x4e, 0x98, 0x8f, 0xd4, 0xc3, 0x92, 0x60, 0xdb, 0x8c, 0x06, 0xab, 0xbe, 0xa0, 0x8f, 0xb4, 
    0x56, 0xae, 0x71, 0xb2, 0x93, 0x6d, 0xfd, 0xa9, 0xec, 0x62, 0x9c, 0x01, 0xce, 0x58, 0x01, 0x2c, 
    0x1c, 0x0d, 0x7a, 0x6c, 0x9e, 0x8f, 0xd4, 0xda, 0x60, 0xe1, 0x6b, 0x66, 0x9d, 0xe0, 0xba, 0xc1, 
    0x56, 0x77, 0x5b, 0xe8, 0xbb, 0x06, 0x5e, 0x51, 0x66, 0xc9, 0xef, 0x1f, 0xdd, 0xb6, 0x43, 0x1b, 
    0x8d, 0xd7, 0x9f, 0x29, 0xe3, 0x96, 0x1e, 0x67, 0x39, 0x13, 0xf8, 0x5c, 0x1b, 0xf8, 0xfd, 0x7f, 
    0x1d, 0x4d, 0xce, 0x62, 0xf3, 0x4a, 0x6a, 0x20, 0x34, 0x78, 0xc9, 0x3f, 0x97, 0x5f, 0x1c, 0x1b, 
    0xc0, 0x5c, 0xcf, 0xc6, 0x59, 0x29, 0x80, 0x8b, 0xcf, 0x62, 0xc4, 0xe3, 0xf1, 0x59, 0x2c, 0x46, 
    0x84, 0xf2, 0xd1, 0x7b, 0x41, 0x1a, 0x3c, 0xcf, 0x8b, 0x51, 0x51, 0x3e, 0xde, 0x2e, 0x3b, 0x1b, 
    0xa6, 0x5d, 0xce, 0x7a, 0x01, 0xb2, 0xe1, 0xb3, 0x30, 0xfc, 0xad, 0x50, 0x2d, 0x53, 0x7d, 0x7d, 
    0xd5, 0x78, 0xb6, 0x8d, 0x66, 0xe3, 0x9c, 0x15, 0xe0, 0xbf, 0x85, 0xaf, 0x7d, 0x01, 0xfe, 0x03, 
    0xb5, 0x34, 0x06, 0xd7, 0xbf, 0x43, 0xc9, 0x4e, 0x00, 0x00, 0x00, 0x00, 0x49, 0x45, 0x4e, 0x44, 
    0xae, 0x42, 0x60, 0x82, 
};

static const uint8_t ASSET_PROJECTILE_SPLIT_PNG[] = {
    0x89, 0x50, 0x4e, 0x47, 0x0d, 0x0a, 0x1a, 0x0a, 0x00, 0x00, 0x00, 0x0d, 0x49, 0x48, 0x44, 0x52, 
    0x00, 0x00, 0x00, 0x40, 0x00, 0x00, 0x00, 0x40, 0x08, 0x06, 0x00, 0x00, 0x00, 0xaa, 0x69, 0x71, 
    0xde, 0x00, 0x00, 0x0d, 0xad, 0x49, 0x44, 0x41, 0x54, 0x78, 0x9c, 0xed, 0x5a, 0x6b, 0x70, 0x54, 
    0xe5, 0x19, 0x7e, 0xce, 0x5e, 0x92, 0x6c, 0x6e, 0x9b, 0x84, 0x04, 0x48, 0x04, 0x92, 0x70, 0x15, 
    0xb0, 0x12, 0x04, 0x04, 0xc5, 0x96, 0xd8, 0x99, 0x3a, 0x9d, 0x69, 0x3b, 0x44, 0x3b, 0x2d, 0xc8, 
    0xd8, 0x21, 0x29, 0xd2, 0x8b, 0x1d, 0x07, 0xd0, 0xf1, 0x52, 0xa6, 0x43, 0xcd, 0x9f, 0x5a, 0xdb, 
    0xaa, 0x38, 0xda, 0x5a, 0x27, 0x68, 0x82, 0x3f, 0x14, 0xb4, 0x95, 0x44, 0xb1, 0x1d, 0xcb, 0x0f, 
    0xd2, 0x6a, 0x6b, 0x8b, 0xd2, 0x26, 0x28, 0xd4, 0x0b, 0x85, 0x44, 0xad, 0x62, 0x04, 0x72, 0x27, 
    0x97, 0xdd, 0x3d, 0x5f, 0x9f, 0xf7, 0x3b, 0x7b, 0x36, 0x27, 0x9b, 0xdd, 0x64, 0x37, 0x04, 0xec, 
    0x4c, 0x78, 0x38, 0xcf, 0x79, 0xdf, 0xb3, 0x7b, 0x2e, 0xdf, 0xf3, 0x7c, 0xd7, 0x3d, 0xc4, 0xc0, 
    0x24, 0xc7, 0x25, 0x03, 0xc8, 0x49, 0x8d, 0x4b, 0x06, 0x90, 0x93, 0x1a, 0x97, 0x0c, 0x20, 0x27, 
    0x35, 0xfe, 0x2f, 0x0c, 0xf0, 0xfe, 0xe2, 0x68, 0x59, 0xe0, 0xee, 0xc5, 0x4d, 0x4c, 0x2f, 0x3a, 
    0x3e, 0x57, 0x03, 0x44, 0x78, 0xc8, 0x0c, 0xd4, 0xb2, 0x18, 0x65, 0x06, 0x54, 0xa3, 0xcb, 0xe5, 
    0xdd, 0x76, 0xb1, 0x8d, 0xf8, 0x5c, 0x0d, 0x70, 0xff, 0xbc, 0xe9, 0xa0, 0x82, 0x51, 0x8e, 0x08, 
    0x54, 0x53, 0x76, 0xaa, 0xff, 0xfa, 0x8e, 0x6d, 0xa5, 0x1d, 0x3c, 0xb8, 0x28, 0xf8, 0xdc, 0x0c, 
    0x70, 0xdf, 0x7f, 0xa4, 0x52, 0x19, 0x8a, 0xb5, 0x3f, 0x1c, 0x6c, 0x09, 0x75, 0xa1, 0x7b, 0xcb, 
    0xaa, 0x98, 0x5e, 0x14, 0x18, 0xe4, 0x45, 0x85, 0x7b, 0x5d, 0xcd, 0x5a, 0x65, 0xa0, 0x0c, 0xf3, 
    0x17, 0x6d, 0xd5, 0x8f, 0x0f, 0x05, 0x0d, 0xf4, 0xf6, 0xf8, 0x31, 0x38, 0x00, 0x04, 0x82, 0xc7, 
    0x8d, 0xbe, 0xde, 0x53, 0x66, 0x20, 0x10, 0x34, 0x0c, 0x34, 0x1a, 0x0a, 0x4d, 0xa1, 0xbd, 0x9b, 
    0x1b, 0x78, 0xd9, 0x05, 0x03, 0x4b, 0x70, 0x61, 0x91, 0x53, 0x59, 0x9b, 0xd3, 0xd5, 0x17, 0xda, 
    0xa8, 0x60, 0x96, 0xf3, 0x71, 0x15, 0x18, 0x17, 0x54, 0xbd, 0x01, 0x57, 0x63, 0xb6, 0xcf, 0xbd, 
    0xbb, 0xa3, 0xae, 0xaa, 0x83, 0x1f, 0x4c, 0x18, 0x2e, 0xa8, 0x01, 0xee, 0x9b, 0x77, 0x6d, 0x34, 
    0x4d, 0xb5, 0x93, 0x69, 0x0e, 0xa9, 0xe1, 0xcd, 0xca, 0x44, 0x5a, 0x7e, 0x01, 0xbc, 0x39, 0x7e, 
    0x28, 0x1e, 0xc3, 0xed, 0x81, 0x2b, 0x23, 0x03, 0x3c, 0x0f, 0x81, 0xee, 0x2e, 0x84, 0x02, 0x41, 
    0x9d, 0x07, 0x3b, 0x3b, 0x61, 0xb6, 0x9f, 0x85, 0xea, 0x3b, 0xc7, 0x93, 0x22, 0xe8, 0x70, 0xb9, 
    0x8c, 0xad, 0xa1, 0x67, 0x6f, 0xdd, 0xcd, 0x7c, 0x42, 0x60, 0x90, 0x13, 0x0e, 0x0a, 0xaf, 0x30, 
    0x4d, 0x3c, 0xcc, 0x9a, 0x2b, 0x01, 0x91, 0x96, 0x97, 0x8b, 0x8c, 0xa2, 0x42, 0xa4, 0x4f, 0x2d, 
    0x80, 0xe1, 0xf5, 0x6a, 0xe1, 0x4a, 0x29, 0x12, 0x5a, 0xac, 0xc9, 0x24, 0x24, 0x91, 0x17, 0x49, 
    0x0c, 0x85, 0x86, 0x62, 0x30, 0x10, 0x80, 0x3a, 0x7b, 0x06, 0x38, 0x7b, 0x1a, 0xaa, 0xb7, 0x87, 
    0x57, 0x0a, 0x8c, 0x16, 0x97, 0x0b, 0xdb, 0x68, 0x44, 0x3d, 0x0f, 0xce, 0x0b, 0x13, 0x6e, 0x80, 
    0x6b, 0xfd, 0xae, 0x5a, 0xa5, 0x54, 0x25, 0x08, 0x8f, 0x2f, 0x0d, 0x53, 0x16, 0x5e, 0x8e, 0x8c, 
    0xe9, 0x53, 0xc3, 0x4f, 0xe2, 0x8e, 0x62, 0xa9, 0x9b, 0x81, 0x91, 0xc9, 0x90, 0x01, 0xb6, 0x68, 
    0x52, 0x72, 0x11, 0xaf, 0x8f, 0x19, 0x49, 0x8e, 0x15, 0x40, 0x3b, 0x8d, 0x38, 0xf5, 0x31, 0x14, 
    0x4d, 0x11, 0xf0, 0x6e, 0x3b, 0xcd, 0xbd, 0x9b, 0xb7, 0x31, 0x1d, 0x37, 0x78, 0x8f, 0x89, 0x81, 
    0xf4, 0xf5, 0xce, 0xbe, 0xe0, 0x3e, 0xa6, 0xe5, 0x20, 0xa6, 0x2c, 0x5c, 0x80, 0x9c, 0xd9, 0x25, 
    0x70, 0x19, 0x06, 0xb8, 0x91, 0xdc, 0x85, 0x11, 0x11, 0xcf, 0x9d, 0x18, 0x20, 0x82, 0xad, 0x28, 
    0xb4, 0x04, 0x4b, 0x2e, 0x51, 0x28, 0x26, 0x08, 0x11, 0xa4, 0x09, 0x41, 0x8a, 0x3f, 0xdd, 0x06, 
    0x45, 0x5a, 0x50, 0xf5, 0x7e, 0x9f, 0xb7, 0x6a, 0xbc, 0x63, 0xc3, 0x50, 0xa9, 0xce, 0x03, 0xde, 
    0x0d, 0xb5, 0x65, 0xc1, 0x50, 0xb0, 0x96, 0x69, 0x99, 0xcb, 0xe3, 0x41, 0xd1, 0x35, 0x2b, 0xe0, 
    0x63, 0x1f, 0x17, 0xf1, 0xec, 0xb3, 0x14, 0x2f, 0x0f, 0xd2, 0x3b, 0x96, 0x57, 0x36, 0xfe, 0xa3, 
    0x1e, 0xa7, 0x01, 0x22, 0x58, 0x47, 0xb6, 0x00, 0x11, 0x1d, 0xd4, 0x39, 0xa3, 0x83, 0x2a, 0x18, 
    0xb2, 0x0c, 0x10, 0x23, 0xce, 0xf5, 0x02, 0x1f, 0x7f, 0xc8, 0xfb, 0xf0, 0x46, 0x40, 0x93, 0xc7, 
    0xed, 0xa9, 0x0a, 0x3c, 0x53, 0xd5, 0xc4, 0x3c, 0x29, 0x48, 0x91, 0xce, 0x0b, 0xe1, 0x9a, 0x3f, 
    0xc8, 0xb4, 0x2c, 0x25, 0x2b, 0x0b, 0x85, 0xcb, 0x97, 0x22, 0x35, 0x33, 0x1d, 0x6e, 0x76, 0x52, 
    0x11, 0xaf, 0x49, 0x07, 0xb8, 0x45, 0x20, 0xc2, 0xb9, 0x0d, 0x17, 0x4f, 0x81, 0x12, 0x45, 0xa8, 
    0xe4, 0x12, 0xa3, 0x29, 0x9f, 0x47, 0x0c, 0x90, 0xd8, 0xdf, 0x07, 0x7c, 0x7a, 0x8a, 0x5d, 0x62, 
    0x90, 0x77, 0x45, 0x93, 0xdf, 0xe7, 0xb9, 0x3e, 0xd9, 0x96, 0xe0, 0x28, 0xd6, 0xf8, 0x60, 0xac, 
    0xab, 0x39, 0xc8, 0x50, 0x2e, 0xe2, 0x8b, 0xae, 0x59, 0x8e, 0x94, 0xd4, 0x54, 0xb8, 0xdd, 0x2e, 
    0x1a, 0x60, 0x90, 0x61, 0x13, 0xa8, 0x9e, 0x5b, 0x04, 0x5a, 0x3c, 0x77, 0x22, 0x5e, 0x9b, 0x20, 
    0xb5, 0xce, 0x5c, 0x04, 0x8a, 0xd0, 0x78, 0x0c, 0x04, 0xc5, 0x80, 0xb0, 0x78, 0x3b, 0x0e, 0x52, 
    0x7c, 0xdb, 0x27, 0x34, 0x81, 0x39, 0xbb, 0x83, 0xda, 0xfb, 0xbd, 0x1b, 0x99, 0x24, 0x0c, 0x47, 
    0xb1, 0x92, 0x87, 0x3d, 0xe0, 0x49, 0xb3, 0x9f, 0x59, 0xfe, 0x45, 0xa4, 0xa4, 0xa5, 0xc2, 0x23, 
    0xe2, 0xdd, 0x86, 0x15, 0x45, 0x7c, 0xc4, 0x04, 0x5e, 0xc0, 0xc7, 0xf1, 0x7c, 0x72, 0xc8, 0x80, 
    0x51, 0xc5, 0x53, 0xb0, 0xc4, 0x00, 0x29, 0x51, 0x8e, 0x4d, 0x19, 0x0c, 0x39, 0x55, 0x6a, 0xf1, 
    0xb6, 0x09, 0x03, 0x7d, 0x50, 0x6d, 0x9f, 0x52, 0x3f, 0x17, 0xd6, 0x30, 0x1e, 0x31, 0xf7, 0xde, 
    0xba, 0x95, 0x0f, 0x4b, 0x08, 0xba, 0x58, 0xe3, 0x81, 0x35, 0xd5, 0x29, 0x19, 0xf4, 0x50, 0x74, 
    0xed, 0x2a, 0xf8, 0x72, 0xfd, 0x5a, 0xb4, 0xcd, 0x21, 0x13, 0x6c, 0x03, 0xec, 0x47, 0x49, 0xbf, 
    0xe7, 0xa0, 0xce, 0x9d, 0x34, 0xf9, 0x98, 0xc2, 0x49, 0x2d, 0x9a, 0x82, 0x25, 0x17, 0x5a, 0xc7, 
    0x21, 0x9e, 0xcf, 0x71, 0x20, 0xda, 0x00, 0x52, 0xf5, 0xb1, 0x3b, 0x70, 0xaa, 0x14, 0xf0, 0x79, 
    0x37, 0x26, 0x3a, 0x45, 0xda, 0xa5, 0x4a, 0x1a, 0xc6, 0xba, 0x5d, 0x27, 0x29, 0xa6, 0x24, 0x67, 
    0xc1, 0x3c, 0x3d, 0xda, 0x8b, 0x58, 0xaf, 0xdb, 0x0d, 0x8f, 0xc7, 0x32, 0xc0, 0xa2, 0xd5, 0x0d, 
    0xa4, 0x4b, 0x88, 0x01, 0xdc, 0xa4, 0x92, 0x68, 0x80, 0x25, 0x5e, 0x84, 0xad, 0x9e, 0xea, 0xc1, 
    0xdc, 0x2c, 0xb7, 0x6e, 0x11, 0x47, 0xcf, 0x0c, 0xe2, 0x95, 0xd6, 0x73, 0xfa, 0x73, 0xa1, 0x34, 
    0xf9, 0x20, 0x05, 0x0f, 0xe5, 0x26, 0xbe, 0x56, 0x9a, 0x81, 0x25, 0x05, 0xa9, 0x72, 0x13, 0x34, 
    0xff, 0xb7, 0x0b, 0x0d, 0x47, 0x58, 0xf3, 0x62, 0x00, 0x89, 0x9e, 0x6e, 0x70, 0x59, 0x2d, 0xa5, 
    0x6b, 0x51, 0x7b, 0x6f, 0x2d, 0x65, 0x32, 0x26, 0x0c, 0x32, 0x69, 0xb8, 0xd7, 0x3f, 0x59, 0x69, 
    0x2a, 0xb3, 0xd6, 0x9d, 0x96, 0x86, 0xc2, 0x2f, 0x5d, 0x47, 0xe1, 0x14, 0x4b, 0xe1, 0x76, 0x14, 
    0xf1, 0xda, 0x0c, 0x46, 0x8b, 0x6c, 0x01, 0x34, 0xc2, 0x36, 0x40, 0x6a, 0xff, 0x96, 0xd2, 0x14, 
    0x7c, 0xb3, 0x38, 0x05, 0x59, 0x5e, 0x17, 0xef, 0x38, 0x84, 0xae, 0x41, 0x13, 0xb5, 0xc7, 0xba, 
    0xf0, 0xe0, 0xe1, 0x76, 0xab, 0xd6, 0x49, 0x11, 0x7f, 0xf7, 0x8a, 0x3c, 0xdc, 0x56, 0x96, 0x87, 
    0x9c, 0x34, 0x37, 0xcf, 0x1a, 0x42, 0x47, 0x5f, 0x00, 0x8f, 0xbc, 0xfa, 0x01, 0xaa, 0x5f, 0x7e, 
    0x57, 0x1b, 0xa1, 0xd7, 0x0a, 0xbc, 0xbf, 0xcb, 0x70, 0x55, 0x85, 0xf6, 0x6c, 0xaa, 0xc3, 0x18, 
    0x60, 0x91, 0x92, 0x43, 0x78, 0xd4, 0x3f, 0x29, 0x69, 0xde, 0x95, 0x5f, 0xe0, 0x22, 0x67, 0x9a, 
    0x16, 0x6d, 0x8b, 0xd7, 0xc2, 0x75, 0xe4, 0x31, 0xe9, 0x65, 0xee, 0x91, 0xcf, 0xb4, 0x09, 0x06, 
    0xc5, 0x2b, 0x6c, 0x9d, 0x9f, 0x82, 0x1b, 0x8a, 0xbc, 0xbc, 0x45, 0x7c, 0x3c, 0xff, 0x7e, 0x37, 
    0xb6, 0x1c, 0x6c, 0xd3, 0x26, 0x3c, 0x52, 0x3e, 0x15, 0x1b, 0x16, 0xfa, 0xf9, 0x69, 0x7c, 0xd4, 
    0x1d, 0xfa, 0x08, 0xdf, 0xdd, 0x7d, 0x18, 0x90, 0xa5, 0xb3, 0x4c, 0x91, 0xf4, 0x86, 0xb3, 0x42, 
    0xe9, 0x58, 0xb3, 0x42, 0xd2, 0x06, 0xb8, 0x6e, 0xae, 0xd9, 0xca, 0x39, 0xfc, 0x61, 0x59, 0xcb, 
    0xe7, 0x2f, 0x5b, 0x16, 0x5b, 0x2c, 0xa3, 0xfe, 0x4c, 0x47, 0x1e, 0x33, 0x97, 0xef, 0x64, 0x50, 
    0x5c, 0x37, 0xd3, 0x8d, 0x0d, 0x25, 0x29, 0xbc, 0xd3, 0xd8, 0x78, 0xf0, 0xf0, 0x59, 0x56, 0xa6, 
    0xc2, 0x5d, 0x2b, 0xa6, 0xf0, 0x68, 0x6c, 0x54, 0xff, 0xe1, 0x1d, 0x54, 0x37, 0x1c, 0x65, 0x57, 
    0xe8, 0x62, 0x33, 0x0b, 0x25, 0xd4, 0x0a, 0x92, 0x36, 0x80, 0xd3, 0x5e, 0x3d, 0xc3, 0xda, 0xac, 
    0x05, 0x0b, 0x90, 0x31, 0xa3, 0xc8, 0x12, 0x48, 0x71, 0x5a, 0xb0, 0x50, 0xe7, 0x51, 0x9f, 0x91, 
    0x32, 0x28, 0x1a, 0xec, 0x03, 0xcf, 0xad, 0x4e, 0x47, 0xa6, 0x77, 0xf8, 0x63, 0x43, 0x9d, 0xe7, 
    0x70, 0xe6, 0xe1, 0x06, 0xf4, 0xbc, 0xf2, 0x4f, 0x1e, 0x01, 0xd9, 0xdf, 0xba, 0x0e, 0xf9, 0x77, 
    0xac, 0x45, 0xe7, 0x00, 0x07, 0x3c, 0xc2, 0x9f, 0x3a, 0xbc, 0xd9, 0xc7, 0x3b, 0xbf, 0xe3, 0x5c, 
    0x00, 0x79, 0xdb, 0x1a, 0xac, 0xf5, 0xc1, 0xc0, 0x00, 0xbf, 0x41, 0x83, 0xda, 0xbb, 0xb9, 0x82, 
    0x31, 0x2e, 0x86, 0x97, 0x24, 0x01, 0xd0, 0x00, 0xc5, 0x80, 0xbc, 0xd5, 0xab, 0x39, 0xe7, 0xa7, 
    0x68, 0xa1, 0x22, 0xd0, 0x16, 0x6d, 0xe5, 0x56, 0x14, 0xca, 0x00, 0x68, 0x35, 0x7f, 0x17, 0x56, 
    0x17, 0x78, 0x70, 0xdf, 0x12, 0x1f, 0xaf, 0x1e, 0x8e, 0xb6, 0x9f, 0x3e, 0x83, 0xf6, 0x27, 0x0f, 
    0x30, 0x03, 0x8a, 0x5f, 0xa9, 0xe6, 0x9e, 0x63, 0xc1, 0x73, 0xaf, 0x61, 0x6a, 0xf5, 0x06, 0x66, 
    0x23, 0x31, 0xda, 0xf9, 0x37, 0x3d, 0xfe, 0x37, 0xd4, 0x1f, 0x6a, 0xb1, 0xba, 0x02, 0x41, 0x03, 
    0x0c, 0x86, 0xb8, 0x88, 0xfb, 0xa5, 0xd5, 0xd7, 0x03, 0xb5, 0xce, 0x85, 0x85, 0x3d, 0xf5, 0xb9, 
    0xf9, 0xf3, 0xd5, 0xbf, 0x6c, 0xb9, 0x6e, 0xd6, 0x22, 0xd2, 0xa6, 0xf3, 0x58, 0x0b, 0xa7, 0x68, 
    0xa9, 0x79, 0x99, 0x09, 0xd8, 0xfa, 0x51, 0x39, 0x37, 0x0d, 0x1b, 0xc9, 0x68, 0xbc, 0xbf, 0xf8, 
    0x47, 0x30, 0x59, 0xab, 0x82, 0xe2, 0x3f, 0x55, 0x73, 0xcf, 0x55, 0xee, 0xa6, 0x47, 0x31, 0xfb, 
    0xf5, 0x5f, 0x32, 0x1b, 0x89, 0xd1, 0xce, 0xaf, 0x7e, 0xe9, 0x18, 0xaa, 0xf7, 0x35, 0x5b, 0x06, 
    0x70, 0xc4, 0xe5, 0xb8, 0x33, 0xea, 0x94, 0x68, 0x90, 0x23, 0x10, 0x16, 0x5a, 0xcb, 0x34, 0xc7, 
    0xe9, 0xa0, 0x6b, 0xdd, 0xae, 0x9d, 0x5c, 0xc6, 0x6c, 0x49, 0x9d, 0x39, 0x0b, 0xe9, 0x25, 0xd6, 
    0xd4, 0x27, 0xb5, 0xee, 0xac, 0x71, 0xa1, 0x16, 0x4f, 0x4a, 0x9f, 0xd7, 0xe2, 0x19, 0xd9, 0xfa, 
    0xb1, 0x69, 0x9e, 0x0f, 0x55, 0xf3, 0x47, 0xb6, 0x80, 0xf7, 0x17, 0xdd, 0x06, 0xb3, 0x8b, 0xcd, 
    0xd6, 0x01, 0xcf, 0x8c, 0x29, 0x98, 0xf3, 0xf7, 0x5f, 0x31, 0x1b, 0x89, 0xd1, 0xce, 0xaf, 0x7e, 
    0xe9, 0x28, 0xaa, 0x5f, 0xa0, 0x01, 0x83, 0xfd, 0xec, 0x2b, 0xa6, 0x3c, 0xb7, 0xda, 0xdc, 0xb3, 
    0xf9, 0x3e, 0xc4, 0x81, 0x41, 0x46, 0x60, 0xd7, 0x3a, 0x3f, 0xae, 0xe0, 0xa1, 0x86, 0xd3, 0x00, 
    0x63, 0x7d, 0x4d, 0x23, 0xd7, 0x31, 0x6b, 0x7c, 0x8b, 0xaf, 0x40, 0x4a, 0x6e, 0x6e, 0x7c, 0xe1, 
    0xac, 0x75, 0xa9, 0x7d, 0x11, 0xee, 0x34, 0x60, 0xcd, 0xf4, 0x14, 0x3c, 0x70, 0x75, 0x36, 0xef, 
    0x34, 0x1c, 0xa7, 0x1f, 0xaa, 0xc7, 0x99, 0x87, 0x1a, 0x98, 0x0d, 0x61, 0x0a, 0xfb, 0x74, 0xfe, 
    0x1d, 0x91, 0x62, 0x0c, 0xc3, 0x68, 0xe7, 0xdf, 0xf4, 0x9b, 0xbf, 0x5a, 0x5d, 0x40, 0x96, 0xc6, 
    0xb2, 0x6a, 0x34, 0xf0, 0x67, 0xb5, 0x67, 0x73, 0x39, 0xe2, 0x80, 0xc5, 0xb2, 0xe0, 0xac, 0x75, 
    0x32, 0x82, 0x58, 0x06, 0xa4, 0x2d, 0x5a, 0xac, 0x0d, 0x10, 0xb1, 0x42, 0x5b, 0xb8, 0x88, 0x16, 
    0xf1, 0x22, 0xda, 0x8e, 0xf6, 0x02, 0x48, 0x06, 0x40, 0x06, 0x1c, 0xfc, 0x46, 0xfe, 0x88, 0xb9, 
    0x5f, 0x20, 0xfd, 0xba, 0x3b, 0x3c, 0xa8, 0xf9, 0xbf, 0x2d, 0x83, 0x5a, 0x05, 0xba, 0x38, 0x08, 
    0x2a, 0x39, 0x8e, 0x1a, 0x04, 0x05, 0xb1, 0xce, 0x67, 0xe5, 0x21, 0xf7, 0xf6, 0x17, 0x2c, 0xf1, 
    0x42, 0x33, 0xc4, 0x07, 0x27, 0x67, 0x40, 0x1d, 0x78, 0x3f, 0x32, 0x82, 0x61, 0x06, 0x84, 0x57, 
    0x7f, 0xa9, 0x4b, 0xae, 0x82, 0x27, 0xdd, 0x67, 0x89, 0x0e, 0x53, 0xc4, 0xca, 0x60, 0x27, 0x31, 
    0x22, 0x9e, 0x35, 0xef, 0x34, 0x40, 0xf0, 0xc3, 0x45, 0x99, 0xf8, 0xc1, 0xe2, 0x4c, 0x66, 0x63, 
    0xe3, 0x81, 0x7f, 0x9c, 0x86, 0xac, 0x10, 0x7f, 0xbc, 0xaa, 0x80, 0x47, 0x63, 0xa3, 0x7a, 0xbf, 
    0xf4, 0xff, 0x23, 0x96, 0x78, 0x59, 0x14, 0x71, 0x41, 0x44, 0x34, 0x51, 0xc3, 0x52, 0xc6, 0x98, 
    0xb0, 0x4a, 0x15, 0x86, 0xd5, 0x05, 0x82, 0x75, 0xe0, 0x34, 0x47, 0x6a, 0xf0, 0xe2, 0xc8, 0x39, 
    0xf6, 0x0c, 0xe0, 0x5d, 0xbe, 0x8a, 0x62, 0x45, 0xb0, 0x45, 0x5b, 0xb0, 0xce, 0x45, 0x34, 0x29, 
    0xc7, 0x22, 0x5e, 0x72, 0x06, 0x3e, 0x88, 0x3b, 0x82, 0x63, 0x08, 0x7e, 0xb6, 0x32, 0x07, 0x15, 
    0xb3, 0x33, 0x78, 0x14, 0x1f, 0xcf, 0xfe, 0xbb, 0x13, 0xdf, 0x3f, 0xf0, 0x89, 0x5e, 0x09, 0x3e, 
    0xf1, 0x95, 0x42, 0x7c, 0xe7, 0x8a, 0x5c, 0x7e, 0x1a, 0x1f, 0xbb, 0x5f, 0x6f, 0x45, 0xd5, 0x53, 
    0x87, 0x2c, 0xe1, 0xf6, 0x6f, 0x04, 0x9a, 0x27, 0x70, 0x6a, 0x88, 0x46, 0xcc, 0x2f, 0x9c, 0xad, 
    0xc1, 0x79, 0xb1, 0x6d, 0x80, 0xfb, 0xaa, 0x95, 0x96, 0x58, 0x32, 0xba, 0xd6, 0xc5, 0x00, 0x89, 
    0x22, 0x5c, 0x0c, 0x30, 0xd8, 0xda, 0xb9, 0xd7, 0x26, 0xd8, 0x90, 0x72, 0xdd, 0x7e, 0x65, 0x36, 
    0x2a, 0x17, 0x66, 0x21, 0x3b, 0x85, 0x27, 0x38, 0xd0, 0x7d, 0xe8, 0x29, 0xbc, 0xf9, 0xde, 0xbb, 
    0xf8, 0xed, 0x27, 0xb3, 0xf0, 0x96, 0x7b, 0x3e, 0x4e, 0xa8, 0x42, 0x9a, 0xa0, 0xb0, 0xe3, 0x9a, 
    0x7c, 0x6c, 0x59, 0x51, 0x00, 0x7f, 0x9a, 0x87, 0x67, 0x0d, 0x41, 0x9a, 0xfd, 0xce, 0x83, 0x27, 
    0x50, 0xfd, 0xe2, 0xdb, 0x14, 0x2d, 0xc2, 0x85, 0x14, 0x2f, 0x31, 0x0c, 0xa7, 0x86, 0x68, 0xc4, 
    0xfd, 0xc2, 0x6e, 0x0d, 0xbc, 0xb8, 0x82, 0x87, 0x1a, 0x1c, 0x03, 0x5a, 0x58, 0x81, 0xc5, 0xc6, 
    0xa2, 0x2b, 0xe1, 0xf6, 0xf9, 0x28, 0x9a, 0x06, 0x50, 0xac, 0x53, 0xbc, 0xcc, 0xf7, 0x56, 0x24, 
    0xa9, 0x9a, 0x1b, 0xc9, 0xc8, 0xeb, 0xf5, 0x8e, 0xe2, 0xb9, 0xd1, 0x04, 0xa5, 0x9b, 0xf7, 0x0d, 
    0x33, 0xd3, 0xb1, 0x30, 0x8f, 0x2f, 0x4a, 0xf9, 0xe1, 0x5b, 0xa7, 0xfb, 0x31, 0xaf, 0xf9, 0x7e, 
    0x6c, 0x0b, 0xd5, 0xc0, 0x0c, 0x98, 0x70, 0x53, 0x48, 0xaf, 0x2b, 0x1d, 0xc7, 0xdc, 0xf3, 0x70, 
    0x40, 0xad, 0xc4, 0x11, 0x35, 0x17, 0x45, 0xa5, 0x4b, 0x51, 0x34, 0x63, 0xae, 0x6e, 0xde, 0xcd, 
    0x1f, 0x76, 0x60, 0x5f, 0xd3, 0xc7, 0x96, 0x58, 0xcd, 0xb0, 0x70, 0xa1, 0xf4, 0x7f, 0x0d, 0xd5, 
    0xcc, 0xa9, 0xbc, 0x8c, 0x49, 0x4c, 0x48, 0x91, 0x12, 0x06, 0x0d, 0x68, 0x64, 0xe9, 0xd7, 0x18, 
    0xb3, 0xe7, 0xb1, 0x6d, 0xe4, 0x52, 0xb8, 0x18, 0x60, 0x89, 0x77, 0x69, 0x13, 0x48, 0x56, 0xb9, 
    0x16, 0x4f, 0x5e, 0xde, 0xd6, 0x86, 0x95, 0x2d, 0x2d, 0x28, 0x39, 0x73, 0x96, 0x57, 0x03, 0xad, 
    0xf9, 0x53, 0xf0, 0x46, 0x69, 0x09, 0xde, 0x99, 0x3a, 0x8d, 0xb7, 0xe1, 0x3f, 0xaa, 0xa6, 0x0e, 
    0x6d, 0x84, 0xfc, 0x42, 0x64, 0xab, 0xc3, 0xb6, 0xee, 0x47, 0x71, 0xef, 0xcc, 0xbd, 0xf0, 0x2e, 
    0xc8, 0x87, 0xc9, 0x95, 0x9d, 0xd9, 0x39, 0x00, 0xd5, 0xd5, 0x8f, 0x81, 0xcf, 0x06, 0x98, 0xf7, 
    0xc3, 0x13, 0xa2, 0x29, 0x86, 0x0f, 0xc7, 0x54, 0x29, 0x0e, 0x0c, 0x2e, 0xc5, 0x91, 0xc1, 0x62, 
    0xbc, 0x35, 0x38, 0x13, 0x59, 0xa7, 0xbd, 0xb8, 0xee, 0xf4, 0x67, 0x98, 0xd3, 0xdb, 0x23, 0x37, 
    0xc4, 0x7f, 0xf8, 0x42, 0xf6, 0x35, 0x7f, 0x36, 0xde, 0xce, 0xc8, 0x48, 0x6c, 0x10, 0x4c, 0x04, 
    0x11, 0x03, 0x4a, 0xe6, 0x70, 0xfd, 0x99, 0xc3, 0xbe, 0xe0, 0xa6, 0x68, 0xd6, 0x78, 0x58, 0x7c, 
    0xa4, 0xf6, 0x59, 0xe3, 0xb3, 0xdb, 0xdb, 0x51, 0xf9, 0xc6, 0x1b, 0xac, 0x7d, 0x5e, 0x18, 0x85, 
    0xa7, 0x57, 0x5e, 0x8d, 0x93, 0xb9, 0x79, 0x96, 0x01, 0x4a, 0xca, 0xcb, 0xc8, 0x44, 0x4c, 0xb8, 
    0xb3, 0xf7, 0x31, 0x6c, 0x9f, 0xf5, 0x9c, 0x36, 0x20, 0x16, 0x62, 0x99, 0xe2, 0x6e, 0x4f, 0x47, 
    0xef, 0xb1, 0x32, 0x74, 0x98, 0x19, 0xf8, 0x28, 0x90, 0x8b, 0xb3, 0xa1, 0x0c, 0x9c, 0x0a, 0xfa, 
    0x31, 0xa0, 0x3c, 0x78, 0x7a, 0xfa, 0xf4, 0x43, 0x47, 0x5e, 0xda, 0xb2, 0x92, 0x97, 0xc6, 0x44, 
    0x8c, 0xe2, 0xc5, 0x87, 0xbd, 0x10, 0x32, 0xa6, 0x4d, 0x07, 0xf2, 0x49, 0x1a, 0x20, 0xd4, 0xa2, 
    0x1d, 0xe2, 0xa5, 0xf6, 0x67, 0x77, 0xb4, 0x63, 0xd3, 0x9b, 0x6f, 0xf2, 0x2a, 0x22, 0xf2, 0x14, 
    0x49, 0x14, 0x76, 0xaf, 0x58, 0x81, 0x13, 0x11, 0x03, 0x84, 0x14, 0xc6, 0x9d, 0xf0, 0xae, 0xbe, 
    0xc7, 0xf0, 0x93, 0xe2, 0xe7, 0xe3, 0x1a, 0xe0, 0x84, 0x98, 0x11, 0x3a, 0xd5, 0x83, 0xbe, 0xc3, 
    0x7c, 0xbf, 0xf0, 0xaf, 0xf9, 0xe8, 0x54, 0x19, 0x78, 0x67, 0xa0, 0x10, 0x1f, 0x04, 0xa6, 0xa0, 
    0xdb, 0x4c, 0xe5, 0x19, 0xc0, 0x8b, 0xf9, 0xf9, 0x8f, 0xfd, 0xe5, 0x8f, 0x77, 0xde, 0xce, 0x34, 
    0x26, 0xa4, 0x44, 0x09, 0x23, 0x3c, 0x38, 0xee, 0x33, 0x52, 0xb9, 0x9c, 0x2d, 0x65, 0x3f, 0xa4, 
    0x78, 0xb6, 0x7d, 0x1d, 0x8d, 0x28, 0x03, 0xa4, 0xdf, 0x2f, 0xe6, 0xab, 0xeb, 0xd5, 0x1f, 0x7c, 
    0x88, 0x92, 0xf6, 0xb3, 0xfa, 0x41, 0x27, 0xf3, 0xf2, 0xf0, 0x7a, 0xf1, 0x2c, 0x1c, 0xcb, 0x9f, 
    0x4a, 0x1b, 0x68, 0x05, 0xc5, 0x0b, 0xa9, 0x5b, 0x8b, 0x17, 0xde, 0xd3, 0xff, 0x6b, 0xec, 0x28, 
    0xfd, 0x5d, 0x5c, 0x03, 0x22, 0xa2, 0x5b, 0x7a, 0xe0, 0xe9, 0xe9, 0xc5, 0x71, 0x75, 0x19, 0x6a, 
    0xba, 0xbe, 0x8c, 0xf7, 0x4e, 0x2d, 0xc4, 0xdc, 0x36, 0x13, 0xb3, 0xad, 0x9f, 0xc2, 0x38, 0x91, 
    0xe6, 0xc3, 0xab, 0x39, 0xd9, 0x38, 0x96, 0x99, 0x99, 0xfc, 0x52, 0x38, 0x1e, 0xc2, 0x03, 0x63, 
    0x3b, 0x53, 0x18, 0x73, 0xe6, 0x73, 0xfd, 0x99, 0x02, 0xaa, 0x0e, 0x9b, 0x60, 0x45, 0x31, 0xc0, 
    0xa0, 0x01, 0xdc, 0xb4, 0x09, 0xfa, 0x1f, 0xf3, 0x68, 0x88, 0x70, 0xea, 0xd6, 0x91, 0x2d, 0x9f, 
    0x26, 0xf0, 0x98, 0xc9, 0xf6, 0x81, 0xc7, 0xb1, 0x63, 0xce, 0xef, 0x87, 0x19, 0x10, 0x11, 0xdd, 
    0x4a, 0xd1, 0xdd, 0x14, 0x8d, 0x19, 0xa8, 0xe9, 0xbd, 0x01, 0xfb, 0xfb, 0x96, 0xa1, 0x75, 0x30, 
    0xcf, 0x1a, 0xf4, 0x64, 0xd5, 0x27, 0x31, 0x0a, 0x1c, 0xc4, 0x63, 0x3c, 0x7d, 0x08, 0xa3, 0x7e, 
    0x19, 0x0b, 0x9c, 0x0a, 0xc5, 0xcd, 0xb5, 0x46, 0xc1, 0x34, 0x3d, 0x10, 0xda, 0xc2, 0x59, 0xed, 
    0x43, 0xe4, 0x40, 0xa8, 0xc5, 0x6b, 0xf2, 0x6c, 0xee, 0x24, 0xd8, 0xa0, 0x56, 0x82, 0x82, 0x19, 
    0x45, 0xb8, 0x95, 0xd0, 0x05, 0xbe, 0x68, 0xd8, 0x1e, 0x78, 0x02, 0x3b, 0xe6, 0xee, 0x83, 0x7b, 
    0xa6, 0x3f, 0x2c, 0xba, 0x97, 0xa2, 0x7b, 0x70, 0xdc, 0x98, 0x85, 0x9a, 0xfe, 0xaf, 0x62, 0xff, 
    0xc0, 0xd5, 0x68, 0x65, 0x13, 0xd7, 0x82, 0x43, 0x21, 0x4b, 0xb4, 0xe4, 0x7c, 0x5f, 0x28, 0xd7, 
    0x47, 0xa1, 0x81, 0x06, 0x54, 0x30, 0xc6, 0x85, 0xb3, 0x5c, 0x09, 0xc1, 0x7e, 0x21, 0x62, 0xf0, 
    0x75, 0x18, 0x0a, 0x67, 0xf0, 0x03, 0x0a, 0x8e, 0x61, 0x80, 0x88, 0xd6, 0xcd, 0x40, 0x1e, 0x21, 
    0x79, 0x34, 0x44, 0x74, 0x84, 0x2c, 0x38, 0x9b, 0xbf, 0xc4, 0xed, 0x9c, 0x02, 0xef, 0x71, 0xef, 
    0x86, 0x8b, 0xc2, 0x8e, 0xbb, 0x66, 0x61, 0xd7, 0xe0, 0xd7, 0xb1, 0x3f, 0xb0, 0x0a, 0x2d, 0x41, 
    0xb6, 0x08, 0x11, 0x2a, 0xa2, 0x35, 0xed, 0x9c, 0x51, 0xc4, 0x47, 0xa6, 0xbd, 0x21, 0x5c, 0x90, 
    0x17, 0x22, 0xe1, 0x6e, 0xd0, 0x02, 0xd6, 0xbf, 0xc1, 0xbe, 0x8c, 0x8c, 0x4c, 0x3e, 0x29, 0xda, 
    0x00, 0xde, 0xd6, 0x36, 0x41, 0x93, 0x67, 0x5b, 0x3b, 0x82, 0x42, 0x05, 0x5a, 0xb8, 0x83, 0xba, 
    0x05, 0x28, 0xdc, 0xa2, 0x5e, 0xe6, 0xea, 0xab, 0x0b, 0xfb, 0x43, 0xd7, 0xa2, 0x35, 0x54, 0x40, 
    0x81, 0xfc, 0x1f, 0x21, 0x11, 0xa7, 0xc5, 0x3a, 0x49, 0xe1, 0xce, 0x38, 0x12, 0x9d, 0x7c, 0x25, 
    0x56, 0x32, 0xe1, 0xaf, 0xc4, 0x04, 0xf6, 0x4b, 0x51, 0x83, 0x83, 0x1f, 0x0a, 0x2f, 0xa3, 0x68, 
    0x46, 0x11, 0x2c, 0xe2, 0xa5, 0xd6, 0x25, 0xd7, 0xc2, 0xc3, 0x14, 0xd8, 0x51, 0x40, 0xa1, 0x1a, 
    0x12, 0x35, 0x29, 0x3e, 0xdc, 0x02, 0xb4, 0x11, 0x11, 0xf2, 0xc7, 0x90, 0x44, 0x11, 0xc8, 0x5c, 
    0xc7, 0x61, 0x8c, 0x2b, 0x9e, 0xc5, 0x18, 0xbb, 0xf6, 0x05, 0x8e, 0x52, 0x25, 0x07, 0xae, 0x09, 
    0x5a, 0x58, 0x99, 0xc5, 0xc8, 0xce, 0x86, 0x91, 0x99, 0xcd, 0x27, 0x8a, 0x68, 0x52, 0x47, 0xde, 
    0xd6, 0x49, 0xfb, 0x31, 0x12, 0xa8, 0xd3, 0x02, 0x13, 0x2d, 0x3e, 0x4c, 0x11, 0x6a, 0x47, 0x52, 
    0x0b, 0x17, 0xd1, 0x76, 0x64, 0x4b, 0xb0, 0xa2, 0xcd, 0x20, 0xc9, 0x18, 0x0b, 0x06, 0x5a, 0xb9, 
    0xf8, 0x29, 0x41, 0x02, 0x90, 0x22, 0x8d, 0x0b, 0xf6, 0x94, 0xc8, 0x94, 0xef, 0xc7, 0x38, 0x28, 
    0xa5, 0xa4, 0x52, 0x2b, 0xc5, 0x47, 0xb7, 0x00, 0x79, 0x04, 0xb7, 0x11, 0x10, 0xb1, 0x02, 0x89, 
    0xba, 0xe6, 0xad, 0xa8, 0xc2, 0x71, 0x84, 0x70, 0x39, 0x16, 0xc1, 0x92, 0x4b, 0x14, 0xc6, 0x01, 
    0xa7, 0xe1, 0x51, 0xa7, 0x3e, 0x27, 0x62, 0x15, 0x2d, 0x61, 0xd8, 0x0b, 0x23, 0x2d, 0x94, 0x0b, 
    0x1b, 0xf9, 0x6b, 0x0f, 0x3e, 0x9d, 0x77, 0xe5, 0xa8, 0x4f, 0x72, 0xc7, 0xb3, 0x48, 0x6e, 0xe1, 
    0x5d, 0x18, 0x22, 0x52, 0x82, 0xde, 0x51, 0x2f, 0xa3, 0xe4, 0xb6, 0x70, 0x3b, 0xda, 0x14, 0xb1, 
    0x12, 0x6d, 0xf1, 0x92, 0xc7, 0x01, 0x9f, 0x7c, 0x71, 0xfe, 0x6b, 0xcc, 0x06, 0xbb, 0x42, 0x23, 
    0x35, 0xac, 0x91, 0xc5, 0x10, 0xb2, 0xfc, 0x96, 0x01, 0x42, 0x2d, 0x9e, 0xd0, 0x91, 0xe4, 0x16, 
    0x01, 0xb5, 0xea, 0x9d, 0x16, 0x1d, 0x45, 0x11, 0x17, 0x6d, 0x80, 0x08, 0x97, 0x28, 0xe2, 0xe5, 
    0x9c, 0xf8, 0x18, 0x73, 0xda, 0x8b, 0x86, 0xb3, 0x58, 0xe3, 0x82, 0x35, 0x2b, 0x04, 0x1a, 0x79, 
    0xab, 0x25, 0xda, 0x04, 0x1f, 0x7f, 0xe7, 0x4b, 0x14, 0xe1, 0x9a, 0x20, 0xf4, 0x2e, 0x0a, 0x14, 
    0xc2, 0x4d, 0x0b, 0x8a, 0x90, 0x22, 0x75, 0x6b, 0x90, 0xe8, 0x64, 0x88, 0x64, 0x1c, 0x15, 0xaa, 
    0xd9, 0xef, 0xf3, 0x96, 0x8f, 0x35, 0xea, 0x47, 0x23, 0x56, 0xc9, 0x92, 0x86, 0x57, 0xff, 0x81, 
    0x44, 0xa0, 0x8e, 0xb7, 0x5b, 0xa2, 0x45, 0x73, 0x19, 0x1a, 0x31, 0x41, 0x1e, 0xc1, 0x2d, 0xbc, 
    0x23, 0x28, 0x50, 0xa0, 0x03, 0x77, 0x5a, 0xb8, 0x83, 0x22, 0x54, 0x1b, 0x10, 0xce, 0x85, 0x72, 
    0xde, 0xa8, 0x50, 0xcd, 0xa9, 0x86, 0xb7, 0xa2, 0x7f, 0x4f, 0x55, 0x0b, 0x92, 0x84, 0x5d, 0xaa, 
    0xf3, 0x86, 0x6e, 0x09, 0xfd, 0xc1, 0x7a, 0x96, 0x75, 0x0d, 0x0f, 0xe9, 0x8a, 0x97, 0x4b, 0x65, 
    0x8e, 0x09, 0xf2, 0x08, 0x6d, 0x84, 0x03, 0x22, 0x54, 0xe0, 0x8c, 0x22, 0x5a, 0xa2, 0x08, 0x97, 
    0x5c, 0x0b, 0x4f, 0x08, 0x0d, 0x9c, 0xef, 0x2b, 0x93, 0xad, 0x79, 0x1b, 0x51, 0x25, 0x3b, 0x7f, 
    0xb8, 0xd6, 0xd7, 0xd4, 0x51, 0xc7, 0x46, 0xa6, 0xbc, 0x3b, 0x6f, 0x2f, 0x4b, 0x65, 0x43, 0x5a, 
    0x03, 0x8f, 0x05, 0x8a, 0xd4, 0x60, 0xc2, 0x4d, 0xef, 0x78, 0xc1, 0x30, 0x26, 0x88, 0x64, 0x07, 
    0xbc, 0x58, 0xb0, 0x8b, 0x35, 0xa1, 0xd0, 0x53, 0xa4, 0x52, 0x3b, 0xa9, 0xad, 0x98, 0x87, 0x16, 
    0xc4, 0x8c, 0x68, 0x24, 0x21, 0x76, 0x18, 0x38, 0xcf, 0xf3, 0x47, 0x97, 0xfc, 0xbd, 0x60, 0x3d, 
    0x8f, 0xce, 0x0b, 0x31, 0x4a, 0x35, 0x71, 0x08, 0xaf, 0x18, 0x77, 0x32, 0xe5, 0xf4, 0x30, 0x21, 
    0xe8, 0xe4, 0x0a, 0x6f, 0x6b, 0x22, 0x2b, 0xbc, 0x44, 0x71, 0x41, 0x0d, 0x10, 0xc8, 0xd8, 0xd0, 
    0xdd, 0x6f, 0xb2, 0x45, 0x98, 0x15, 0x3c, 0x5c, 0x4b, 0x8e, 0x07, 0x0d, 0x14, 0x5e, 0x9f, 0x95, 
    0xe6, 0xaa, 0x1f, 0x6f, 0x5f, 0x8f, 0x87, 0x0b, 0x6e, 0x40, 0x34, 0xa4, 0x7b, 0xf0, 0x1d, 0x40, 
    0x19, 0x1b, 0x7f, 0x39, 0x04, 0x4a, 0xe5, 0xb0, 0x18, 0x4b, 0x98, 0x11, 0xaa, 0x99, 0x5d, 0xa5, 
    0x83, 0x89, 0x14, 0xac, 0x91, 0x8b, 0xa9, 0xa6, 0x89, 0x68, 0xe6, 0xa3, 0x81, 0xcf, 0x99, 0xdc, 
    0xb8, 0x64, 0x00, 0x39, 0xa9, 0x71, 0xc9, 0x00, 0x72, 0x52, 0xe3, 0x92, 0x01, 0xe4, 0xa4, 0xc6, 
    0xff, 0x00, 0xa4, 0x14, 0xa8, 0xaa, 0x7d, 0xec, 0x36, 0xda, 0x00, 0x00, 0x00, 0x00, 0x49, 0x45, 
    0x4e, 0x44, 0xae, 0x42, 0x60, 0x82, 
};

static const uint8_t ASSET_PROJECTILE_DRILL_PNG[] = {
    0x89, 0x50, 0x4e, 0x47, 0x0d, 0x0a, 0x1a, 0x0a, 0x00, 0x00, 0x00, 0x0d, 0x49, 0x48, 0x44, 0x52, 
    0x00, 0x00, 0x00, 0x40, 0x00, 0x00, 0x00, 0x40, 0x08, 0x06, 0x00, 0x00, 0x00, 0xaa, 0x69, 0x71, 
    0xde, 0x00, 0x00, 0x0f, 0x5c, 0x49, 0x44, 0x41, 0x54, 0x78, 0x9c, 0xed, 0x5a, 0x6b, 0x70, 0x15, 
    0xe7, 0x79, 0x7e, 0xf6, 0x9c, 0x23, 0xe9, 0x48, 0xe8, 0xc6, 0x45, 0x12, 0x02, 0x21, 0x90, 0x00, 
    0x49, 0x58, 0x10, 0x64, 0x81, 0x41, 0xd0, 0x10, 0x44, 0xb0, 0xdd, 0x76, 0x30, 0x46, 0x4c, 0xa6, 
    0x7f, 0x9a, 0x36, 0xa6, 0x6e, 0x3d, 0x6d, 0x7f, 0xc5, 0xfd, 0xd9, 0xf6, 0x47, 0x3b, 0xd3, 0xce, 
    0xb4, 0xb9, 0x4d, 0xf0, 0x24, 0x3f, 0xf2, 0xcf, 0xd8, 0xce, 0x24, 0x1e, 0xc7, 0x36, 0x92, 0x13, 
    0x12, 0x3b, 0x36, 0x46, 0xc1, 0xb6, 0xa4, 0xb1, 0x0d, 0x48, 0x16, 0x60, 0x04, 0xba, 0x21, 0x71, 
    0xb1, 0x31, 0xba, 0xeb, 0x08, 0x5d, 0xcf, 0xe6, 0x79, 0xbe, 0x3d, 0x7b, 0x2e, 0x48, 0x02, 0x74, 
    0x23, 0x99, 0x81, 0xe7, 0xec, 0xb3, 0xef, 0xb7, 0xbb, 0x9f, 0x76, 0xf7, 0x79, 0xbe, 0xcb, 0x7e, 
    0xfb, 0xad, 0x2c, 0x3c, 0xe0, 0x78, 0x68, 0x00, 0xf9, 0x40, 0xe3, 0xa1, 0x01, 0xe4, 0x03, 0x8d, 
    0x87, 0x06, 0x90, 0x0f, 0x34, 0x1e, 0x1a, 0x40, 0xde, 0x17, 0x94, 0x94, 0x97, 0xa7, 0x0f, 0x07, 
    0x46, 0x36, 0x33, 0x09, 0xff, 0xa2, 0x84, 0x86, 0xfa, 0xea, 0xea, 0x5e, 0x26, 0xff, 0xe4, 0x58, 
    0x10, 0x03, 0x0a, 0xb7, 0xee, 0x3c, 0x80, 0xa0, 0x5d, 0x0e, 0xcb, 0x2e, 0xb1, 0x6d, 0x94, 0xe3, 
    0x0e, 0xb0, 0x2c, 0x54, 0xc3, 0xb6, 0xea, 0xe1, 0xb1, 0xaa, 0x9b, 0x3e, 0xad, 0xa9, 0xe2, 0xae, 
    0xfb, 0x8a, 0x79, 0x33, 0xa0, 0x68, 0x6b, 0x59, 0x79, 0xd0, 0xb6, 0xbe, 0x0b, 0x23, 0xd8, 0x4e, 
    0xc7, 0xac, 0x60, 0xf5, 0xf2, 0x8e, 0xaa, 0x3d, 0x96, 0xfd, 0xc2, 0x85, 0x4f, 0xeb, 0xaa, 0x71, 
    0x1f, 0x30, 0x67, 0x03, 0x8a, 0xca, 0xca, 0xd6, 0xd8, 0x63, 0x78, 0x71, 0xaa, 0x92, 0xce, 0xca, 
    0x5e, 0x89, 0xcc, 0xec, 0x15, 0x4c, 0xd9, 0x88, 0x8b, 0x8f, 0x47, 0xda, 0xe2, 0xa5, 0x08, 0x32, 
    0x63, 0x4f, 0xd7, 0x4d, 0x8c, 0x0e, 0x0f, 0xc3, 0x66, 0xfa, 0xe6, 0x97, 0xd7, 0xd1, 0xf5, 0xd5, 
    0x0d, 0xe6, 0x89, 0x85, 0x6a, 0x86, 0x15, 0x87, 0x7f, 0xb8, 0x50, 0x57, 0xd7, 0x8e, 0x05, 0xc4, 
    0xac, 0x0d, 0x50, 0x9b, 0x1e, 0x1a, 0x18, 0xfe, 0x31, 0xb5, 0x1d, 0x42, 0x08, 0xf1, 0xf1, 0x09, 
    0xc8, 0xcd, 0xcb, 0x47, 0x6e, 0x7e, 0x3e, 0x96, 0x67, 0xe7, 0x20, 0x2e, 0x21, 0xc1, 0x88, 0x74, 
    0x19, 0x0c, 0x92, 0x76, 0x10, 0x13, 0x8a, 0x41, 0xc6, 0x89, 0x09, 0x4c, 0x8c, 0x8f, 0x63, 0x78, 
    0x78, 0x08, 0x5f, 0x7d, 0x71, 0x1d, 0x5f, 0x5e, 0xbd, 0xc2, 0x78, 0x0d, 0xe3, 0x63, 0x63, 0x3c, 
    0x5b, 0x08, 0x16, 0x8e, 0x24, 0xa5, 0xf8, 0xff, 0x6d, 0xa1, 0xfa, 0x8c, 0x59, 0x19, 0xa0, 0x52, 
    0x0f, 0x8e, 0x59, 0x47, 0xa9, 0xaa, 0x84, 0x9b, 0x06, 0xeb, 0x8b, 0x1e, 0x41, 0xd9, 0xae, 0x72, 
    0x24, 0xf8, 0x13, 0xb8, 0xe5, 0x80, 0x9a, 0xc9, 0x90, 0x78, 0x91, 0xa2, 0x8d, 0x09, 0x8c, 0x13, 
    0x2e, 0x8d, 0x09, 0x63, 0x18, 0xa7, 0x11, 0xe2, 0xf0, 0xd0, 0x10, 0x2e, 0x9e, 0x6b, 0x30, 0x66, 
    0x84, 0x61, 0x59, 0xf5, 0x9e, 0x38, 0xfb, 0xe0, 0x42, 0xd4, 0x86, 0x19, 0x1b, 0x50, 0xfc, 0xd8, 
    0xce, 0x92, 0xb1, 0x09, 0xfb, 0x04, 0xa5, 0xa5, 0x73, 0x13, 0xab, 0xf3, 0xd7, 0x62, 0xc7, 0xae, 
    0x3d, 0x48, 0x4d, 0x4f, 0x33, 0x27, 0xb3, 0x58, 0x77, 0x5d, 0x48, 0x38, 0x17, 0x8a, 0x0f, 0x32, 
    0xda, 0x14, 0x1c, 0x11, 0x6f, 0xe2, 0x04, 0xc9, 0x28, 0xe1, 0xc6, 0x84, 0x31, 0x99, 0xc0, 0x48, 
    0x06, 0xfa, 0x07, 0xd0, 0x72, 0xe1, 0x1c, 0xba, 0x6f, 0xba, 0xcd, 0xc3, 0xea, 0x8d, 0xf3, 0x5a, 
    0x7b, 0xce, 0x7d, 0x52, 0x53, 0xcf, 0x8d, 0x79, 0x43, 0xe4, 0x6e, 0xef, 0x01, 0x45, 0xa5, 0x65, 
    0x87, 0x82, 0xc0, 0x8b, 0x4c, 0x1a, 0x94, 0x6e, 0x2b, 0xc3, 0xd6, 0x1d, 0x7f, 0x01, 0x0f, 0x45, 
    0x7b, 0x3c, 0x16, 0x4f, 0xc6, 0x1f, 0xd3, 0x2e, 0x24, 0x5a, 0x25, 0x6f, 0x62, 0x94, 0xf8, 0x30, 
    0x8d, 0x01, 0xac, 0x01, 0x8c, 0xaa, 0xf6, 0x12, 0x1e, 0x36, 0x21, 0xb4, 0xdd, 0x72, 0xe1, 0x3c, 
    0x6b, 0x43, 0x27, 0xcf, 0xe6, 0xc0, 0x03, 0xf6, 0x0b, 0xa7, 0xeb, 0x8e, 0x60, 0x9e, 0x10, 0xb9, 
    0xdb, 0xbb, 0xc0, 0x29, 0xf9, 0xe0, 0x19, 0x26, 0x11, 0xcf, 0xb6, 0x5d, 0xb6, 0x6b, 0x37, 0x36, 
    0x14, 0x6f, 0xa2, 0x70, 0x0f, 0xbc, 0xa4, 0x45, 0x03, 0x64, 0x84, 0x7e, 0x82, 0x4d, 0x52, 0xb9, 
    0x31, 0x40, 0x35, 0x20, 0xc6, 0x00, 0x0a, 0x76, 0xe2, 0x04, 0xc6, 0x4d, 0x9a, 0x71, 0x9c, 0x0c, 
    0x89, 0x36, 0x91, 0x1c, 0x23, 0xb5, 0x2d, 0x03, 0x3a, 0x5b, 0x5b, 0x98, 0x7f, 0x9c, 0x27, 0x05, 
    0xe2, 0xbc, 0x9e, 0x47, 0xe7, 0xab, 0x26, 0x38, 0x77, 0x7b, 0x17, 0x98, 0x36, 0x3f, 0x6a, 0x51, 
    0xbc, 0x9d, 0x2e, 0xf1, 0xfb, 0x0e, 0xfe, 0x0d, 0x32, 0xb3, 0xb2, 0xe0, 0xf5, 0x3a, 0xe2, 0x65, 
    0x82, 0xc7, 0x72, 0x4c, 0xd0, 0x09, 0x55, 0x0b, 0x54, 0xea, 0x5c, 0x48, 0x47, 0xbc, 0x11, 0xec, 
    0x52, 0xa2, 0x29, 0x5e, 0xe9, 0x71, 0x45, 0x6e, 0x2b, 0x4a, 0xb4, 0x04, 0x1b, 0xe1, 0x21, 0xba, 
    0xe9, 0x81, 0xbe, 0x1e, 0x34, 0x9f, 0x6f, 0x64, 0xde, 0x09, 0x5d, 0xa1, 0xd7, 0x13, 0x6f, 0x3f, 
    0x3a, 0x1f, 0x7d, 0x82, 0xee, 0xf7, 0x8e, 0x70, 0x7a, 0xfb, 0x91, 0x13, 0x54, 0x52, 0xc2, 0x4d, 
    0x7c, 0x63, 0xef, 0x93, 0x28, 0x62, 0xc9, 0x1b, 0xf1, 0xa2, 0xc7, 0x4b, 0xb2, 0xf4, 0x65, 0x02, 
    0xa3, 0xc4, 0xeb, 0xe7, 0x18, 0xc0, 0x52, 0x17, 0x29, 0x54, 0x62, 0x25, 0x54, 0x51, 0x62, 0x95, 
    0x76, 0x22, 0x85, 0x87, 0xd2, 0xea, 0x0b, 0x24, 0x56, 0x34, 0xc2, 0xc7, 0x47, 0x23, 0x69, 0xf2, 
    0xab, 0x2f, 0xae, 0xe2, 0x4a, 0x5b, 0x2b, 0xef, 0x82, 0x60, 0xc7, 0x98, 0x94, 0x92, 0xb0, 0x67, 
    0xae, 0x4f, 0x87, 0xbb, 0x1a, 0x50, 0xb0, 0xa5, 0xec, 0x08, 0xeb, 0xf3, 0x33, 0x4c, 0xa2, 0xe4, 
    0xb1, 0xed, 0xd8, 0x5a, 0xb6, 0x13, 0x3e, 0x2f, 0x45, 0x93, 0x1d, 0x6d, 0x2d, 0x46, 0x74, 0x41, 
    0xe1, 0x06, 0x9a, 0x10, 0x6d, 0x00, 0xf8, 0x27, 0xec, 0xfc, 0x58, 0xf2, 0x61, 0xf1, 0x22, 0x85, 
    0x3a, 0x82, 0x25, 0x3c, 0x24, 0xda, 0x30, 0xb2, 0x7f, 0x6c, 0x2c, 0x56, 0xf4, 0x38, 0xb7, 0xdd, 
    0xb4, 0x8e, 0x5d, 0x6d, 0x6f, 0x45, 0xb7, 0x3b, 0x6e, 0xb0, 0xf0, 0xd2, 0xc5, 0x53, 0x75, 0x87, 
    0x30, 0x07, 0xe8, 0x5e, 0xa7, 0x85, 0x53, 0xf5, 0xd1, 0xc6, 0x24, 0x56, 0xad, 0xc9, 0xc7, 0x13, 
    0xfb, 0x9e, 0xa6, 0x78, 0x96, 0x3a, 0xc5, 0x9f, 0xaf, 0x3f, 0x83, 0x95, 0xcb, 0x97, 0xf2, 0x88, 
    0x07, 0x37, 0xba, 0xba, 0xb0, 0x6d, 0xc7, 0xd7, 0xc3, 0x26, 0xb8, 0x08, 0x8b, 0xa7, 0x40, 0x89, 
    0x53, 0xda, 0x44, 0x6d, 0xab, 0xcd, 0x33, 0x2d, 0x5e, 0xbb, 0xd2, 0x89, 0xa5, 0x99, 0xcb, 0x4d, 
    0x5a, 0x22, 0x1d, 0xb1, 0x12, 0x1d, 0x12, 0x3f, 0xaa, 0xed, 0xc8, 0xfe, 0xce, 0xd6, 0x8b, 0x18, 
    0xec, 0xef, 0xe7, 0x15, 0x78, 0xf5, 0x78, 0xe4, 0xcd, 0xa5, 0x29, 0x44, 0xee, 0x76, 0x0a, 0x14, 
    0x6e, 0x29, 0x3b, 0xc1, 0x1a, 0x5c, 0x0e, 0xe2, 0x5b, 0x7f, 0xf7, 0x0c, 0xd2, 0xd3, 0x17, 0xd3, 
    0x00, 0x96, 0x7c, 0x7b, 0x1b, 0x16, 0x27, 0xc7, 0xe3, 0xc0, 0xbe, 0xa7, 0x78, 0x04, 0xa8, 0x7c, 
    0xeb, 0x37, 0x08, 0x52, 0xfc, 0x86, 0x47, 0x36, 0x1a, 0x03, 0x54, 0x0b, 0x6c, 0x96, 0xbe, 0x04, 
    0x1b, 0x52, 0x98, 0x4a, 0x59, 0x02, 0xc5, 0x89, 0xb0, 0x78, 0x67, 0xdf, 0xcb, 0x3f, 0xfb, 0x09, 
    0x16, 0xa5, 0xa4, 0x20, 0x3b, 0x67, 0x35, 0x56, 0xae, 0xce, 0x43, 0x52, 0x72, 0x0a, 0xc5, 0x86, 
    0xc4, 0x93, 0xd1, 0xe2, 0xb5, 0xff, 0xd6, 0x50, 0x00, 0x6d, 0x4d, 0x9f, 0xf3, 0xca, 0x14, 0x60, 
    0xa1, 0xba, 0xe9, 0x54, 0xdd, 0x1e, 0x26, 0x67, 0x05, 0x8b, 0x9c, 0x12, 0x66, 0x6c, 0x1f, 0xc4, 
    0x09, 0x26, 0x91, 0x5f, 0x50, 0x84, 0x5d, 0x7b, 0x9f, 0x34, 0xe2, 0x55, 0x03, 0x3a, 0x8d, 0x01, 
    0x09, 0x78, 0x7a, 0xdf, 0x3e, 0x1e, 0x0d, 0x19, 0xe0, 0x8d, 0x43, 0xf1, 0x23, 0x8f, 0xf0, 0xb8, 
    0x17, 0xea, 0x0c, 0x55, 0xfa, 0x12, 0xe8, 0x88, 0x27, 0x6f, 0x13, 0x6d, 0x18, 0xda, 0x27, 0x03, 
    0xa2, 0x91, 0x4a, 0xa3, 0xb3, 0x57, 0xad, 0xc6, 0x92, 0x8c, 0x0c, 0xd6, 0xb6, 0x38, 0x8a, 0x96, 
    0xf8, 0x58, 0x43, 0xbe, 0xe8, 0xbc, 0xcc, 0x8e, 0xd1, 0x69, 0xfe, 0xf4, 0x7e, 0xcf, 0x6c, 0xdf, 
    0x1d, 0xa6, 0x35, 0xa0, 0x70, 0xcb, 0x8e, 0x4a, 0xdb, 0xb6, 0x0f, 0x68, 0x0c, 0x5f, 0xf1, 0xb7, 
    0xdf, 0x41, 0x52, 0x62, 0x92, 0x11, 0x27, 0x03, 0x7c, 0x3e, 0x35, 0x81, 0xd3, 0xc8, 0xce, 0xe0, 
    0xd8, 0x9e, 0x79, 0x7b, 0xfb, 0x06, 0xb1, 0x7d, 0xe7, 0x4e, 0xde, 0x2c, 0x8f, 0x31, 0x8f, 0x9a, 
    0x82, 0xa9, 0xe6, 0x14, 0x17, 0x43, 0x23, 0x38, 0x6a, 0x3f, 0xb7, 0x65, 0xd0, 0x4b, 0x21, 0x03, 
    0xfe, 0xea, 0x89, 0xbd, 0xf8, 0xa0, 0xa6, 0x0e, 0x81, 0x40, 0x80, 0x5b, 0x0e, 0xd2, 0x96, 0x2c, 
    0xc5, 0x32, 0x36, 0x8f, 0x94, 0xb4, 0x74, 0xd3, 0xa9, 0xca, 0x04, 0x19, 0xa0, 0x11, 0xe3, 0xd5, 
    0xf6, 0x16, 0x63, 0x34, 0x6b, 0x5c, 0x55, 0xd3, 0xa9, 0xda, 0x0a, 0x66, 0x9f, 0x31, 0xa6, 0x35, 
    0xa0, 0xa0, 0x74, 0x47, 0x0f, 0xbb, 0xb2, 0xf4, 0xbc, 0xf5, 0x85, 0xd8, 0x59, 0xfe, 0xb8, 0x11, 
    0x6d, 0xc4, 0x53, 0xa0, 0xcb, 0xcb, 0x6d, 0xcd, 0xf0, 0x78, 0x7d, 0x28, 0x2a, 0x2a, 0x32, 0xdb, 
    0x32, 0x40, 0xe2, 0x79, 0x43, 0xa8, 0xb9, 0x54, 0x8d, 0x9c, 0xc5, 0x79, 0xc8, 0x4c, 0xc9, 0xa6, 
    0x58, 0x47, 0xb4, 0xc4, 0x2a, 0x1a, 0x8e, 0x3b, 0xfb, 0x44, 0xb7, 0x06, 0x54, 0xbf, 0xfd, 0x1b, 
    0x8c, 0xd1, 0x94, 0x93, 0x1f, 0xd5, 0xe0, 0xdd, 0xe3, 0xef, 0xa3, 0xee, 0xe3, 0x4f, 0xcc, 0x98, 
    0x63, 0x74, 0x64, 0x84, 0x47, 0x69, 0xc6, 0xe2, 0x25, 0x48, 0x25, 0xfd, 0x49, 0x8b, 0x4c, 0x4d, 
    0xb8, 0x71, 0xed, 0x0a, 0x02, 0x03, 0xea, 0x0b, 0xac, 0xde, 0x8b, 0xa7, 0x6b, 0x17, 0x33, 0x31, 
    0x63, 0x4c, 0x69, 0x40, 0xc1, 0x96, 0x1d, 0x15, 0xb4, 0xfb, 0x28, 0x93, 0xf8, 0xfa, 0xde, 0xbf, 
    0x34, 0xc3, 0x5d, 0x75, 0x7c, 0x12, 0x69, 0xe8, 0x73, 0x8c, 0x70, 0xf6, 0x49, 0xb4, 0x13, 0x9d, 
    0x47, 0xa1, 0x07, 0xef, 0x9e, 0xab, 0xc2, 0x3b, 0x37, 0x3f, 0x44, 0x3c, 0xc7, 0x2d, 0x13, 0x3d, 
    0xfd, 0xc8, 0x58, 0xba, 0x0a, 0xeb, 0x52, 0xd6, 0x22, 0x3b, 0x2d, 0x17, 0x59, 0x29, 0xb9, 0x48, 
    0x8c, 0x4b, 0x36, 0xc2, 0x45, 0x99, 0xf2, 0xf2, 0xcf, 0x7e, 0xca, 0x2b, 0x45, 0x0c, 0xd0, 0x7e, 
    0xd5, 0x8e, 0x5f, 0xbe, 0x71, 0x14, 0xbf, 0x7b, 0xf7, 0x38, 0x92, 0x93, 0x12, 0xd1, 0x79, 0xb9, 
    0x1d, 0x2e, 0x74, 0xdd, 0x44, 0xf6, 0x13, 0xba, 0x6e, 0x5f, 0x4f, 0x17, 0xf7, 0x10, 0x96, 0x75, 
    0xf0, 0xe2, 0xa9, 0xda, 0x4a, 0xa6, 0x66, 0x84, 0x29, 0x0d, 0x60, 0xf5, 0x3f, 0xcc, 0xea, 0xf6, 
    0x5d, 0x26, 0x71, 0xf0, 0xdb, 0x87, 0x90, 0xc8, 0xea, 0xaf, 0xd2, 0x95, 0x68, 0xf1, 0xf6, 0xb4, 
    0x21, 0x85, 0x4b, 0xbc, 0x46, 0x83, 0xef, 0x9d, 0xff, 0x35, 0x8e, 0x66, 0xb7, 0xa0, 0xff, 0xf1, 
    0x62, 0xbc, 0xe8, 0x7f, 0x1a, 0x17, 0xba, 0x2f, 0xe3, 0xd3, 0xd6, 0x33, 0xb8, 0xd6, 0x78, 0x1e, 
    0x81, 0x96, 0x0e, 0xf8, 0x82, 0x16, 0x32, 0xd2, 0x72, 0x90, 0xeb, 0x5f, 0x83, 0x65, 0x8b, 0x56, 
    0xe0, 0xf8, 0xab, 0xc7, 0x78, 0xa5, 0xc9, 0x06, 0x34, 0x7e, 0x7e, 0x01, 0x3f, 0x78, 0xc1, 0x31, 
    0xe7, 0xb9, 0x43, 0x7f, 0x8f, 0x8e, 0x8e, 0x4e, 0x7c, 0xf8, 0xd1, 0x47, 0xb8, 0x72, 0x25, 0xf2, 
    0xa2, 0x94, 0xb8, 0x28, 0x19, 0xc3, 0xb7, 0x86, 0x58, 0x59, 0xed, 0x5f, 0xb0, 0x19, 0x7c, 0x9b, 
    0xbb, 0x66, 0x84, 0x29, 0x0d, 0x60, 0x0d, 0x38, 0xc3, 0x13, 0x96, 0x2c, 0xcb, 0xca, 0xc6, 0x9e, 
    0xbf, 0xde, 0x4f, 0x81, 0x12, 0xeb, 0x21, 0x25, 0xd8, 0x49, 0x2b, 0xba, 0xc2, 0x5d, 0xca, 0x00, 
    0xea, 0xc7, 0xfb, 0x9f, 0x1f, 0x43, 0xd5, 0xca, 0x56, 0x58, 0x4f, 0x94, 0xe2, 0xbd, 0xe4, 0xef, 
    0x60, 0x95, 0x27, 0x95, 0x67, 0x75, 0xd0, 0x19, 0xec, 0xc3, 0xb9, 0xe1, 0x2f, 0x70, 0xe1, 0x66, 
    0x1b, 0x4e, 0x35, 0x9f, 0xc1, 0xd5, 0xfa, 0xb3, 0x18, 0x3f, 0x3a, 0xc8, 0x23, 0x93, 0x0d, 0x18, 
    0x63, 0xfc, 0xc5, 0x6b, 0x6f, 0xe0, 0xf8, 0x1f, 0x4e, 0x62, 0xfd, 0xda, 0x7c, 0xfc, 0xf3, 0x3f, 
    0x3d, 0x6b, 0xf6, 0xb7, 0x5f, 0xbe, 0x8c, 0x9a, 0x9a, 0x5a, 0x7c, 0x76, 0xf6, 0x9c, 0xe9, 0x01, 
    0x35, 0xb7, 0x10, 0x18, 0xe8, 0xa3, 0x1a, 0xab, 0x9e, 0x97, 0x3f, 0x62, 0xc5, 0xd9, 0x55, 0xf7, 
    0xfa, 0x68, 0x64, 0xfe, 0xc9, 0x28, 0x28, 0x2d, 0xb3, 0x19, 0x50, 0xb4, 0xa9, 0x04, 0xc5, 0xa5, 
    0x8f, 0x51, 0x70, 0xac, 0x68, 0x1f, 0xab, 0x9e, 0xa2, 0x44, 0x2b, 0x4a, 0xb8, 0x21, 0xd5, 0xab, 
    0xfd, 0x57, 0x37, 0x1d, 0xc3, 0xaf, 0x73, 0xda, 0x4d, 0x0d, 0x10, 0xd2, 0xac, 0x04, 0x14, 0x7b, 
    0x32, 0xb1, 0xd3, 0xb7, 0x0a, 0x1b, 0xbd, 0x19, 0x28, 0xf6, 0x66, 0xc6, 0x98, 0xf2, 0x8d, 0x5d, 
    0x07, 0xb8, 0x9e, 0xda, 0x80, 0xfe, 0x81, 0x41, 0xfc, 0xcf, 0xf7, 0x7e, 0x88, 0xee, 0x9e, 0x1e, 
    0xfc, 0xeb, 0x73, 0xff, 0x88, 0xd5, 0xb9, 0xb9, 0xe6, 0xb8, 0xf2, 0x5d, 0xbd, 0x76, 0x0d, 0x2f, 
    0xbd, 0xf2, 0x73, 0x76, 0x8a, 0x63, 0x34, 0xe1, 0x16, 0x4d, 0x50, 0x7f, 0x10, 0x82, 0x65, 0x55, 
    0x7a, 0x60, 0x57, 0xfa, 0x53, 0xfc, 0x55, 0x77, 0x1a, 0x2d, 0xde, 0xd1, 0x80, 0xc2, 0x8d, 0x9b, 
    0x8d, 0x01, 0x12, 0x29, 0x13, 0x1c, 0xc1, 0x6e, 0x24, 0x15, 0x49, 0x23, 0x9e, 0x8f, 0x3e, 0x89, 
    0x17, 0x4f, 0x5e, 0xfc, 0x1d, 0x7e, 0xef, 0x6b, 0x40, 0xdf, 0xfe, 0x47, 0x31, 0xbe, 0x38, 0x89, 
    0x67, 0x9a, 0x8c, 0x68, 0x53, 0xde, 0x7a, 0xe2, 0xff, 0xb9, 0x67, 0x6a, 0x03, 0x14, 0x5f, 0x7d, 
    0xe3, 0x4d, 0x9c, 0x38, 0xf9, 0x21, 0x9e, 0xdc, 0xfb, 0x4d, 0x7c, 0xb3, 0x7c, 0xb7, 0x39, 0xee, 
    0xe6, 0x3b, 0x73, 0xa6, 0x1e, 0xbf, 0x7d, 0xfb, 0x6d, 0x24, 0xb0, 0xb3, 0xdc, 0xbe, 0x6d, 0x1b, 
    0x1a, 0x1b, 0xea, 0xd1, 0xda, 0xd2, 0xcc, 0xb3, 0x81, 0x73, 0x13, 0x89, 0x18, 0x19, 0xbe, 0x25, 
    0x95, 0x47, 0x2c, 0xcb, 0x53, 0x39, 0xd5, 0x9c, 0xe3, 0x24, 0x03, 0xa2, 0x47, 0x7f, 0x25, 0xdb, 
    0x76, 0x60, 0xcd, 0xfa, 0x22, 0x78, 0x7d, 0x3e, 0x1a, 0x20, 0xb1, 0x14, 0x6f, 0x22, 0xc9, 0xe8, 
    0x51, 0x24, 0x4d, 0xc9, 0xbb, 0x06, 0xf0, 0xa7, 0xe5, 0xcd, 0x73, 0xaf, 0xa0, 0xa3, 0xbb, 0x19, 
    0xe3, 0x1e, 0x1b, 0x23, 0xf9, 0x19, 0x18, 0x58, 0xbf, 0x94, 0x31, 0x73, 0x4a, 0x43, 0x0a, 0x9e, 
    0x3a, 0xc9, 0xf5, 0xf4, 0x06, 0x7c, 0x58, 0x5b, 0x87, 0x57, 0x5e, 0x7d, 0x0d, 0x6b, 0xf3, 0xf2, 
    0xf0, 0xdc, 0xb3, 0x87, 0xcc, 0x71, 0x37, 0x9f, 0x4a, 0xff, 0x85, 0x9f, 0xfc, 0x14, 0x23, 0x7c, 
    0x52, 0x54, 0x54, 0x54, 0x70, 0x40, 0x95, 0x8a, 0xc1, 0xc1, 0x41, 0x34, 0x7e, 0xd6, 0x40, 0x23, 
    0x5a, 0x30, 0xc2, 0xfe, 0x61, 0x68, 0x70, 0x80, 0x67, 0x17, 0x34, 0xe7, 0x68, 0x57, 0xc6, 0x79, 
    0x3c, 0x2f, 0xb8, 0x6f, 0x93, 0x16, 0x19, 0x83, 0xe8, 0x01, 0xd0, 0xf6, 0xdd, 0x7b, 0x91, 0xb9, 
    0x62, 0x25, 0x7b, 0xfd, 0x38, 0x0a, 0xa6, 0x78, 0x8a, 0x95, 0xf0, 0xeb, 0x1d, 0x97, 0x4d, 0x3a, 
    0x37, 0x7f, 0x2d, 0x4d, 0x08, 0xbd, 0x08, 0x49, 0x3c, 0x19, 0x0d, 0x76, 0xa4, 0xe8, 0x1b, 0xea, 
    0x46, 0x67, 0x4f, 0x33, 0x9a, 0x07, 0x2e, 0xe1, 0x4a, 0x4f, 0x0b, 0xc6, 0xbd, 0x34, 0x24, 0x2f, 
    0x13, 0x83, 0x05, 0x11, 0x43, 0xee, 0x66, 0x40, 0x7b, 0x47, 0x07, 0xfe, 0xef, 0x47, 0x87, 0xd9, 
    0x19, 0xfb, 0xf1, 0x5f, 0xff, 0xf1, 0xef, 0xe6, 0xb8, 0x9b, 0x4f, 0x06, 0xbc, 0xf1, 0xe6, 0x51, 
    0xb4, 0xb4, 0xb6, 0x62, 0x7b, 0xd9, 0x76, 0xac, 0xe3, 0x63, 0x7b, 0x94, 0xfb, 0x46, 0x46, 0x47, 
    0x71, 0xfe, 0xec, 0x59, 0x34, 0x5f, 0x6c, 0x42, 0x76, 0xf6, 0x0a, 0x3e, 0x45, 0xda, 0xc2, 0x03, 
    0x27, 0x81, 0x77, 0xda, 0xce, 0x75, 0x25, 0x63, 0x2c, 0xa2, 0x0d, 0x78, 0x8c, 0x33, 0x3d, 0x9a, 
    0xd4, 0xf4, 0xd2, 0x00, 0x1f, 0x6b, 0x81, 0x44, 0x77, 0x34, 0x7f, 0x8e, 0xbc, 0x1c, 0x4d, 0x74, 
    0xb2, 0x43, 0xbb, 0xfe, 0x25, 0x0a, 0x8a, 0x37, 0xd3, 0x00, 0x47, 0xbc, 0x7e, 0xa1, 0x05, 0x36, 
    0xa9, 0x95, 0x4c, 0x30, 0x6f, 0x84, 0x22, 0x4f, 0xdc, 0x77, 0xab, 0x0b, 0x57, 0x7b, 0xdb, 0xd0, 
    0x1e, 0x68, 0xc1, 0xf5, 0xfe, 0x76, 0x4c, 0xd0, 0x10, 0x7f, 0xed, 0x22, 0x66, 0xbe, 0xbb, 0x01, 
    0x7e, 0xbf, 0x1f, 0xff, 0xfd, 0x9f, 0xb3, 0x30, 0x60, 0x05, 0x0d, 0x68, 0x9f, 0x64, 0xc0, 0x65, 
    0xde, 0xf4, 0x14, 0x06, 0x94, 0x45, 0x9a, 0x40, 0xf1, 0xa3, 0x5b, 0xb1, 0x2a, 0x7f, 0x1d, 0x0d, 
    0x50, 0x13, 0xf0, 0xe1, 0xc6, 0xf5, 0xab, 0x58, 0xbd, 0x7c, 0x09, 0x0e, 0xee, 0xdf, 0xcf, 0xa3, 
    0xac, 0xe6, 0x95, 0x6f, 0xe1, 0x46, 0x7f, 0xc0, 0x4c, 0x84, 0xba, 0x06, 0x30, 0x18, 0xd8, 0xa4, 
    0x56, 0x32, 0x40, 0x74, 0x0c, 0x20, 0x6d, 0xcd, 0x0f, 0x70, 0x88, 0xcc, 0xb4, 0xc6, 0x00, 0xfd, 
    0x34, 0xe4, 0xf8, 0xeb, 0x95, 0xcc, 0x3c, 0xbd, 0x01, 0xb3, 0x69, 0x02, 0x67, 0x1b, 0x3f, 0x43, 
    0x4b, 0x73, 0xf3, 0x6d, 0x4d, 0x00, 0x7d, 0xb0, 0xa0, 0x26, 0x70, 0x78, 0xda, 0x26, 0x20, 0xb8, 
    0x9d, 0x60, 0x1e, 0xdf, 0x01, 0xd6, 0x6d, 0xd8, 0xe4, 0x18, 0xc0, 0x91, 0xa0, 0x66, 0x6e, 0xd7, 
    0xae, 0xcc, 0xc4, 0x81, 0xa7, 0xf6, 0xf1, 0x28, 0x70, 0xb4, 0xea, 0x2d, 0x5c, 0xef, 0x09, 0x20, 
    0x67, 0xcd, 0x1a, 0x9e, 0x88, 0x3f, 0x0b, 0x86, 0x5c, 0x4b, 0xb9, 0xf4, 0x33, 0x30, 0x32, 0x21, 
    0xe1, 0x4a, 0x1b, 0x13, 0x8c, 0x01, 0xe4, 0x84, 0xe6, 0x02, 0x27, 0x70, 0xec, 0xb5, 0x9f, 0x33, 
    0xe7, 0xf4, 0x06, 0xdc, 0x4b, 0x27, 0x18, 0xcf, 0x21, 0x7b, 0x19, 0x6b, 0x40, 0x63, 0x03, 0xdb, 
    0x7e, 0xf3, 0x25, 0x9e, 0x2d, 0xa6, 0x13, 0x7c, 0x89, 0xab, 0xca, 0xa9, 0x06, 0x4a, 0x16, 0x39, 
    0x09, 0xae, 0x01, 0x6b, 0xd6, 0x15, 0x20, 0xbf, 0xa8, 0xd8, 0x18, 0xe0, 0x65, 0x0d, 0x50, 0x3f, 
    0x70, 0xa3, 0xa3, 0x15, 0xf9, 0xb9, 0x39, 0x14, 0x67, 0xe3, 0xca, 0xf5, 0xaf, 0x90, 0xb3, 0xae, 
    0x90, 0xa2, 0xd9, 0x0f, 0x90, 0x30, 0x0b, 0x57, 0x21, 0x28, 0x0f, 0x35, 0x93, 0x8a, 0x14, 0x2e, 
    0x52, 0xb8, 0xa8, 0xd2, 0x0f, 0x86, 0x0c, 0x78, 0xfb, 0xcd, 0x57, 0x99, 0x7b, 0x6a, 0x03, 0xf4, 
    0x18, 0xfc, 0xdf, 0xef, 0xff, 0x10, 0x5d, 0xdd, 0x53, 0x3f, 0x06, 0x5f, 0xe6, 0x63, 0x50, 0x55, 
    0x7e, 0x8c, 0x42, 0x07, 0x07, 0x22, 0x8f, 0x41, 0xde, 0x53, 0x95, 0x65, 0xf3, 0x31, 0x98, 0xea, 
    0xaf, 0x9c, 0xcd, 0x63, 0xb0, 0x9e, 0x61, 0xf3, 0xd2, 0xcc, 0x2c, 0x6c, 0x2c, 0xdd, 0x16, 0x32, 
    0x80, 0x9d, 0x20, 0x4d, 0xf0, 0x30, 0xde, 0xfc, 0xf2, 0x1a, 0x7b, 0x7d, 0x2f, 0x56, 0xf0, 0x8d, 
    0x8d, 0x17, 0x32, 0xe2, 0x15, 0x75, 0x36, 0xa6, 0xf8, 0xa7, 0x0e, 0x28, 0x5b, 0x2b, 0x23, 0xdc, 
    0x18, 0x40, 0xe1, 0x0e, 0x25, 0xde, 0x19, 0x06, 0x8b, 0xef, 0x55, 0xbd, 0xce, 0xdc, 0x53, 0x1b, 
    0xe0, 0x0e, 0x84, 0xd6, 0xe5, 0xe7, 0xe1, 0x5f, 0x68, 0x80, 0xf6, 0x9b, 0x81, 0x50, 0x6d, 0x2d, 
    0x1a, 0x1b, 0xcf, 0xc2, 0xe6, 0x7d, 0x84, 0x07, 0x42, 0x40, 0x03, 0xaf, 0x7f, 0xc4, 0x8a, 0xb7, 
    0x2b, 0xe7, 0x34, 0x10, 0x8a, 0x1e, 0x0a, 0x6f, 0xdf, 0xf3, 0x38, 0x9f, 0xb1, 0x89, 0x14, 0x2f, 
    0x03, 0xbc, 0xc6, 0x00, 0x13, 0x79, 0x61, 0x0f, 0x3b, 0x45, 0x8b, 0x34, 0x06, 0xb0, 0x23, 0xd4, 
    0xe9, 0x8c, 0x11, 0x21, 0xf0, 0x1c, 0x11, 0x4a, 0x38, 0x9b, 0x41, 0x90, 0x2f, 0x46, 0xc6, 0x04, 
    0x8a, 0xd3, 0x64, 0xa8, 0xe2, 0x89, 0x63, 0x95, 0xcc, 0x3d, 0xd9, 0x80, 0xdb, 0x87, 0xc2, 0x9d, 
    0x9d, 0x1a, 0x0a, 0xd7, 0x98, 0xe8, 0x42, 0x2f, 0x4b, 0xea, 0x07, 0x68, 0xf3, 0x8b, 0x4d, 0x9f, 
    0xd6, 0x3d, 0xcb, 0xc4, 0x8c, 0x10, 0xb9, 0xdb, 0x28, 0x70, 0x28, 0x1c, 0x7e, 0x19, 0x2a, 0xdc, 
    0xb4, 0x19, 0xcb, 0xb2, 0xf8, 0x24, 0x90, 0x68, 0xd2, 0x44, 0x89, 0xa6, 0x01, 0x46, 0x3c, 0x85, 
    0x73, 0x90, 0xc1, 0x34, 0x23, 0x7f, 0x5a, 0x9c, 0x15, 0x8b, 0x5e, 0x8b, 0xc4, 0x1b, 0x52, 0xb4, 
    0x84, 0xbb, 0xa4, 0x48, 0x51, 0x26, 0x7c, 0xf0, 0xce, 0x31, 0xe6, 0x9f, 0x6c, 0x80, 0xfb, 0x32, 
    0x94, 0xc2, 0x97, 0xa1, 0x8e, 0xa8, 0x97, 0x21, 0x5d, 0x57, 0x5f, 0xa1, 0x74, 0x3f, 0xb7, 0x02, 
    0x83, 0xdc, 0x43, 0xcc, 0xe7, 0xcb, 0x90, 0xc0, 0x66, 0xd0, 0xcb, 0x90, 0xb6, 0x2c, 0x6b, 0x39, 
    0xd6, 0x6e, 0xd8, 0xe8, 0x08, 0x27, 0x35, 0x18, 0xf2, 0x70, 0x2c, 0x10, 0x36, 0x80, 0x25, 0x6e, 
    0x0c, 0x60, 0xe4, 0x4a, 0x4b, 0x18, 0xd4, 0x6d, 0x56, 0x46, 0xbc, 0xa2, 0x84, 0x87, 0x29, 0x03, 
    0x9c, 0xbe, 0xa0, 0xf6, 0xfd, 0x77, 0x98, 0x31, 0x62, 0xc0, 0x07, 0x35, 0xb5, 0xf8, 0xfd, 0x7b, 
    0x7a, 0x1d, 0xfe, 0xd8, 0x94, 0xb0, 0xfb, 0x3a, 0x9c, 0xc8, 0xd7, 0x60, 0x1f, 0x3b, 0x3b, 0x5f, 
    0x5c, 0x3c, 0xb7, 0x80, 0x21, 0xb6, 0x79, 0xd3, 0xc9, 0xb1, 0x77, 0xbf, 0x78, 0xba, 0x2e, 0x9d, 
    0x71, 0xc6, 0x88, 0xba, 0xdd, 0x58, 0xb0, 0x19, 0x54, 0xb2, 0xe4, 0x0e, 0xa8, 0xfd, 0x7f, 0x6d, 
    0x6b, 0x99, 0xf9, 0xce, 0x27, 0xd1, 0x1a, 0x08, 0x29, 0x1a, 0xf1, 0xa4, 0x84, 0xbb, 0x06, 0x70, 
    0xe1, 0x19, 0xb5, 0x0a, 0x41, 0xa2, 0xa3, 0x19, 0xa4, 0x70, 0x99, 0x41, 0xe1, 0x11, 0x13, 0x26, 
    0xf0, 0xf1, 0xc9, 0xf7, 0x99, 0x59, 0x13, 0x22, 0x8f, 0xf3, 0x91, 0x57, 0xcb, 0xc7, 0x58, 0x80, 
    0x5b, 0x0e, 0x92, 0xf8, 0xb6, 0x17, 0x9f, 0x98, 0x68, 0x4a, 0x5c, 0x4f, 0x0e, 0xe5, 0x17, 0xf4, 
    0xb7, 0xfd, 0x3d, 0xdd, 0xe6, 0x9c, 0xbc, 0xf6, 0xfc, 0x4f, 0x88, 0x44, 0x0f, 0x88, 0x96, 0x64, 
    0x64, 0x9a, 0x21, 0xb1, 0x53, 0x03, 0x28, 0x96, 0x06, 0x48, 0xbc, 0x5b, 0xfd, 0x7b, 0x6e, 0xde, 
    0xe0, 0x89, 0x2c, 0x2c, 0x61, 0x6d, 0x31, 0x27, 0xd4, 0xca, 0x36, 0x0b, 0x57, 0x14, 0x1e, 0xa2, 
    0xc4, 0xeb, 0x86, 0x1d, 0xf1, 0x24, 0xc5, 0x28, 0x9e, 0xae, 0x39, 0xc9, 0x8c, 0x11, 0xe8, 0xf1, 
    0x95, 0x9c, 0x9a, 0x86, 0x04, 0x56, 0x7d, 0x76, 0xb1, 0x6c, 0x0e, 0x7a, 0x5a, 0x90, 0x7c, 0x6a, 
    0xb8, 0x88, 0x2a, 0x7d, 0xde, 0xc7, 0x02, 0x4c, 0x89, 0x09, 0x85, 0xa5, 0x65, 0xd5, 0x14, 0xb1, 
    0x9b, 0x49, 0x14, 0x6d, 0xde, 0x02, 0x3f, 0x4b, 0x42, 0x26, 0x18, 0xf1, 0x14, 0xae, 0x76, 0x3f, 
    0xd8, 0xdd, 0x85, 0xe2, 0xa2, 0xb5, 0xe6, 0x44, 0xe7, 0x2f, 0xb5, 0x22, 0x75, 0x69, 0x16, 0x53, 
    0x2e, 0x24, 0x9c, 0x6b, 0xae, 0x1c, 0x06, 0x63, 0x0d, 0x10, 0x69, 0xc2, 0x67, 0x9f, 0xd4, 0x9a, 
    0xcf, 0xe7, 0x12, 0xad, 0x59, 0x1f, 0x19, 0xec, 0x08, 0x66, 0x1f, 0xc1, 0x38, 0x4e, 0xe1, 0x8a, 
    0x2e, 0x54, 0xfa, 0x7d, 0xfc, 0xc4, 0x2e, 0xcc, 0xa5, 0xf4, 0x05, 0xdd, 0xf7, 0xb4, 0x88, 0x1e, 
    0x15, 0xa6, 0xa4, 0x2f, 0xc6, 0xea, 0x75, 0x05, 0x14, 0x1f, 0x32, 0x80, 0xec, 0xef, 0xed, 0x41, 
    0xe9, 0xc6, 0x22, 0x7c, 0xab, 0xe2, 0x00, 0x73, 0x00, 0xaf, 0x73, 0x48, 0xda, 0xd8, 0xd4, 0xcc, 
    0x79, 0xbc, 0x0c, 0x6e, 0x51, 0x38, 0x7f, 0x54, 0xcd, 0x25, 0x42, 0x89, 0x8e, 0x35, 0x61, 0x02, 
    0xb7, 0x58, 0xe5, 0x7d, 0x09, 0xf1, 0xc6, 0x0c, 0x23, 0x5a, 0x82, 0x15, 0xd9, 0x1f, 0x98, 0x74, 
    0x94, 0x78, 0x21, 0xd0, 0xdf, 0x1b, 0xee, 0x17, 0x16, 0x74, 0x5a, 0x5c, 0x88, 0xfe, 0x30, 0xb2, 
    0x6c, 0xf9, 0x0a, 0xbe, 0x1b, 0xac, 0x34, 0xe2, 0x55, 0xfa, 0x81, 0xbe, 0x3e, 0x6c, 0xdf, 0xf2, 
    0x35, 0x54, 0xec, 0x77, 0x86, 0xc6, 0xbf, 0xa2, 0x01, 0xf5, 0xe7, 0x9a, 0xcc, 0xbc, 0x9d, 0x0b, 
    0x89, 0x8e, 0xa1, 0x44, 0x47, 0xd7, 0x04, 0xd3, 0x1f, 0x48, 0xa8, 0x9a, 0x43, 0x28, 0x92, 0x8a, 
    0x12, 0xae, 0x18, 0x8d, 0x5b, 0x1c, 0xd6, 0x9a, 0x19, 0x20, 0x81, 0x23, 0xbc, 0x05, 0xfd, 0x30, 
    0x22, 0x98, 0x4f, 0x63, 0xfd, 0xc3, 0xd5, 0xe0, 0xc0, 0x88, 0xc4, 0xf2, 0x9c, 0x5c, 0x96, 0xf0, 
    0x32, 0x9a, 0xc0, 0x56, 0xcf, 0x66, 0x10, 0x1c, 0x1e, 0xc2, 0xa6, 0xe2, 0x42, 0x8a, 0xb3, 0x70, 
    0xbe, 0xe9, 0x12, 0x7c, 0x89, 0x8b, 0x98, 0xcb, 0x01, 0xe5, 0x6a, 0xc5, 0x63, 0x4c, 0x85, 0x29, 
    0xc1, 0x51, 0x06, 0x88, 0x14, 0xe9, 0x76, 0x70, 0xae, 0x09, 0xa2, 0xb6, 0xa3, 0x11, 0x35, 0xe0, 
    0x11, 0x1a, 0x92, 0x52, 0xfd, 0xe5, 0x77, 0x1a, 0xe5, 0xdd, 0x0b, 0xee, 0x6a, 0x80, 0x10, 0x6a, 
    0x0a, 0xf5, 0x4c, 0xa6, 0xa9, 0x0f, 0x58, 0x99, 0x9b, 0xcf, 0x99, 0x59, 0x76, 0x50, 0x34, 0x80, 
    0x6d, 0x90, 0x2f, 0x1b, 0xfd, 0x3c, 0xe4, 0x41, 0x72, 0x5a, 0x2a, 0xa3, 0xa0, 0xd3, 0x52, 0x39, 
    0xe1, 0x88, 0x36, 0x09, 0x2e, 0x14, 0xa9, 0x28, 0xb1, 0xa4, 0x1b, 0x45, 0x8d, 0x07, 0x24, 0x58, 
    0xd4, 0x94, 0xba, 0xf2, 0x46, 0x43, 0xb5, 0xa1, 0xbf, 0xa7, 0x8b, 0x29, 0x83, 0x3e, 0x56, 0xfd, 
    0x92, 0xb9, 0x54, 0x7d, 0x17, 0xba, 0xd3, 0x7b, 0x42, 0xf4, 0xe7, 0x71, 0x99, 0xb0, 0x24, 0x23, 
    0xcb, 0xcc, 0xd5, 0x3b, 0x26, 0xf0, 0x44, 0xce, 0x8a, 0x47, 0x19, 0x48, 0x69, 0x76, 0x57, 0x8e, 
    0x09, 0x51, 0xa4, 0x60, 0x35, 0x03, 0x09, 0x37, 0x69, 0x0a, 0x36, 0x25, 0x6f, 0xd2, 0xb1, 0xa5, 
    0x2e, 0xdc, 0x56, 0xf2, 0xf7, 0xff, 0xf3, 0xb8, 0x8b, 0xdb, 0xff, 0x41, 0x42, 0xff, 0xf4, 0xa4, 
    0x0f, 0x17, 0xae, 0x78, 0xae, 0x4d, 0x0c, 0x43, 0x62, 0x4d, 0xe0, 0x9a, 0x54, 0x14, 0x8d, 0xf0, 
    0x90, 0x01, 0xa2, 0x4c, 0x90, 0x78, 0xee, 0x64, 0xee, 0x58, 0xc4, 0xb4, 0x79, 0xc2, 0xf3, 0xa7, 
    0xfa, 0x07, 0x09, 0x17, 0xa1, 0x9a, 0x50, 0x0d, 0xea, 0x27, 0xd9, 0x14, 0x16, 0x19, 0x23, 0x7c, 
    0x71, 0x71, 0xdc, 0x22, 0xa2, 0xcf, 0x68, 0xf4, 0x48, 0x34, 0xd7, 0x5c, 0x39, 0xa4, 0x60, 0x45, 
    0x0a, 0x96, 0x78, 0x71, 0x2a, 0xa8, 0x46, 0x48, 0xbc, 0xdb, 0xdb, 0x13, 0x7d, 0x2c, 0xf9, 0xf2, 
    0xf9, 0x2a, 0x79, 0x17, 0xd1, 0xb7, 0x7b, 0xcf, 0x08, 0xf5, 0x09, 0x95, 0x4c, 0x6e, 0x26, 0x0d, 
    0x34, 0x4c, 0xd5, 0xa3, 0x52, 0x23, 0xc4, 0x30, 0x24, 0x9c, 0x3f, 0x2a, 0xe6, 0x32, 0x99, 0x53, 
    0x41, 0xc2, 0x87, 0x03, 0x81, 0xf0, 0x20, 0x27, 0x84, 0x06, 0xb6, 0xf9, 0x8a, 0xf9, 0x68, 0xf3, 
    0xb7, 0x63, 0x56, 0x06, 0x08, 0xe6, 0xe9, 0x30, 0x30, 0x7c, 0x98, 0xfa, 0x9e, 0xe1, 0xa6, 0x81, 
    0xc4, 0xc7, 0x27, 0xf8, 0xc9, 0x04, 0xd6, 0x88, 0x84, 0x70, 0x6b, 0x98, 0x4e, 0xac, 0x0b, 0x1d, 
    0xd7, 0x57, 0xdf, 0x31, 0x96, 0xf6, 0xe8, 0xe8, 0x88, 0xa9, 0x1d, 0x61, 0xf0, 0x51, 0x97, 0x94, 
    0xe2, 0x7f, 0x7e, 0xae, 0xbd, 0xfd, 0x74, 0x08, 0xdd, 0xe2, 0xec, 0xa1, 0xda, 0x60, 0x8f, 0xe2, 
    0x08, 0x25, 0xee, 0xe6, 0x66, 0x0c, 0x34, 0xba, 0x73, 0x5f, 0x5c, 0xd4, 0x4f, 0x68, 0x6e, 0x51, 
    0xd0, 0x7f, 0x84, 0x49, 0xb4, 0x60, 0x84, 0x73, 0xfe, 0xee, 0x76, 0x30, 0x7f, 0x15, 0x3f, 0x70, 
    0x3c, 0xbf, 0x10, 0xa5, 0x1e, 0x8d, 0x39, 0x1b, 0xe0, 0x42, 0xef, 0x0e, 0x1c, 0x0b, 0x3c, 0x4f, 
    0x61, 0xe5, 0x08, 0xf5, 0x0f, 0xb3, 0x40, 0x1f, 0x85, 0x57, 0x5b, 0x96, 0x7d, 0x78, 0xb6, 0x63, 
    0xfb, 0x99, 0x62, 0xde, 0x0c, 0x88, 0x86, 0xe6, 0x13, 0x78, 0xe2, 0x72, 0xf0, 0xf3, 0x1a, 0xcb, 
    0x79, 0x37, 0x77, 0x4d, 0x0b, 0xe6, 0xfb, 0x03, 0x2c, 0xab, 0xde, 0xe6, 0xdb, 0xf0, 0x6c, 0xde, 
    0xe7, 0xe7, 0x0a, 0x5e, 0xff, 0xfe, 0x40, 0x7d, 0xc6, 0xf0, 0xe0, 0x70, 0x09, 0x93, 0xf0, 0x27, 
    0xfb, 0xeb, 0x17, 0xaa, 0x4d, 0xcf, 0x14, 0xf7, 0xcd, 0x80, 0x3f, 0x57, 0x3c, 0x34, 0x80, 0x7c, 
    0xa0, 0xf1, 0xd0, 0x00, 0xf2, 0x81, 0xc6, 0x43, 0x03, 0xc8, 0x07, 0x1a, 0x0f, 0xbc, 0x01, 0x7f, 
    0x04, 0xa8, 0x1d, 0xf5, 0x1b, 0x56, 0xdb, 0xc2, 0x22, 0x00, 0x00, 0x00, 0x00, 0x49, 0x45, 0x4e, 
    0x44, 0xae, 0x42, 0x60, 0x82, 
};

static const uint8_t ASSET_PROJECTILE_RUBBER_PNG[] = {
    0x89, 0x50, 0x4e, 0x47, 0x0d, 0x0a, 0x1a, 0x0a, 0x00, 0x00, 0x00, 0x0d, 0x49, 0x48, 0x44, 0x52, 
    0x00, 0x00, 0x00, 0x40, 0x00, 0x00, 0x00, 0x40, 0x08, 0x06, 0x00, 0x00, 0x00, 0xaa, 0x69, 0x71, 
    0xde, 0x00, 0x00, 0x0d, 0xfb, 0x49, 0x44, 0x41, 0x54, 0x78, 0x9c, 0xed, 0x99, 0x5b, 0x70, 0x55, 
    0xd7, 0x7d, 0xc6, 0xbf, 0xad, 0x73, 0x00, 0x09, 0x0c, 0x12, 0x17, 0x8b, 0x8b, 0x10, 0x3e, 0x10, 
    0x61, 0x17, 0x6c, 0x82, 0x70, 0x3d, 0x24, 0x43, 0x5d, 0x5b, 0x0c, 0x34, 0xb1, 0x33, 0x1d, 0x43, 
    0x82, 0x1f, 0x32, 0xd3, 0xa4, 0xc0, 0x5b, 0x1f, 0x32, 0x35, 0xe9, 0x4c, 0x1e, 0xdc, 0xc6, 0x6d, 
    0xa6, 0x24, 0xed, 0x4c, 0x32, 0x6d, 0xe1, 0xb1, 0x9d, 0xa6, 0x52, 0x5a, 0x3b, 0x0f, 0x99, 0x26, 
    0x21, 0x9d, 0x89, 0xed, 0xda, 0xd3, 0x41, 0xe0, 0x89, 0x27, 0xf5, 0x43, 0x2d, 0x26, 0x76, 0xec, 
    0x71, 0xed, 0x44, 0x91, 0x30, 0x01, 0x6c, 0x40, 0x37, 0x24, 0x21, 0x9d, 0x4b, 0x7e, 0xdf, 0xda, 
    0x67, 0x1f, 0x6d, 0x09, 0x49, 0xd6, 0x31, 0xc2, 0x7e, 0x80, 0x6f, 0xce, 0xb7, 0xff, 0xff, 0xb5, 
    0x2f, 0x6b, 0xaf, 0xef, 0xbf, 0xee, 0xfb, 0x44, 0xba, 0xc5, 0x71, 0x3b, 0x00, 0xf0, 0x96, 0xc6, 
    0xed, 0x00, 0xc0, 0x5b, 0x1a, 0xb7, 0x03, 0x00, 0x6f, 0x69, 0xdc, 0x0e, 0x00, 0xfc, 0x58, 0x71, 
    0x32, 0x97, 0x6b, 0x18, 0xcf, 0xe7, 0xb7, 0xe3, 0x6a, 0x41, 0x36, 0x7b, 0x66, 0x77, 0x77, 0x77, 
    0x1f, 0xee, 0x47, 0x86, 0x8f, 0x34, 0x00, 0xcf, 0x37, 0x37, 0xef, 0xc3, 0xb4, 0x95, 0x4a, 0xa5, 
    0x56, 0x5b, 0xcd, 0x8e, 0xce, 0x28, 0x8a, 0xba, 0x6c, 0x1f, 0xe9, 0xed, 0xfd, 0x09, 0xf6, 0xa6, 
    0xe0, 0xa6, 0x07, 0xe0, 0xb9, 0xf5, 0xeb, 0xdb, 0x10, 0xf2, 0x44, 0x11, 0xc1, 0x51, 0xa9, 0xd4, 
    0xc0, 0xa9, 0xaa, 0x51, 0x8a, 0xa2, 0xbe, 0x1a, 0x02, 0x41, 0xe0, 0x8e, 0x3f, 0x7a, 0xf6, 0x6c, 
    0xa7, 0xe6, 0x11, 0x37, 0x2d, 0x00, 0xcf, 0xe5, 0x72, 0x39, 0xe5, 0xf3, 0xed, 0xb8, 0x6d, 0x9a, 
    0x82, 0x15, 0x2b, 0x96, 0x07, 0xaa, 0x24, 0x65, 0x33, 0x19, 0x2d, 0xbb, 0xe3, 0x0e, 0xfc, 0xa2, 
    0x06, 0x06, 0x87, 0x94, 0x1f, 0x1f, 0xc7, 0x97, 0x2e, 0xf7, 0xf5, 0xe9, 0xf2, 0xc0, 0x00, 0x77, 
    0x5f, 0x87, 0x4e, 0x65, 0xb3, 0x87, 0x1f, 0xed, 0xee, 0xee, 0xd6, 0x3c, 0x20, 0x82, 0xf3, 0x0a, 
    0xf7, 0xe9, 0xd1, 0x42, 0xe1, 0x9f, 0x54, 0x2a, 0x1d, 0x52, 0x19, 0xd9, 0x05, 0x0b, 0xb4, 0x7a, 
    0x75, 0xa3, 0x1a, 0xd7, 0x34, 0x22, 0x7c, 0x85, 0xfb, 0x3a, 0x67, 0x51, 0x59, 0x82, 0x45, 0x98, 
    0xd8, 0x22, 0xed, 0x24, 0x30, 0xf6, 0xc7, 0xc7, 0xc6, 0x43, 0x20, 0x2e, 0x5c, 0xba, 0xa4, 0x8b, 
    0xd8, 0x7c, 0xa1, 0xc0, 0x73, 0x65, 0x44, 0x51, 0x47, 0x6d, 0x26, 0xf3, 0xd5, 0x1b, 0x1d, 0x33, 
    0xe6, 0x35, 0x00, 0xae, 0xf5, 0x52, 0x3e, 0xff, 0x63, 0x32, 0x6d, 0x25, 0x19, 0xd0, 0xd4, 0xdc, 
    0xa4, 0xdf, 0xbb, 0x6f, 0xab, 0x16, 0x10, 0x84, 0x09, 0x20, 0x90, 0x5f, 0x45, 0x38, 0xb5, 0x1f, 
    0x2c, 0xa2, 0x03, 0x0b, 0x70, 0x8a, 0x1d, 0x1d, 0x19, 0xd1, 0x9b, 0xbd, 0xbd, 0x3a, 0x4f, 0x20, 
    0x12, 0xf0, 0x44, 0x57, 0x94, 0xcd, 0x7e, 0xfe, 0x46, 0x5a, 0x03, 0x65, 0x9d, 0x1f, 0xbc, 0x90, 
    0xcb, 0xb5, 0x52, 0x43, 0x27, 0x93, 0x7e, 0xde, 0xb8, 0x66, 0xb5, 0xb6, 0x6c, 0xdb, 0xaa, 0xba, 
    0x25, 0x8b, 0x79, 0x8b, 0x5f, 0x03, 0xf9, 0x05, 0xd1, 0x86, 0xad, 0x19, 0x84, 0x9b, 0x08, 0x4d, 
    0x88, 0xe0, 0xa9, 0x96, 0xc0, 0xaa, 0x30, 0x36, 0xa6, 0xa1, 0xa1, 0x21, 0xfd, 0xff, 0x85, 0x0b, 
    0xba, 0x74, 0xf5, 0x2a, 0x99, 0x90, 0x05, 0xe3, 0x03, 0xdd, 0x68, 0xf7, 0x67, 0xba, 0xbb, 0xbb, 
    0x48, 0x56, 0x0d, 0x17, 0xe9, 0x86, 0xf1, 0x5c, 0x73, 0xf3, 0x21, 0xc4, 0xb4, 0xe3, 0x06, 0xb4, 
    0xdc, 0xb3, 0x59, 0x2d, 0x5b, 0xee, 0x91, 0x6a, 0xc8, 0xde, 0xe2, 0x03, 0xb9, 0x90, 0xa0, 0x64, 
    0x72, 0x30, 0x2d, 0x30, 0x1d, 0x00, 0xc4, 0x56, 0x6c, 0x20, 0xcd, 0xbe, 0x9c, 0x76, 0x00, 0x02, 
    0xaf, 0x5d, 0xd3, 0x5b, 0x04, 0xe1, 0xb7, 0x83, 0x83, 0x64, 0x54, 0x46, 0x14, 0x1d, 0x7e, 0xb4, 
    0xb7, 0xb7, 0x43, 0x55, 0x22, 0x5d, 0xac, 0x0f, 0x05, 0xd7, 0x7c, 0x21, 0x9f, 0x7f, 0x15, 0x37, 
    0xf4, 0xf5, 0x2d, 0xf7, 0x6d, 0x51, 0x53, 0x6e, 0x03, 0xe2, 0x6b, 0x20, 0xd9, 0x07, 0xf1, 0x65, 
    0x26, 0xb0, 0x70, 0xd3, 0xc2, 0xdd, 0xfc, 0x0b, 0x58, 0x8b, 0x34, 0x11, 0x1a, 0x58, 0x44, 0xb8, 
    0x6d, 0x60, 0xec, 0x87, 0x56, 0x80, 0xf8, 0x7c, 0x39, 0x08, 0xe7, 0xe8, 0x0e, 0xdd, 0xfd, 0xfd, 
    0x3c, 0xce, 0xf3, 0x20, 0x93, 0xcd, 0xee, 0xa8, 0xb6, 0x25, 0xa4, 0x4a, 0x55, 0x3d, 0x42, 0x9f, 
    0x2f, 0x14, 0x5e, 0x75, 0xb3, 0xb7, 0xf8, 0x9d, 0xbb, 0x3e, 0xa5, 0x65, 0x2b, 0x1a, 0x10, 0x6e, 
    0xf1, 0x26, 0xd9, 0xdb, 0x36, 0x30, 0xe2, 0xe7, 0x36, 0x4a, 0xf5, 0x5c, 0xab, 0xaf, 0x97, 0x3c, 
    0xd2, 0xf7, 0x5d, 0x91, 0x5e, 0xff, 0x05, 0xc3, 0xfd, 0x65, 0xc4, 0x22, 0x00, 0x81, 0x93, 0x45, 
    0x9b, 0x49, 0x7a, 0xc2, 0xba, 0x05, 0xe4, 0x11, 0xef, 0x00, 0xd8, 0x0e, 0x0c, 0x0f, 0xeb, 0x0d, 
    0x02, 0xe1, 0x20, 0xb8, 0x3b, 0x44, 0x99, 0xcc, 0x8e, 0x6a, 0xc6, 0x84, 0x08, 0x7e, 0x28, 0x78, 
    0xb4, 0x1f, 0xc9, 0xe7, 0x4f, 0x92, 0x41, 0x2b, 0x49, 0x6d, 0x6b, 0xfd, 0x24, 0x35, 0xdf, 0x4c, 
    0x35, 0x64, 0x62, 0xd1, 0x19, 0xb8, 0x7c, 0x05, 0x57, 0x77, 0x48, 0xab, 0x1a, 0x27, 0xbf, 0x09, 
    0xbd, 0xe1, 0x80, 0x18, 0xfd, 0xf4, 0xbf, 0x24, 0x84, 0xc4, 0x02, 0x61, 0x68, 0x05, 0x05, 0x98, 
    0xb2, 0xf9, 0xb2, 0x25, 0x5d, 0x24, 0x78, 0x16, 0x9e, 0x04, 0xc0, 0xf6, 0x3c, 0xe3, 0x42, 0x37, 
    0x81, 0x30, 0xc8, 0xb5, 0xab, 0x2e, 0x9b, 0xdd, 0x3d, 0xd7, 0xd9, 0x21, 0x5d, 0xac, 0xaa, 0x40, 
    0xbf, 0xef, 0xa0, 0x19, 0x1f, 0xc4, 0x55, 0xcb, 0xdd, 0x2d, 0xf4, 0xf9, 0xbb, 0x11, 0x9d, 0x12, 
    0xbf, 0xe9, 0x13, 0xd2, 0x03, 0x9f, 0x8a, 0xdf, 0x10, 0xf9, 0x30, 0x05, 0xd4, 0x58, 0xe0, 0xa9, 
    0x93, 0xd2, 0x85, 0xf3, 0x88, 0x8b, 0x05, 0x4e, 0x6b, 0x43, 0x00, 0xcc, 0xb8, 0x1b, 0x24, 0xc2, 
    0x6d, 0xf3, 0xa3, 0xa3, 0xc1, 0xef, 0x26, 0x08, 0xef, 0x71, 0x2d, 0x20, 0x8a, 0xbe, 0xc7, 0x78, 
    0x70, 0x48, 0x73, 0xc0, 0x34, 0x25, 0xfb, 0x60, 0xb8, 0xe9, 0xb3, 0xc8, 0xf9, 0x35, 0xae, 0x1a, 
    0x99, 0xdf, 0xef, 0xdf, 0x79, 0x3f, 0xa2, 0x33, 0x65, 0x22, 0xfe, 0xfe, 0x07, 0xa4, 0xcd, 0x04, 
    0x24, 0x8a, 0x52, 0xe4, 0x66, 0xa3, 0x04, 0x0d, 0x8b, 0x37, 0x67, 0x0c, 0x80, 0x89, 0x1f, 0xc4, 
    0x63, 0x43, 0xba, 0x40, 0x00, 0xe8, 0x06, 0x08, 0xb6, 0xf8, 0xc4, 0x26, 0x41, 0x78, 0x9b, 0xa9, 
    0x72, 0xc0, 0x79, 0x1a, 0xd9, 0xec, 0xc6, 0xb9, 0x74, 0x85, 0xa4, 0x58, 0x55, 0x81, 0xe5, 0xed, 
    0x49, 0x4c, 0x9b, 0xc0, 0xc3, 0xbb, 0xff, 0x50, 0x75, 0x5e, 0xc9, 0x59, 0x7c, 0xb6, 0x46, 0x6a, 
    0xde, 0x20, 0xfd, 0xc1, 0x43, 0xe4, 0x4c, 0xd6, 0x1e, 0x03, 0x6c, 0xf9, 0x05, 0x6b, 0x94, 0xa0, 
    0x0f, 0x45, 0xcc, 0xf0, 0x10, 0x99, 0xfd, 0x34, 0x08, 0x8b, 0xc9, 0xc9, 0xc4, 0x22, 0xb4, 0xe2, 
    0xdb, 0x86, 0x74, 0xec, 0x5b, 0xb4, 0x05, 0x5b, 0x78, 0xc5, 0x87, 0xc3, 0xf0, 0xcd, 0xa4, 0x15, 
    0xb0, 0x62, 0x64, 0xd9, 0xbc, 0x1b, 0x3b, 0x2b, 0x22, 0x58, 0x15, 0x10, 0xdf, 0x26, 0x86, 0x00, 
    0xa8, 0xa6, 0xa6, 0x75, 0xda, 0xb6, 0x7d, 0x5b, 0x2c, 0xdc, 0x01, 0x30, 0xff, 0x78, 0x9f, 0xb4, 
    0x94, 0x80, 0x58, 0x70, 0x9a, 0x0e, 0x46, 0x82, 0x62, 0x89, 0x18, 0x40, 0x6a, 0x4c, 0x9b, 0x5a, 
    0xa4, 0x75, 0x4d, 0x9c, 0x04, 0xef, 0x9e, 0x25, 0xe7, 0xff, 0x91, 0x5e, 0xfe, 0x59, 0x10, 0xaa, 
    0x7c, 0x31, 0xb6, 0x09, 0x9d, 0x7e, 0xe4, 0x11, 0x95, 0xda, 0xda, 0x14, 0x6d, 0xda, 0xc4, 0x03, 
    0x9c, 0x7e, 0xeb, 0x2d, 0x8d, 0x3c, 0xfd, 0xb4, 0x86, 0x7f, 0xf0, 0x83, 0x10, 0x84, 0x1e, 0xc6, 
    0x88, 0x3e, 0xbf, 0x2f, 0xc6, 0x6e, 0x82, 0xd0, 0xa9, 0x59, 0x50, 0xb9, 0x73, 0xae, 0xa0, 0xef, 
    0x9f, 0xa0, 0xf0, 0xfb, 0xb2, 0x2c, 0x67, 0x1f, 0x7e, 0xf8, 0x41, 0x2d, 0x58, 0xb4, 0x68, 0x22, 
    0x00, 0x6b, 0xd7, 0xf2, 0xca, 0xbd, 0x92, 0xc5, 0xba, 0x10, 0x09, 0xd3, 0x69, 0x0b, 0x8f, 0xb8, 
    0x7f, 0x43, 0x2e, 0x1e, 0x24, 0xa7, 0x03, 0x2b, 0x3e, 0xfd, 0xe3, 0xb7, 0x25, 0xf6, 0x06, 0x71, 
    0xcd, 0xc3, 0xda, 0x3a, 0xe9, 0xaf, 0xbe, 0x2e, 0xe5, 0x72, 0x9a, 0x0e, 0xe3, 0x6f, 0xbc, 0xa1, 
    0x4b, 0x5f, 0xfc, 0xa2, 0xae, 0xbe, 0xff, 0xbe, 0xde, 0x61, 0x1c, 0x22, 0x54, 0xbc, 0x27, 0xfa, 
    0x09, 0x63, 0xc1, 0x7e, 0xbc, 0x19, 0x11, 0xc1, 0xaa, 0xf0, 0x6c, 0x73, 0xf3, 0x15, 0x4f, 0x7b, 
    0x4d, 0xeb, 0xd6, 0x6a, 0xdb, 0xb6, 0x7b, 0x63, 0xe1, 0x19, 0x04, 0x65, 0xb1, 0x49, 0x00, 0x22, 
    0xb2, 0x35, 0xd3, 0xc2, 0x03, 0xc9, 0xc0, 0x01, 0xd8, 0xb0, 0x51, 0x5a, 0xb9, 0x8a, 0xc4, 0x2c, 
    0xe8, 0xed, 0x91, 0xbe, 0xf1, 0xd7, 0x88, 0x2f, 0x42, 0x02, 0x70, 0xf4, 0x5b, 0x52, 0x2e, 0xa7, 
    0xd9, 0x30, 0xfe, 0xcb, 0x5f, 0xea, 0xfc, 0xde, 0xbd, 0xea, 0xc5, 0x1f, 0xa0, 0x5c, 0x9e, 0x16, 
    0x3f, 0xd7, 0xdb, 0xbb, 0x9c, 0xe4, 0x8c, 0x88, 0xe0, 0x9c, 0xf1, 0xdf, 0xcd, 0xcd, 0xfb, 0x8b, 
    0xa5, 0xd2, 0x8f, 0x71, 0xb5, 0xe3, 0x93, 0xdb, 0xb4, 0x9a, 0xe5, 0x6e, 0xa5, 0xf6, 0x1d, 0x04, 
    0xd7, 0xd2, 0x63, 0xfb, 0xa4, 0x85, 0x0b, 0xc9, 0x99, 0xac, 0x27, 0x91, 0x87, 0xd8, 0xd4, 0x84, 
    0x6b, 0x0f, 0xef, 0x21, 0x11, 0x63, 0x80, 0x1d, 0xdf, 0xf1, 0xe3, 0xc7, 0xf5, 0xe2, 0x8b, 0x2f, 
    0x92, 0x92, 0x0e, 0x1c, 0x38, 0xa0, 0x27, 0x9e, 0x78, 0x02, 0x0f, 0xfc, 0xdb, 0xbf, 0x4a, 0xa7, 
    0x4f, 0x49, 0x7b, 0x3f, 0x23, 0x7d, 0xe9, 0xcb, 0xb3, 0xdf, 0x5b, 0xc6, 0xa5, 0x23, 0x47, 0xf4, 
    0xee, 0xf7, 0xbf, 0xaf, 0x73, 0x6e, 0x99, 0xa0, 0x26, 0x8a, 0x3e, 0xff, 0xd9, 0xde, 0xde, 0x13, 
    0xb8, 0xd3, 0x22, 0x82, 0x73, 0xc6, 0xb3, 0xeb, 0xd7, 0x1f, 0xe3, 0x81, 0xf0, 0xc6, 0x3d, 0x49, 
    0xf3, 0xb7, 0xf0, 0x10, 0x00, 0x13, 0x7f, 0xe5, 0x4a, 0xe9, 0x9e, 0x2d, 0x12, 0xb3, 0x83, 0x16, 
    0x72, 0x7d, 0xa0, 0x9f, 0xa6, 0x0c, 0x7b, 0x7b, 0x62, 0xff, 0xcf, 0xfe, 0x5c, 0x5a, 0xb3, 0x8e, 
    0x1c, 0x62, 0x1c, 0x3d, 0x7a, 0x54, 0xed, 0xed, 0xed, 0x78, 0x13, 0x38, 0x7c, 0xf8, 0xb0, 0x9e, 
    0x7a, 0xea, 0x29, 0xa9, 0xe7, 0x37, 0xd2, 0x53, 0x5f, 0x97, 0xfe, 0xf6, 0xa8, 0x74, 0x57, 0x6e, 
    0xf6, 0x7b, 0xcb, 0x18, 0x7b, 0xed, 0x35, 0xfd, 0xe6, 0xa1, 0x87, 0xf4, 0xce, 0x92, 0x25, 0xa4, 
    0x68, 0x70, 0xd2, 0xf1, 0xcf, 0x9d, 0x3d, 0x7b, 0x04, 0x77, 0x5a, 0x44, 0x70, 0xce, 0x20, 0x00, 
    0xaf, 0xf2, 0x40, 0xeb, 0x8a, 0x86, 0x7a, 0xed, 0xbc, 0x7f, 0x47, 0x2c, 0x38, 0x11, 0x9e, 0x58, 
    0xfa, 0x5f, 0xb0, 0x4e, 0xd7, 0x70, 0xb7, 0xd3, 0xb6, 0x6e, 0x05, 0xc6, 0xd1, 0xef, 0x70, 0x98, 
    0x40, 0x6b, 0x6b, 0x6b, 0xa8, 0xd9, 0x34, 0xd6, 0xaf, 0x5f, 0xaf, 0xd3, 0xa7, 0x4f, 0xe3, 0x81, 
    0x3f, 0xfd, 0x92, 0xf4, 0xef, 0x4f, 0xe3, 0xcc, 0xe1, 0xde, 0x32, 0x7e, 0xd5, 0xd0, 0xa0, 0x9e, 
    0xda, 0x5a, 0x8d, 0xb2, 0x3a, 0x05, 0xa7, 0x18, 0x08, 0xdb, 0x34, 0x03, 0xca, 0xa5, 0x9a, 0x1e, 
    0xa5, 0x03, 0x07, 0x0e, 0x62, 0x0e, 0xd1, 0x6f, 0xbb, 0x11, 0x72, 0xe2, 0xf9, 0x9f, 0xff, 0xfc, 
    0x04, 0x69, 0xb5, 0xdc, 0xb5, 0x41, 0x2d, 0x1b, 0x37, 0x22, 0xb2, 0x06, 0x66, 0xa0, 0x6d, 0x42, 
    0xd2, 0x41, 0x34, 0xcc, 0x44, 0xbc, 0x01, 0xeb, 0x00, 0x08, 0xf2, 0xd3, 0xdf, 0xfd, 0x03, 0x87, 
    0x09, 0x6c, 0xdf, 0xbe, 0x5d, 0x83, 0xe9, 0x4d, 0x0d, 0x68, 0x6a, 0x6a, 0xd2, 0x4b, 0x2f, 0xbd, 
    0x84, 0x07, 0xbe, 0xfc, 0x27, 0xd2, 0x7f, 0x3c, 0x83, 0x33, 0x87, 0x7b, 0xcb, 0x78, 0x87, 0xe5, 
    0xf6, 0xfb, 0x0c, 0xd2, 0x57, 0x16, 0x2f, 0x26, 0x25, 0x11, 0x00, 0xbf, 0x79, 0x5a, 0xcc, 0x78, 
    0x01, 0xf1, 0xaf, 0x22, 0xbc, 0x15, 0xb7, 0x82, 0xe7, 0x5f, 0x79, 0x85, 0x23, 0x01, 0xd8, 0xe0, 
    0x00, 0xe4, 0x10, 0x88, 0xb8, 0xc0, 0x0c, 0x22, 0x6d, 0xcb, 0xb4, 0x1f, 0x48, 0xf6, 0xae, 0x79, 
    0xdb, 0xe4, 0x55, 0x47, 0xbe, 0x36, 0x31, 0xed, 0x01, 0xf7, 0x69, 0x33, 0x0d, 0xf7, 0x6b, 0x33, 
    0x74, 0x81, 0xbf, 0x7c, 0x52, 0xfa, 0xd6, 0xdf, 0xd3, 0x05, 0xee, 0x0a, 0xf7, 0x99, 0x69, 0xf8, 
    0x3e, 0x33, 0x81, 0xbb, 0x40, 0xcf, 0xae, 0x5d, 0x21, 0x00, 0x7d, 0xe5, 0x6e, 0x30, 0x6b, 0x00, 
    0x10, 0x7a, 0x30, 0xfa, 0xe1, 0x0f, 0xbf, 0x87, 0x5f, 0x41, 0xe9, 0x0b, 0x5f, 0x68, 0xc7, 0x1c, 
    0x52, 0x0a, 0x23, 0xcc, 0xb1, 0xa7, 0xce, 0x9c, 0xc1, 0x63, 0xdd, 0xbf, 0xb9, 0x45, 0x4d, 0x6b, 
    0xd7, 0x20, 0x2c, 0x13, 0x0b, 0x36, 0x2d, 0x38, 0xb1, 0x81, 0x11, 0xc4, 0x3a, 0x00, 0x81, 0x3c, 
    0x68, 0x3c, 0xd4, 0x26, 0xed, 0x3b, 0xa0, 0x34, 0xdc, 0xb7, 0x5f, 0x78, 0xe1, 0x05, 0x3c, 0xe9, 
    0xf1, 0xc7, 0x1f, 0x9f, 0x10, 0xf4, 0x2f, 0xff, 0xcc, 0x72, 0xa6, 0x53, 0xfa, 0xec, 0x23, 0xd2, 
    0xc1, 0x83, 0x32, 0x66, 0xbc, 0xb7, 0x8c, 0xf7, 0xbe, 0xf2, 0x15, 0xf5, 0x77, 0x74, 0xe8, 0x72, 
    0x36, 0xab, 0xcb, 0x4b, 0x97, 0x72, 0x86, 0xb1, 0x39, 0x9b, 0x5d, 0xbe, 0x7b, 0x86, 0xbd, 0x41, 
    0x84, 0xd8, 0x12, 0x05, 0x3c, 0x4e, 0x10, 0x8e, 0x90, 0x76, 0xcd, 0x1f, 0xa3, 0xe6, 0xd3, 0xb9, 
    0x7e, 0x15, 0x36, 0x5c, 0x1e, 0x1c, 0xfc, 0x9b, 0x57, 0x98, 0x6b, 0x8d, 0x9d, 0xf7, 0xde, 0xab, 
    0x15, 0xcb, 0x1b, 0x26, 0x04, 0x4f, 0xb5, 0x81, 0x28, 0x0e, 0xc2, 0x53, 0x4c, 0xf0, 0xb5, 0x27, 
    0x69, 0xbb, 0xeb, 0x71, 0x66, 0x81, 0x6b, 0xff, 0x49, 0xee, 0xf3, 0x14, 0xe8, 0x0d, 0xd2, 0xb7, 
    0xbf, 0x23, 0xe5, 0x72, 0x9a, 0x0d, 0x63, 0xaf, 0xbf, 0xae, 0xb3, 0x0f, 0x3e, 0x18, 0x16, 0x44, 
    0x57, 0x49, 0x5f, 0xf0, 0x80, 0x1c, 0x63, 0x37, 0xad, 0xa0, 0x53, 0xd3, 0x20, 0x0e, 0x40, 0x8c, 
    0x6f, 0x50, 0xc8, 0x3e, 0xc4, 0x1f, 0xc3, 0x8f, 0x91, 0x0a, 0xcc, 0xd9, 0xb6, 0xb6, 0xff, 0xfc, 
    0xc5, 0xdb, 0x6f, 0x1f, 0xc0, 0xd5, 0xce, 0x2d, 0x5b, 0xca, 0x01, 0xa0, 0x05, 0x58, 0x6c, 0x06, 
    0x5a, 0xb0, 0xfd, 0xc0, 0xb2, 0x1f, 0x61, 0x2b, 0xe4, 0x41, 0xc3, 0x6f, 0xab, 0xab, 0xa3, 0xed, 
    0xfe, 0x05, 0x23, 0x58, 0x33, 0x89, 0x69, 0x60, 0xf1, 0xdf, 0xfc, 0x26, 0xb3, 0xc7, 0x60, 0x2c, 
    0x9e, 0xb5, 0x40, 0x71, 0xe1, 0x42, 0x45, 0x9c, 0x8b, 0x36, 0x6d, 0xe2, 0x86, 0xeb, 0x31, 0xe6, 
    0x35, 0xc0, 0x63, 0x8f, 0x69, 0xfc, 0xe2, 0xc5, 0x38, 0x00, 0xbc, 0xf3, 0xe2, 0x9d, 0x77, 0x72, 
    0x25, 0x60, 0x4e, 0x01, 0x98, 0x0c, 0x76, 0x54, 0x88, 0x3f, 0xa4, 0x32, 0xd2, 0x1b, 0xa0, 0xfb, 
    0x36, 0x6e, 0xd4, 0xfa, 0xd5, 0xab, 0xcb, 0xc2, 0xcb, 0x0c, 0x7e, 0x04, 0xb1, 0x91, 0x2d, 0xb4, 
    0x4d, 0x38, 0x15, 0x5e, 0x10, 0x7d, 0x7a, 0x97, 0xb4, 0x67, 0x6f, 0xbc, 0x7f, 0x30, 0x7a, 0x7a, 
    0x58, 0x6c, 0x3c, 0xcf, 0xb8, 0xdd, 0x59, 0x11, 0x6e, 0x1b, 0x36, 0x40, 0x6c, 0x9d, 0x4d, 0xed, 
    0xd9, 0xa3, 0x2c, 0xf3, 0x7f, 0x66, 0xf3, 0x66, 0x19, 0x5e, 0x01, 0x0e, 0x7d, 0xf7, 0xbb, 0x1a, 
    0x7c, 0xe6, 0x99, 0x78, 0x4f, 0xc0, 0x3d, 0xb6, 0xfd, 0x04, 0xf9, 0x0a, 0x83, 0xa1, 0x31, 0x7b, 
    0x17, 0x38, 0x70, 0xa0, 0x83, 0xc2, 0x1c, 0xc4, 0x9f, 0x00, 0x4b, 0x48, 0xc4, 0xef, 0xc7, 0x9b, 
    0x04, 0xf6, 0x01, 0x25, 0x8c, 0x36, 0xad, 0x5d, 0xab, 0xbb, 0x9b, 0xa9, 0x3d, 0x8b, 0x0d, 0xc2, 
    0x4d, 0x44, 0x06, 0x0b, 0x2d, 0xd8, 0x69, 0xdb, 0x40, 0x1e, 0x8a, 0x0f, 0x31, 0x2c, 0xde, 0xb0, 
    0x35, 0xbd, 0x37, 0x40, 0x68, 0xec, 0x63, 0xcd, 0x42, 0xec, 0xf3, 0xc1, 0x45, 0x45, 0x8b, 0x62, 
    0x8d, 0xef, 0x00, 0xa4, 0x99, 0x88, 0xb5, 0x6f, 0xba, 0xe6, 0x6d, 0x7d, 0xae, 0x8f, 0xfe, 0xdf, 
    0xbf, 0x6c, 0x19, 0x2f, 0xf9, 0x80, 0x41, 0x10, 0xba, 0xdf, 0x5b, 0xec, 0x21, 0x0a, 0xd0, 0x80, 
    0xed, 0x88, 0x7e, 0xf4, 0xa3, 0x0e, 0x4d, 0x83, 0x24, 0x00, 0x1b, 0x1b, 0x1b, 0xb5, 0x99, 0xe9, 
    0xa7, 0xc6, 0xf3, 0xac, 0x05, 0x07, 0x92, 0x55, 0x62, 0x2d, 0xda, 0x3e, 0x26, 0xf8, 0x76, 0xf8, 
    0x55, 0x10, 0x72, 0xe1, 0x60, 0xc1, 0xa6, 0x03, 0x90, 0x58, 0x44, 0xc7, 0xc4, 0x47, 0x7c, 0x10, 
    0x6e, 0x22, 0xcc, 0x1f, 0x43, 0x6c, 0x13, 0x86, 0x00, 0x24, 0x44, 0xb4, 0xad, 0xcf, 0xf9, 0x3e, 
    0x8b, 0x37, 0x8d, 0x0f, 0x0c, 0xc0, 0x5c, 0x41, 0x00, 0xba, 0x30, 0xdb, 0x57, 0xb1, 0xfd, 0xdd, 
    0x9e, 0xcb, 0x85, 0x00, 0x64, 0x60, 0x10, 0x6b, 0xe1, 0xb6, 0x16, 0x6c, 0xdf, 0x36, 0x61, 0x02, 
    0xbb, 0xe8, 0x0a, 0x40, 0x70, 0xff, 0x30, 0x09, 0x6c, 0x7d, 0x6d, 0x9c, 0xae, 0x08, 0xe7, 0x3b, 
    0x61, 0x89, 0xe6, 0x6f, 0x21, 0x16, 0x9f, 0x58, 0x0b, 0xb4, 0x0d, 0x2d, 0xa2, 0x4c, 0x0b, 0x1e, 
    0x18, 0xab, 0xc1, 0x1f, 0x57, 0xed, 0x18, 0xdf, 0x07, 0x09, 0x04, 0xff, 0x20, 0xe9, 0x02, 0xfd, 
    0xff, 0x9a, 0x57, 0xaa, 0x74, 0x28, 0x02, 0xd0, 0xa6, 0x19, 0xe0, 0x22, 0xcd, 0x19, 0xac, 0x04, 
    0x2b, 0x4b, 0xe1, 0x07, 0xe9, 0x83, 0x8b, 0x78, 0x41, 0x0d, 0xd3, 0x8d, 0x19, 0x85, 0x01, 0x91, 
    0xab, 0x16, 0x1c, 0x02, 0xc1, 0x4d, 0xf6, 0xed, 0xf0, 0x2b, 0x1f, 0xca, 0x88, 0xc5, 0xb7, 0x9f, 
    0x1e, 0xd5, 0xb5, 0xf1, 0x92, 0xf6, 0x6c, 0xcd, 0xea, 0x81, 0x0d, 0x3c, 0x13, 0xc4, 0xf3, 0x6d, 
    0x8f, 0x9a, 0x0f, 0xa2, 0xf3, 0xf9, 0xd8, 0xc2, 0xc4, 0x5a, 0x74, 0xc5, 0xc2, 0xb7, 0x47, 0x1a, 
    0xf4, 0xbf, 0xe3, 0x9f, 0x20, 0x4f, 0xe9, 0x8f, 0x46, 0x4f, 0x12, 0x84, 0x01, 0x15, 0x79, 0xff, 
    0xd9, 0x75, 0xeb, 0x38, 0x43, 0x76, 0x2c, 0x35, 0xe6, 0x6d, 0x29, 0x9c, 0xde, 0x0c, 0x6d, 0x5d, 
    0xb3, 0x46, 0x8d, 0x34, 0x31, 0x8b, 0x4f, 0x33, 0x88, 0x36, 0x1d, 0x0c, 0x67, 0xcf, 0x2f, 0xa4, 
    0xa7, 0xa0, 0x7f, 0xb8, 0xa8, 0xf6, 0x9f, 0x8d, 0x87, 0x00, 0x18, 0x1b, 0x56, 0x44, 0x7a, 0x74, 
    0x4b, 0xa4, 0x65, 0x59, 0x44, 0x3b, 0x00, 0x88, 0xb7, 0x50, 0xdb, 0x8a, 0x78, 0x18, 0x7c, 0x84, 
    0xdb, 0xef, 0xba, 0xda, 0xa8, 0xd7, 0xc6, 0x27, 0x16, 0x55, 0x7b, 0x86, 0x5e, 0xd4, 0xe2, 0xe2, 
    0xb0, 0x86, 0x96, 0x2c, 0xd1, 0xe5, 0xe5, 0xcb, 0x39, 0xe3, 0x62, 0xcc, 0xe3, 0x66, 0xc8, 0xe0, 
    0x7b, 0x80, 0xa7, 0xca, 0xfa, 0x46, 0x5e, 0x72, 0x0f, 0xcd, 0xcc, 0xa2, 0x13, 0xba, 0x15, 0xd4, 
    0x40, 0xdb, 0xc8, 0xa2, 0x13, 0x1a, 0x65, 0x13, 0x10, 0x6b, 0xd6, 0x85, 0x81, 0xa2, 0x9e, 0x7d, 
    0xbd, 0xa8, 0x8b, 0x83, 0xe5, 0x13, 0x60, 0x6b, 0x63, 0x41, 0x9f, 0x5e, 0x3b, 0xa6, 0x3b, 0x32, 
    0xb1, 0xc8, 0x10, 0x00, 0x18, 0x7c, 0x68, 0x7b, 0x6e, 0x78, 0x91, 0x5e, 0x1e, 0x6e, 0xd6, 0xd5, 
    0x62, 0x68, 0xe2, 0x5a, 0xa0, 0xbc, 0x76, 0x8d, 0xbc, 0xac, 0x65, 0xe3, 0x57, 0x48, 0xb1, 0x23, 
    0xe4, 0xef, 0xb7, 0xab, 0x5e, 0x06, 0x47, 0x51, 0x3f, 0xdf, 0x03, 0x1a, 0x38, 0x35, 0x23, 0xd2, 
    0xc5, 0x9a, 0x13, 0x08, 0xc0, 0x09, 0x02, 0xb0, 0x2f, 0x43, 0x33, 0xfb, 0x7d, 0xa6, 0xc2, 0x85, 
    0x8c, 0x01, 0x16, 0x6f, 0x5a, 0x78, 0x0d, 0xe7, 0x6d, 0x23, 0x5b, 0xd3, 0x01, 0x48, 0x98, 0xc0, 
    0xcd, 0x1c, 0x72, 0xd0, 0xc8, 0x58, 0x51, 0x2f, 0x77, 0x47, 0xfa, 0xbf, 0x73, 0x74, 0x81, 0x14, 
    0x56, 0xd5, 0xe5, 0x95, 0x5b, 0x32, 0x8a, 0xb8, 0x71, 0xad, 0xc8, 0x8e, 0xea, 0xdc, 0xd5, 0x85, 
    0xba, 0x56, 0x60, 0xa6, 0xbc, 0xb6, 0x54, 0x43, 0x85, 0x85, 0xdc, 0x11, 0xa3, 0x5e, 0x83, 0xda, 
    0x31, 0x7a, 0x46, 0x4b, 0xc7, 0x2e, 0x91, 0x92, 0xf2, 0x94, 0xe3, 0x3c, 0xe5, 0x2a, 0xfa, 0x7d, 
    0xcc, 0x66, 0x04, 0x60, 0x3f, 0xa7, 0x67, 0x04, 0x77, 0x55, 0x07, 0x06, 0xc2, 0x36, 0xf1, 0xe1, 
    0x0a, 0x6a, 0x15, 0x3b, 0xae, 0xcd, 0xec, 0xbc, 0x2a, 0xe2, 0xa1, 0x6d, 0x10, 0x9e, 0x30, 0x2e, 
    0x08, 0x3f, 0x6c, 0x19, 0x89, 0x78, 0xdb, 0x12, 0x03, 0x9f, 0x79, 0x71, 0x88, 0xad, 0x7f, 0x6f, 
    0xad, 0xde, 0x1d, 0xa2, 0x1b, 0xcd, 0x01, 0x0b, 0xa2, 0xbc, 0x5a, 0x0a, 0x3d, 0xba, 0xfb, 0xda, 
    0x9b, 0xa1, 0x65, 0x24, 0xa8, 0xd4, 0x7e, 0x8c, 0xdd, 0x0c, 0x80, 0x9d, 0x9a, 0x05, 0x13, 0xa5, 
    0xaa, 0x02, 0x04, 0xa1, 0x53, 0x7c, 0xd6, 0x80, 0xda, 0x4e, 0x00, 0x6a, 0x59, 0xa5, 0x25, 0xe2, 
    0x43, 0x0b, 0x48, 0x11, 0xe5, 0xfc, 0x78, 0x8d, 0x69, 0x20, 0xda, 0xb0, 0x78, 0x0e, 0x41, 0x7c, 
    0x42, 0xf7, 0xfd, 0xf7, 0x86, 0x6b, 0xf4, 0x66, 0x7f, 0x1d, 0x9f, 0xb9, 0xeb, 0x34, 0x94, 0xbf, 
    0x3e, 0x18, 0x4b, 0xa2, 0x6b, 0x6a, 0x51, 0xaf, 0xd6, 0xe4, 0xcf, 0xab, 0x8e, 0x01, 0xcf, 0x5d, 
    0x22, 0x81, 0x6b, 0xff, 0x1c, 0x63, 0x53, 0xc0, 0x1c, 0x6a, 0xdf, 0x28, 0x97, 0xaa, 0x3a, 0xa4, 
    0x57, 0x85, 0xf5, 0xbc, 0x74, 0x33, 0xe3, 0x41, 0x12, 0x00, 0x8b, 0x9e, 0xc4, 0x28, 0xe2, 0x2d, 
    0x70, 0x2a, 0x2c, 0xde, 0x44, 0x78, 0x85, 0x04, 0xa0, 0x68, 0x4b, 0x9f, 0x77, 0x30, 0xcc, 0x73, 
    0xa3, 0xb5, 0xf1, 0x79, 0x78, 0x67, 0xe1, 0xd2, 0x75, 0xe3, 0x41, 0x1a, 0xef, 0xad, 0x5a, 0xa5, 
    0x11, 0x5a, 0x65, 0xc0, 0xcd, 0xfc, 0x2c, 0x6e, 0x30, 0x16, 0x74, 0xa0, 0xe0, 0x20, 0xae, 0xd6, 
    0x30, 0x0e, 0xac, 0x5b, 0xc4, 0x94, 0x68, 0xc1, 0x49, 0x10, 0x10, 0x6d, 0x8b, 0x13, 0xc8, 0xb1, 
    0x82, 0x12, 0xe4, 0x59, 0x7e, 0x78, 0x16, 0x5c, 0x66, 0x10, 0x8f, 0x50, 0x8b, 0x0d, 0x16, 0xb1, 
    0xf6, 0x83, 0x4d, 0x88, 0xe8, 0x64, 0x7a, 0x4c, 0xe3, 0x0a, 0x2d, 0x71, 0x90, 0xf5, 0x49, 0x00, 
    0xcb, 0x78, 0x6a, 0xff, 0x90, 0xe6, 0x80, 0x74, 0xb9, 0xaa, 0x82, 0xff, 0x1a, 0x1b, 0xcd, 0xe7, 
    0x3b, 0x45, 0x2f, 0x80, 0x6a, 0x46, 0xf8, 0x4a, 0x5a, 0xc3, 0x74, 0x01, 0xb0, 0x3f, 0x09, 0x08, 
    0x47, 0x7a, 0x2c, 0xde, 0xbe, 0x6d, 0x42, 0x0b, 0xb6, 0xb5, 0x48, 0xfb, 0xa6, 0xfd, 0x29, 0x4c, 
    0x23, 0x3d, 0xed, 0x81, 0x33, 0xac, 0xfd, 0xdb, 0x66, 0x5a, 0xfb, 0x4f, 0xc5, 0x94, 0x92, 0x55, 
    0x87, 0xd0, 0x15, 0x0a, 0x85, 0x2e, 0x54, 0xd4, 0x23, 0x55, 0x9b, 0xa2, 0x48, 0x8b, 0x11, 0x6d, 
    0xe1, 0x41, 0x74, 0x62, 0x8d, 0xc4, 0x1a, 0x88, 0x36, 0x82, 0x60, 0xfb, 0xb6, 0x30, 0x08, 0x37, 
    0x2d, 0x1a, 0x06, 0x8b, 0x58, 0xfb, 0xc1, 0x42, 0x5f, 0x4f, 0x63, 0x8c, 0xf1, 0xe7, 0x3c, 0x4b, 
    0xf3, 0x00, 0xa6, 0x3d, 0x76, 0xa8, 0xad, 0x73, 0x69, 0xfa, 0x09, 0x52, 0xa5, 0xfa, 0x70, 0x48, 
    0xff, 0x3d, 0xee, 0x20, 0xac, 0xa1, 0x80, 0xae, 0x0b, 0x0b, 0x77, 0x20, 0x70, 0xe2, 0x97, 0x60, 
    0x13, 0x04, 0xd1, 0x65, 0xda, 0xb7, 0xa8, 0x60, 0x11, 0x6a, 0xdf, 0x82, 0x83, 0xb5, 0x60, 0x7c, 
    0xa7, 0xed, 0x4f, 0xc5, 0x94, 0x9a, 0xff, 0xe8, 0xff, 0x1e, 0x4f, 0xc0, 0x78, 0x70, 0x08, 0x05, 
    0xed, 0xb8, 0x01, 0xab, 0x28, 0xac, 0xe9, 0x00, 0x84, 0x17, 0x58, 0xbc, 0x69, 0x20, 0xd4, 0xb0, 
    0x60, 0x0e, 0xfc, 0x20, 0x62, 0x71, 0xe2, 0x16, 0x80, 0x58, 0xa7, 0x6d, 0x83, 0x70, 0xe8, 0x6b, 
    0x53, 0x31, 0xa9, 0xcf, 0x1b, 0x51, 0x74, 0x98, 0x7e, 0xdf, 0xa1, 0x2a, 0x51, 0x2e, 0xd5, 0x8d, 
    0x23, 0xb4, 0x84, 0x42, 0xa1, 0x93, 0xc2, 0xd6, 0x93, 0xd4, 0x12, 0x02, 0x70, 0xe7, 0xe8, 0xa8, 
    0x16, 0xba, 0xf0, 0x89, 0xf8, 0x34, 0x38, 0x6f, 0xf1, 0x1c, 0x62, 0xc1, 0x89, 0x35, 0x11, 0x1d, 
    0x84, 0x4f, 0x03, 0x4f, 0x75, 0x16, 0x5f, 0x19, 0xed, 0x69, 0xf6, 0x99, 0x4c, 0xa6, 0xad, 0xda, 
    0x9a, 0x4f, 0x30, 0x4d, 0xc9, 0x3e, 0x3c, 0xc2, 0x98, 0x90, 0xcf, 0x9f, 0xc0, 0xdd, 0x0e, 0x03, 
    0x96, 0xb2, 0x3b, 0x5b, 0x39, 0x3c, 0xac, 0x0c, 0xc2, 0x12, 0x20, 0x9b, 0x03, 0x47, 0x58, 0x11, 
    0x5e, 0xb6, 0x38, 0x5c, 0xbc, 0x1e, 0x16, 0xee, 0xed, 0x6d, 0x6a, 0x91, 0x63, 0x9c, 0x61, 0xba, 
    0xdb, 0x5f, 0x4d, 0x9f, 0x9f, 0x8a, 0x08, 0xce, 0x2b, 0xc2, 0xec, 0x50, 0x28, 0x1c, 0x43, 0xc8, 
    0x41, 0x92, 0x01, 0x35, 0x88, 0xaa, 0xa3, 0x35, 0x2c, 0x86, 0xb5, 0x04, 0xa4, 0x06, 0xa1, 0x16, 
    0xcc, 0x81, 0xab, 0x33, 0xc3, 0xbb, 0xba, 0xd1, 0x45, 0x8b, 0x34, 0xc2, 0xd7, 0x1d, 0x33, 0x2c, 
    0x6f, 0x13, 0x30, 0xd5, 0xd5, 0x66, 0x32, 0x47, 0xe6, 0x3a, 0xda, 0xcf, 0x84, 0x54, 0x8e, 0xf3, 
    0x8b, 0x72, 0x6b, 0xe8, 0x90, 0xe2, 0x15, 0x63, 0x1a, 0x8b, 0x08, 0x82, 0x03, 0x61, 0x38, 0x38, 
    0x0b, 0xd8, 0xdd, 0x19, 0xe3, 0x8c, 0xe8, 0x89, 0x48, 0x0b, 0x2f, 0xef, 0xe7, 0x27, 0x83, 0x15, 
    0x1e, 0x23, 0xfd, 0x91, 0x1b, 0xa9, 0xf5, 0x34, 0xe2, 0xb7, 0xdd, 0x44, 0xb0, 0x6c, 0x6e, 0xa3, 
    0xd0, 0x47, 0x70, 0xdb, 0xa8, 0xf1, 0x7a, 0x6c, 0xf5, 0xa0, 0x9f, 0x73, 0xec, 0xe4, 0xf9, 0x63, 
    0x1f, 0xb4, 0xb6, 0xaf, 0x16, 0x37, 0x3d, 0x00, 0x69, 0xf8, 0x7b, 0x42, 0xa1, 0x54, 0x6a, 0xe3, 
    0xa5, 0xad, 0x24, 0xaf, 0x6b, 0x19, 0x53, 0x70, 0xaa, 0x24, 0x75, 0x65, 0xa2, 0xa8, 0x73, 0xb6, 
    0xfd, 0xfc, 0x8d, 0x82, 0xb2, 0x7c, 0xbc, 0x08, 0x63, 0x46, 0x3e, 0xdf, 0x8a, 0xeb, 0xaf, 0xb7, 
    0x5d, 0x37, 0xda, 0xa7, 0xab, 0xc5, 0xc7, 0x1e, 0x80, 0x8f, 0x1b, 0xb7, 0x03, 0x00, 0x6f, 0x69, 
    0xdc, 0x0e, 0x00, 0xbc, 0xa5, 0x71, 0x3b, 0x00, 0xf0, 0x96, 0xc6, 0x2d, 0x1f, 0x80, 0xdf, 0x01, 
    0x91, 0xeb, 0x01, 0xb9, 0xe6, 0x30, 0x84, 0x13, 0x00, 0x00, 0x00, 0x00, 0x49, 0x45, 0x4e, 0x44, 
    0xae, 0x42, 0x60, 0x82, 
};

static const uint8_t ASSET_ENEMY_GRUNT_PNG[] = {
    0x89, 0x50, 0x4e, 0x47, 0x0d, 0x0a, 0x1a, 0x0a, 0x00, 0x00, 0x00, 0x0d, 0x49, 0x48, 0x44, 0x52, 
    0x00, 0x00, 0x00, 0x40, 0x00, 0x00, 0x00, 0x40, 0x08, 0x06, 0x00, 0x00, 0x00, 0xaa, 0x69, 0x71, 
    0xde, 0x00, 0x00, 0x12, 0xb5, 0x49, 0x44, 0x41, 0x54, 0x78, 0x9c, 0xed, 0x5a, 0x7b, 0x70, 0x15, 
    0xd7, 0x7d, 0xfe, 0xf6, 0xbe, 0xef, 0x95, 0xae, 0xde, 0x20, 0x09, 0x0b, 0x71, 0x01, 0x83, 0x10, 
    0x36, 0x42, 0x48, 0xc6, 0x04, 0xdb, 0x04, 0xe1, 0xc6, 0x38, 0xb1, 0x63, 0x5b, 0xb6, 0x27, 0x89, 
    0x3d, 0xd3, 0xd6, 0xe0, 0x3f, 0x62, 0x9b, 0xa6, 0x09, 0x6e, 0x3b, 0x9d, 0xe9, 0xa4, 0x10, 0xd9, 
    0xb4, 0x7f, 0xb4, 0xe9, 0x34, 0xa4, 0xce, 0xd8, 0xc6, 0x6d, 0x82, 0xc8, 0xa4, 0xad, 0xe3, 0xd4, 
    0x05, 0x62, 0x30, 0x31, 0x36, 0xb6, 0xc0, 0x3c, 0x82, 0x41, 0x20, 0x1e, 0x06, 0x1b, 0x0c, 0x11, 
    0x4f, 0x09, 0x21, 0xf4, 0x7e, 0xdd, 0xc7, 0xee, 0xf6, 0xfb, 0x9d, 0xbd, 0xab, 0x7b, 0x05, 0x7a, 
    0xf1, 0xf0, 0x34, 0x33, 0xf0, 0x8d, 0x7e, 0xfb, 0x3b, 0x67, 0xef, 0xee, 0xd9, 0xf3, 0x7d, 0xe7, 
    0x77, 0x1e, 0x7b, 0x56, 0x1a, 0x6e, 0x72, 0xdc, 0x12, 0x80, 0x76, 0x53, 0xe3, 0x96, 0x00, 0xb4, 
    0x9b, 0x1a, 0xb7, 0x04, 0xa0, 0xdd, 0xd4, 0xb8, 0x25, 0x00, 0xed, 0xa6, 0xc6, 0x2d, 0x01, 0x68, 
    0xa3, 0xc2, 0xec, 0x25, 0xa1, 0x52, 0xba, 0xf9, 0x34, 0xc0, 0x44, 0xdd, 0x9e, 0xd7, 0xea, 0xb7, 
    0x32, 0x75, 0xcd, 0x28, 0xad, 0xaa, 0xc8, 0xd0, 0xf4, 0xee, 0x99, 0x4c, 0xc2, 0x74, 0xa6, 0x1c, 
    0xa8, 0xab, 0xaa, 0x69, 0x63, 0xf2, 0x9a, 0x31, 0xfb, 0x85, 0xd0, 0x7c, 0xb2, 0x29, 0x65, 0x52, 
    0xb0, 0x75, 0xcf, 0xab, 0xf5, 0x75, 0xf4, 0x23, 0x42, 0xa3, 0x0d, 0x8b, 0x8a, 0xa5, 0xa1, 0x8c, 
    0xce, 0xb0, 0xb9, 0x9a, 0xd5, 0xac, 0x64, 0x36, 0x09, 0x5a, 0x3d, 0xed, 0xc5, 0xda, 0xd7, 0xea, 
    0xd7, 0x61, 0x18, 0x08, 0x51, 0x18, 0x5d, 0xf3, 0x4d, 0x53, 0xdd, 0x1f, 0x32, 0x61, 0x56, 0x60, 
    0x18, 0x68, 0xd0, 0x6a, 0x00, 0xd4, 0x6b, 0x9a, 0xb6, 0x0e, 0x8e, 0xd4, 0xad, 0x23, 0x09, 0x53, 
    0xfe, 0x42, 0xa8, 0x92, 0x75, 0xfb, 0x09, 0x2d, 0x84, 0x01, 0xd0, 0xd6, 0x05, 0xbd, 0xda, 0xe2, 
    0x9a, 0x95, 0xf5, 0x6d, 0xcc, 0x0c, 0x89, 0x61, 0x05, 0x10, 0xf2, 0x5d, 0x51, 0x6c, 0x33, 0x0d, 
    0x63, 0x46, 0x56, 0x96, 0x1f, 0xb9, 0xb9, 0x29, 0x3c, 0x0b, 0x74, 0x74, 0x46, 0x70, 0xee, 0x6c, 
    0x07, 0x53, 0x84, 0x86, 0xea, 0xda, 0x57, 0x4f, 0x2f, 0x66, 0x6a, 0x00, 0x4a, 0x97, 0x97, 0x3f, 
    0x63, 0x9a, 0xa8, 0x24, 0xe1, 0x4a, 0x66, 0xaf, 0x19, 0x14, 0x64, 0x9d, 0xa6, 0x61, 0x5d, 0xdd, 
    0xcb, 0xb5, 0x6b, 0x98, 0x1d, 0x80, 0xf2, 0x25, 0x85, 0xab, 0x61, 0x62, 0x11, 0x88, 0xdb, 0x0a, 
    0xd2, 0x90, 0x16, 0xf4, 0x30, 0x05, 0x5c, 0xb8, 0xd0, 0x8d, 0x96, 0x96, 0x5e, 0xb9, 0xb7, 0x2e, 
    0xd5, 0xab, 0x2d, 0x18, 0x4e, 0x04, 0x8d, 0x36, 0x24, 0xf8, 0x80, 0x95, 0x7c, 0xc0, 0x0f, 0xa4, 
    0xf0, 0x92, 0x92, 0xb1, 0x3c, 0x93, 0x40, 0x6f, 0x6f, 0x0c, 0xfb, 0x6a, 0x1b, 0xd0, 0xd1, 0x11, 
    0x66, 0x2e, 0xa1, 0x76, 0x69, 0xd5, 0x5d, 0x15, 0xa6, 0x6e, 0xac, 0x36, 0x81, 0x10, 0x2e, 0xc3, 
    0xf8, 0xb1, 0x26, 0x32, 0x83, 0x4c, 0xf0, 0xc7, 0x14, 0x9f, 0x86, 0x80, 0x57, 0x63, 0xd2, 0x81, 
    0x16, 0x6a, 0x19, 0x89, 0x31, 0x6d, 0x6a, 0xb8, 0xd8, 0x66, 0xa0, 0xb9, 0x43, 0xe7, 0x45, 0x03, 
    0xa1, 0x49, 0x54, 0x38, 0x1d, 0x8b, 0xeb, 0xaa, 0xf6, 0xd6, 0xa8, 0x86, 0x09, 0x9b, 0x6b, 0x4d, 
    0x46, 0x53, 0x5a, 0x9a, 0x17, 0x65, 0xe5, 0xf9, 0xf0, 0xfb, 0x5d, 0xbc, 0x2a, 0x81, 0x83, 0x07, 
    0x9b, 0xac, 0x46, 0xd2, 0xf0, 0x53, 0x36, 0xd0, 0x52, 0x9e, 0x1a, 0x14, 0x2c, 0x77, 0x68, 0xdc, 
    0xb5, 0x64, 0x42, 0xbb, 0xcb, 0xa9, 0xa5, 0x7d, 0x6d, 0xe1, 0x24, 0xe6, 0xae, 0x44, 0x34, 0x6a, 
    0xe0, 0x93, 0xdd, 0xe7, 0x94, 0x08, 0xa6, 0xdb, 0xf3, 0x8e, 0x9e, 0x9e, 0x1e, 0x94, 0x4a, 0x21, 
    0x8e, 0x54, 0xbf, 0x89, 0xc2, 0x5c, 0x03, 0x79, 0xd9, 0x06, 0xbd, 0xce, 0x33, 0xe4, 0x4e, 0x92, 
    0xa6, 0xe9, 0xa0, 0xd1, 0x1b, 0x0e, 0x18, 0x92, 0x16, 0xdf, 0x6f, 0x4e, 0x65, 0xe7, 0x9a, 0x0d, 
    0x5c, 0x6c, 0xd7, 0xd1, 0xd8, 0x1a, 0x45, 0x6f, 0xc4, 0xe0, 0x9d, 0x16, 0xd8, 0xaa, 0x35, 0xce, 
    0xf6, 0xf6, 0x4e, 0x2d, 0x1a, 0x79, 0x44, 0xa2, 0x52, 0xc8, 0xbb, 0xdd, 0x0e, 0xfe, 0x72, 0x25, 
    0x3e, 0xd8, 0x7c, 0x12, 0x31, 0xdd, 0xec, 0xd8, 0xfb, 0xea, 0xa9, 0x74, 0x66, 0x07, 0xc5, 0x90, 
    0x02, 0x58, 0x7d, 0xcb, 0x58, 0x1b, 0x0a, 0x65, 0xa0, 0x78, 0x7a, 0x0e, 0xcf, 0x00, 0xe1, 0x3e, 
    0x1d, 0xcd, 0xcd, 0x3d, 0xf0, 0xf9, 0x5c, 0xc8, 0xcc, 0xf4, 0xc1, 0xe1, 0xb4, 0x6e, 0xff, 0x70, 
    0x67, 0x23, 0xba, 0x9d, 0x5e, 0x98, 0x8c, 0x55, 0x81, 0x87, 0x8d, 0x71, 0xc7, 0xa4, 0x28, 0xca, 
    0x8a, 0x24, 0x3a, 0x92, 0x41, 0xd2, 0x42, 0x5c, 0x4c, 0xc8, 0x0e, 0x41, 0x5e, 0xa5, 0x75, 0xf1, 
    0x4e, 0xf4, 0xf4, 0x19, 0x38, 0xd9, 0x10, 0xc6, 0xa9, 0xe6, 0x28, 0x62, 0x06, 0x43, 0x87, 0xd0, 
    0x4c, 0x13, 0x29, 0x7a, 0x18, 0xf7, 0xdf, 0x93, 0xc7, 0x1c, 0x6b, 0xa9, 0x9b, 0x68, 0x6d, 0xed, 
    0x43, 0x5f, 0x5f, 0x0c, 0x39, 0x39, 0x01, 0x78, 0x7d, 0x4e, 0x9e, 0x4d, 0x8a, 0x02, 0x38, 0x1e, 
    0x1f, 0x6a, 0xac, 0xb2, 0x6a, 0x3c, 0x08, 0xee, 0x5a, 0x52, 0x58, 0xc5, 0xe7, 0xfc, 0x68, 0xce, 
    0x9c, 0xdb, 0x90, 0x95, 0xed, 0x57, 0x0f, 0x39, 0x79, 0xa2, 0x0d, 0xba, 0x61, 0xb5, 0x86, 0xd3, 
    0xe1, 0xc0, 0xf8, 0xc2, 0x34, 0x1c, 0x6f, 0x8a, 0xe0, 0x64, 0x63, 0x82, 0xe8, 0xac, 0xa9, 0x11, 
    0xcc, 0x98, 0x1c, 0x81, 0xd7, 0x63, 0x40, 0xd3, 0xa4, 0xc2, 0x62, 0x02, 0x92, 0xe6, 0xd1, 0x26, 
    0xaf, 0xa2, 0x80, 0x5e, 0x44, 0x48, 0x10, 0xa6, 0x27, 0x69, 0x2b, 0xed, 0x84, 0x1e, 0xf7, 0x91, 
    0x88, 0x8e, 0x5e, 0x0a, 0x51, 0xdf, 0x44, 0x21, 0x5a, 0x62, 0x2c, 0xc5, 0x42, 0xd1, 0x6d, 0x3e, 
    0x84, 0xb2, 0xdd, 0x38, 0x73, 0xba, 0x63, 0x40, 0xbd, 0x26, 0x4d, 0xce, 0x50, 0x8d, 0xd3, 0x72, 
    0xa9, 0x17, 0xbb, 0x19, 0xa1, 0x6c, 0x97, 0x97, 0xf6, 0xbe, 0x7a, 0xba, 0x0a, 0x83, 0x60, 0xd4, 
    0x02, 0xb4, 0xb7, 0x87, 0xd1, 0xd8, 0xd0, 0xc5, 0x5f, 0x2c, 0x18, 0x24, 0xd2, 0xd8, 0xe7, 0x40, 
    0x67, 0x94, 0x19, 0x42, 0x5a, 0xfd, 0xe1, 0x7b, 0x7b, 0x30, 0x26, 0x33, 0xca, 0x07, 0xc6, 0xc9, 
    0xd3, 0xd4, 0x03, 0xe4, 0xc0, 0xac, 0xe4, 0x6c, 0x01, 0xe4, 0x7e, 0x93, 0xe4, 0x2c, 0xd2, 0x62, 
    0x4c, 0xc7, 0x09, 0xdb, 0xc4, 0x25, 0x2f, 0xe9, 0x18, 0xc7, 0x87, 0x68, 0x54, 0x57, 0x42, 0xb4, 
    0x75, 0xc5, 0x70, 0xe8, 0x7c, 0x8c, 0x84, 0x59, 0x20, 0x91, 0xe1, 0x01, 0xc6, 0x78, 0x0d, 0x38, 
    0xf8, 0x2c, 0x1b, 0x79, 0xf9, 0xa9, 0x48, 0x4f, 0xf7, 0xb2, 0xf5, 0x3b, 0x19, 0x05, 0x17, 0x58, 
    0x97, 0xeb, 0x10, 0xa0, 0xb8, 0x38, 0x07, 0xa1, 0x89, 0x19, 0x57, 0x08, 0x70, 0xbe, 0x87, 0xe4, 
    0x59, 0x31, 0x41, 0x56, 0x9a, 0x81, 0x85, 0x73, 0x7a, 0x90, 0x96, 0x1a, 0x83, 0xc3, 0x21, 0xe4, 
    0xc5, 0x48, 0x57, 0x79, 0x5e, 0x40, 0xb0, 0x2c, 0x1e, 0x48, 0x5a, 0x5a, 0x5c, 0xbc, 0x4d, 0xba, 
    0xdf, 0xd3, 0x48, 0x56, 0x08, 0x4b, 0xda, 0xf6, 0x86, 0xee, 0x52, 0x69, 0x21, 0x6f, 0x89, 0x60, 
    0xa0, 0xb3, 0x47, 0xc7, 0xe7, 0x4d, 0x31, 0xf4, 0x46, 0xa5, 0x50, 0x20, 0xdd, 0x6d, 0x22, 0xcf, 
    0x6f, 0x45, 0x80, 0xc0, 0x16, 0xe0, 0x8b, 0xe3, 0x2d, 0x38, 0x4e, 0x63, 0x1d, 0xae, 0x5e, 0x00, 
    0x2e, 0x7c, 0x16, 0x19, 0xa6, 0xb1, 0xda, 0x1e, 0x03, 0x7a, 0x7a, 0xa2, 0x2a, 0xd4, 0x04, 0x4d, 
    0x6c, 0xf9, 0xd6, 0x88, 0x75, 0xab, 0x0c, 0x70, 0x0b, 0xe7, 0x74, 0xc3, 0xef, 0xd5, 0x49, 0x5e, 
    0x87, 0x46, 0x01, 0x92, 0x45, 0x90, 0x28, 0x50, 0x10, 0xd2, 0xb6, 0x09, 0x69, 0xd3, 0x49, 0x72, 
    0xf4, 0x42, 0x92, 0x26, 0x24, 0xc5, 0x0f, 0x14, 0xc1, 0x15, 0xcf, 0xbb, 0x18, 0x05, 0x26, 0xc9, 
    0x5b, 0x02, 0x88, 0xef, 0xe5, 0x78, 0x74, 0xbc, 0x59, 0x47, 0x77, 0x3c, 0x02, 0x73, 0xbc, 0x26, 
    0xb2, 0x19, 0x09, 0x02, 0xe9, 0x9a, 0x81, 0x80, 0x1b, 0x47, 0x8f, 0x34, 0xa3, 0x9e, 0x33, 0xa0, 
    0x43, 0x73, 0x2c, 0xe6, 0xc2, 0xa8, 0x1a, 0x83, 0xc0, 0x62, 0x31, 0x08, 0x64, 0xaa, 0xe9, 0x0c, 
    0x1b, 0xad, 0x7e, 0xbf, 0x1b, 0x15, 0x0b, 0x26, 0xf0, 0x0c, 0x70, 0xfc, 0x58, 0x0b, 0xda, 0xd8, 
    0xdd, 0x1b, 0x7a, 0xad, 0x51, 0x57, 0x5a, 0xfe, 0x9b, 0x0c, 0x7b, 0x9f, 0x4f, 0x5a, 0x5e, 0x67, 
    0xff, 0x4b, 0x08, 0x20, 0x26, 0x22, 0xf4, 0x3f, 0xc1, 0xe4, 0x1f, 0xc9, 0x4b, 0x9f, 0x57, 0x02, 
    0x90, 0xa0, 0x32, 0x8a, 0xa0, 0x1b, 0x36, 0x51, 0xc9, 0xd3, 0x0f, 0xc8, 0x5b, 0x11, 0x10, 0x8b, 
    0x39, 0xe2, 0x11, 0x20, 0x96, 0x10, 0xe1, 0x8b, 0x16, 0x13, 0x74, 0x0a, 0xf9, 0x8c, 0x82, 0x0c, 
    0x2f, 0x30, 0x65, 0x6a, 0x16, 0x73, 0x40, 0xcd, 0x47, 0xa7, 0x38, 0x5d, 0x47, 0x11, 0xf4, 0x3a, 
    0x32, 0x65, 0x8a, 0xe6, 0xa9, 0x2b, 0x60, 0x57, 0x6f, 0x50, 0xb0, 0x1b, 0xac, 0x63, 0xe8, 0x3e, 
    0x56, 0xb1, 0x20, 0xa4, 0xe6, 0xd9, 0xfa, 0x33, 0xdd, 0xf8, 0xb4, 0x31, 0x0a, 0x8e, 0x87, 0xaa, 
    0xcf, 0x3f, 0x3e, 0xbf, 0x97, 0x8b, 0x8f, 0x88, 0x22, 0xee, 0x70, 0xb2, 0x35, 0xba, 0x0c, 0xec, 
    0xdb, 0xab, 0xa1, 0xa3, 0x25, 0x0d, 0xe7, 0x2f, 0x58, 0xdd, 0xe5, 0xb6, 0x3c, 0x86, 0x63, 0x4e, 
    0x2b, 0xee, 0xfe, 0x4a, 0x04, 0xc1, 0x34, 0x4e, 0x92, 0xfd, 0xe4, 0xe9, 0x49, 0x4c, 0x97, 0x74, 
    0x9c, 0xa4, 0x95, 0x77, 0x71, 0x5a, 0xd5, 0xf0, 0xe9, 0xc1, 0x30, 0x7a, 0x3b, 0x7d, 0xb8, 0x70, 
    0xa9, 0x95, 0xa5, 0xb0, 0x9f, 0x67, 0x65, 0xc1, 0xe5, 0x8b, 0xa2, 0xa0, 0x20, 0x8d, 0xe2, 0x72, 
    0xdd, 0x40, 0x01, 0xc4, 0xba, 0x39, 0x38, 0x9e, 0x68, 0x17, 0x61, 0x39, 0x00, 0x92, 0xcd, 0x1d, 
    0x79, 0x6e, 0x84, 0xc6, 0xa7, 0xb0, 0x8c, 0x30, 0x76, 0x6c, 0x3f, 0xc3, 0x46, 0xc0, 0x7a, 0x86, 
    0x7f, 0x25, 0x8b, 0x18, 0x14, 0xbc, 0x65, 0x68, 0x5c, 0xde, 0x0d, 0x76, 0x1c, 0xed, 0xc2, 0xa5, 
    0x4e, 0x6b, 0x14, 0x7e, 0x6c, 0x5e, 0x98, 0x03, 0x5e, 0x44, 0x11, 0x77, 0x3a, 0x63, 0x38, 0x72, 
    0x98, 0x2f, 0x08, 0x7b, 0x7d, 0x28, 0x9f, 0x72, 0x0f, 0xee, 0x2f, 0x7d, 0x18, 0x53, 0x0b, 0xa6, 
    0xf3, 0x2a, 0xe0, 0xd8, 0xd9, 0x23, 0xf8, 0xf0, 0xc0, 0x46, 0xd4, 0x1e, 0xdb, 0x89, 0xfb, 0x2a, 
    0xda, 0x30, 0x6d, 0x7a, 0x8c, 0xe4, 0x85, 0xa8, 0xd3, 0x22, 0x4c, 0xf2, 0xfd, 0x9e, 0xe7, 0x8e, 
    0x1c, 0x36, 0x68, 0x14, 0x5f, 0x95, 0xf3, 0xd0, 0x80, 0x72, 0xb6, 0xd4, 0xbd, 0xab, 0xca, 0x19, 
    0x57, 0x10, 0x40, 0x3a, 0x9b, 0x5a, 0x04, 0x10, 0xeb, 0xa4, 0x08, 0xa7, 0xbb, 0xad, 0xa9, 0x2f, 
    0x3b, 0xe8, 0xc2, 0xbd, 0xc5, 0xa9, 0xa3, 0x0a, 0x7f, 0xc1, 0xb0, 0x02, 0x08, 0x18, 0x05, 0xa7, 
    0x19, 0x05, 0xe3, 0xa7, 0x95, 0x8c, 0xe3, 0xe8, 0x1b, 0xe1, 0x19, 0x60, 0xe6, 0xed, 0x3a, 0xca, 
    0xa7, 0x85, 0x49, 0x3e, 0x46, 0xf2, 0x3a, 0x4e, 0x1c, 0xd7, 0xb1, 0x67, 0x97, 0x1f, 0x2f, 0x3f, 
    0xf3, 0x53, 0x54, 0xcc, 0x7c, 0x90, 0x57, 0x5c, 0x89, 0x9a, 0x03, 0xef, 0x61, 0xf9, 0x9a, 0xef, 
    0x53, 0x84, 0x56, 0x14, 0x4d, 0xd7, 0x49, 0xda, 0x6a, 0x75, 0x45, 0x3c, 0xee, 0x8f, 0x7d, 0x0e, 
    0x8a, 0xe8, 0x1c, 0xb1, 0x9c, 0x65, 0xd5, 0x3f, 0x40, 0x6e, 0xbe, 0x97, 0x11, 0xe5, 0x51, 0x02, 
    0x44, 0xc2, 0x3a, 0x9a, 0x7a, 0x34, 0xb4, 0xb1, 0x1c, 0xc1, 0x8c, 0x71, 0x1e, 0x7c, 0x76, 0xf0, 
    0x3c, 0x53, 0xda, 0xa9, 0xda, 0xd7, 0x4e, 0x85, 0x30, 0x0c, 0x46, 0x16, 0xe0, 0x7b, 0x21, 0x59, 
    0xda, 0x7e, 0x64, 0x64, 0x67, 0x43, 0x67, 0x3c, 0x49, 0xe8, 0x3f, 0x59, 0x11, 0x81, 0x9f, 0xe1, 
    0x28, 0xe4, 0x7b, 0x7b, 0x62, 0x78, 0x67, 0xad, 0x9b, 0x95, 0x7e, 0x65, 0xc8, 0x4a, 0xdb, 0x78, 
    0x67, 0xd7, 0x6f, 0xf0, 0xe3, 0xdf, 0xfc, 0x10, 0xdf, 0xfe, 0xd3, 0x16, 0xa4, 0xa6, 0x6a, 0x8a, 
    0xb4, 0x65, 0x4e, 0x74, 0xb4, 0xb9, 0xb0, 0x71, 0xbd, 0x90, 0xff, 0xb7, 0x51, 0x95, 0xf3, 0x4f, 
    0xbf, 0xfe, 0x7b, 0x84, 0x26, 0xa5, 0x72, 0x68, 0xb1, 0x06, 0xc7, 0xbe, 0xb0, 0x81, 0xb3, 0x61, 
    0x0f, 0x38, 0xea, 0xc0, 0x65, 0x72, 0xfc, 0xb9, 0xc4, 0xd1, 0xdf, 0xe9, 0x58, 0xb0, 0xf7, 0x67, 
    0xf5, 0x35, 0x18, 0x06, 0x23, 0x0a, 0x20, 0x28, 0xfb, 0xeb, 0xe2, 0x8f, 0x63, 0x01, 0xff, 0x7d, 
    0x4c, 0xa2, 0x64, 0xb2, 0x81, 0xb2, 0xa9, 0x51, 0xab, 0xf5, 0x5d, 0x31, 0xec, 0xd8, 0x16, 0x43, 
    0x9e, 0xb7, 0x02, 0x3f, 0x79, 0xa1, 0x1a, 0x36, 0x36, 0x6f, 0xde, 0x8c, 0xea, 0xea, 0x6a, 0xa4, 
    0xa5, 0xa5, 0xe1, 0x89, 0x27, 0x9e, 0xc0, 0xc2, 0x85, 0x0b, 0x79, 0xd6, 0xc2, 0x8b, 0xaf, 0x2f, 
    0x42, 0xb3, 0xbe, 0x19, 0x7f, 0xf2, 0x00, 0xc7, 0x92, 0x38, 0x79, 0x89, 0x86, 0x9a, 0x0f, 0x35, 
    0xe4, 0xfb, 0xe6, 0x8f, 0xba, 0x9c, 0xa5, 0xaf, 0x2e, 0xc6, 0xa7, 0xe7, 0x76, 0xa9, 0x17, 0x34, 
    0x11, 0x20, 0x4c, 0xbb, 0x14, 0xe6, 0xd4, 0x6c, 0xb2, 0x85, 0x08, 0x67, 0x5f, 0xef, 0xfb, 0xfb, 
    0x7f, 0x7c, 0x34, 0x71, 0xc3, 0x10, 0x18, 0x95, 0x00, 0x25, 0xcb, 0x66, 0x6d, 0xe4, 0xa5, 0x0f, 
    0xa5, 0xf8, 0x80, 0x27, 0xbe, 0x4a, 0xe2, 0x6c, 0x79, 0x25, 0x00, 0xed, 0xbd, 0x77, 0xfc, 0xf8, 
    0xee, 0x83, 0xcb, 0xf1, 0xc8, 0xdc, 0x6f, 0xf1, 0x4a, 0xab, 0xd2, 0xcf, 0x3f, 0xff, 0x3c, 0x53, 
    0xc0, 0x86, 0x0d, 0x1b, 0x78, 0x04, 0xce, 0x9e, 0x3d, 0xdb, 0x5f, 0x79, 0x69, 0xbd, 0xff, 0x78, 
    0xbf, 0x0a, 0x8f, 0x3f, 0xd5, 0x44, 0xf2, 0x09, 0x01, 0x36, 0xae, 0x0d, 0x5e, 0x75, 0x39, 0xaf, 
    0xfc, 0xf6, 0x1f, 0x31, 0x36, 0xdf, 0x5a, 0x23, 0x88, 0x00, 0x61, 0xce, 0x0e, 0x4d, 0xba, 0x57, 
    0x45, 0x2a, 0xe7, 0x9c, 0x77, 0x0f, 0xae, 0xd8, 0xff, 0x30, 0x13, 0xc3, 0x42, 0xae, 0x1c, 0x16, 
    0xf2, 0x3e, 0x6f, 0xe8, 0x1d, 0x6a, 0x28, 0x2e, 0x1a, 0x0f, 0xdc, 0x5d, 0x9c, 0x20, 0x2f, 0x42, 
    0x54, 0xff, 0x3c, 0x82, 0xff, 0xfc, 0xbb, 0x77, 0xf9, 0xdb, 0x1d, 0xbc, 0x02, 0x78, 0xfa, 0xe9, 
    0xa7, 0xb9, 0xfc, 0xdc, 0xcd, 0x14, 0xb0, 0x71, 0xe3, 0x46, 0x1e, 0x81, 0x95, 0x2b, 0x57, 0x62, 
    0xd5, 0xaa, 0x55, 0x4c, 0x81, 0x83, 0xd8, 0x2e, 0x3c, 0xb7, 0xf2, 0x29, 0xfc, 0xc5, 0xd2, 0x5e, 
    0x12, 0xb7, 0xfa, 0xbe, 0xd8, 0xcf, 0x57, 0x19, 0xd7, 0x54, 0x4e, 0xd1, 0xb4, 0x6c, 0x25, 0x80, 
    0x8c, 0x03, 0xe2, 0x5b, 0x74, 0x37, 0xfa, 0x1c, 0x6e, 0x5e, 0xc1, 0x77, 0x81, 0x15, 0xfb, 0x46, 
    0xe4, 0x37, 0xe2, 0x05, 0xa5, 0x55, 0xe5, 0x95, 0x7c, 0x0f, 0x58, 0xcb, 0x24, 0xe6, 0xcd, 0xd0, 
    0x30, 0x21, 0xcf, 0x22, 0x2e, 0x02, 0xc8, 0x0c, 0xb0, 0xe6, 0x17, 0xe1, 0x21, 0x2b, 0x6e, 0xe3, 
    0x81, 0x07, 0x1e, 0xb8, 0xa2, 0xe2, 0x4b, 0xbe, 0xdf, 0xc7, 0x51, 0x5f, 0xc8, 0x8b, 0x08, 0x4e, 
    0xfc, 0xe2, 0x8d, 0xa1, 0x05, 0xb0, 0x31, 0x58, 0x39, 0x45, 0x45, 0x71, 0x01, 0xe2, 0x26, 0xab, 
    0xd3, 0x4e, 0xa7, 0x9f, 0x57, 0xf0, 0x15, 0xc8, 0xa9, 0x3d, 0x5e, 0x57, 0x55, 0xbb, 0x8e, 0xc9, 
    0x21, 0x31, 0xa2, 0x00, 0x25, 0xcb, 0xcb, 0xab, 0xb9, 0x82, 0x79, 0x86, 0x49, 0x3c, 0x7d, 0xbf, 
    0x83, 0x85, 0x26, 0x09, 0xc0, 0xf9, 0x7f, 0xf3, 0x06, 0x0f, 0x9e, 0xfb, 0xfa, 0xe0, 0xa1, 0x6b, 
    0xe3, 0xf5, 0xd7, 0x5f, 0x1f, 0x10, 0xba, 0x6f, 0x6c, 0xae, 0x42, 0xe5, 0xb7, 0x5b, 0x14, 0x71, 
    0x99, 0xfa, 0x24, 0x02, 0x36, 0xad, 0x0b, 0x5c, 0x75, 0x39, 0xaf, 0xac, 0xff, 0x07, 0xe4, 0xe4, 
    0x59, 0x5d, 0x20, 0xd9, 0x2e, 0x79, 0x64, 0xd3, 0x81, 0xd0, 0xb4, 0x35, 0x07, 0x5f, 0xae, 0x5d, 
    0x84, 0x61, 0x30, 0xa2, 0x00, 0x33, 0x97, 0x97, 0xef, 0x37, 0x4d, 0xb3, 0xf4, 0xb6, 0x6c, 0x07, 
    0xe6, 0x95, 0x68, 0x16, 0x71, 0x11, 0x80, 0xe4, 0x45, 0x8c, 0x5d, 0x3b, 0x22, 0x18, 0xe7, 0x9f, 
    0x8f, 0x7f, 0x7d, 0x7e, 0x35, 0xaf, 0xb6, 0x20, 0x95, 0x7f, 0xfb, 0xed, 0xb7, 0x99, 0xe2, 0x8c, 
    0xf1, 0xe4, 0x93, 0xfd, 0x95, 0x3e, 0x7f, 0xe9, 0x0c, 0xfe, 0xf2, 0x67, 0x7f, 0x86, 0x6e, 0xe3, 
    0x24, 0x3c, 0x1e, 0xbe, 0x5e, 0x87, 0xf9, 0x78, 0xae, 0x0e, 0xdd, 0x1e, 0x8d, 0x21, 0x0c, 0x04, 
    0xdd, 0x21, 0xbc, 0xf2, 0xbd, 0x5f, 0x62, 0x5c, 0x36, 0xfb, 0x1a, 0x31, 0x54, 0x39, 0x82, 0x17, 
    0x5f, 0x7b, 0x16, 0x87, 0xce, 0xec, 0xc0, 0x98, 0x31, 0x01, 0x45, 0x3a, 0xd9, 0xda, 0x5d, 0x01, 
    0xe8, 0x4e, 0x17, 0xaf, 0xc2, 0x56, 0x76, 0x83, 0x0a, 0x0c, 0x03, 0xd6, 0x60, 0x78, 0x94, 0x2c, 
    0x2b, 0x33, 0xe9, 0x30, 0xbd, 0xd0, 0x85, 0x19, 0x93, 0x24, 0xac, 0x12, 0xe4, 0x25, 0x12, 0x7a, 
    0x38, 0x0d, 0x6e, 0xfa, 0x2d, 0xb0, 0x62, 0xd1, 0x2b, 0x43, 0x4e, 0x5f, 0x12, 0xae, 0xff, 0xfd, 
    0xd1, 0x6a, 0x35, 0x87, 0x8f, 0x06, 0x52, 0xce, 0xd3, 0x0b, 0x16, 0xa3, 0x7c, 0xea, 0x5c, 0xe6, 
    0xae, 0x84, 0xb4, 0xbe, 0x4c, 0x83, 0x05, 0x13, 0x02, 0x0c, 0x4e, 0x6e, 0xcc, 0x90, 0xb4, 0x10, 
    0xb7, 0xad, 0x5b, 0xe3, 0xfa, 0xc0, 0xeb, 0xe3, 0x95, 0x23, 0x8f, 0x03, 0xc3, 0xfe, 0x28, 0xb0, 
    0x05, 0x28, 0x2e, 0x74, 0x63, 0xc6, 0x44, 0x4d, 0x85, 0xbd, 0x1d, 0x05, 0x56, 0x5a, 0xe7, 0x3e, 
    0x41, 0x94, 0xdb, 0xc4, 0x2e, 0xbc, 0x74, 0xd9, 0x02, 0xa6, 0xb3, 0xa7, 0x1d, 0x7f, 0xf3, 0xc6, 
    0x73, 0x4a, 0x00, 0xc1, 0xd8, 0x9c, 0x2c, 0xcc, 0x9e, 0x39, 0x1d, 0x19, 0x69, 0x41, 0xe4, 0xe6, 
    0x64, 0xc3, 0xcb, 0x45, 0x85, 0x69, 0x1a, 0xdc, 0xf4, 0xe8, 0x41, 0xc3, 0xc5, 0x66, 0xb4, 0x75, 
    0xb4, 0x63, 0xff, 0xa1, 0x13, 0x68, 0x96, 0x3d, 0x32, 0x42, 0x04, 0xf8, 0x97, 0xef, 0xae, 0x42, 
    0x30, 0x90, 0xce, 0x9c, 0x05, 0x21, 0xff, 0xcf, 0x6f, 0x2d, 0xe7, 0x42, 0xc8, 0xc3, 0x77, 0x10, 
    0x97, 0x22, 0x7c, 0xb9, 0xf5, 0x38, 0x3c, 0x88, 0xfa, 0xac, 0x71, 0xe0, 0xba, 0x04, 0x28, 0xad, 
    0xfa, 0x4a, 0xc8, 0xd0, 0x23, 0x7f, 0x60, 0x12, 0xe5, 0xb7, 0x7b, 0x31, 0x31, 0x9f, 0xf3, 0x2b, 
    0x09, 0x0b, 0x71, 0x11, 0xc0, 0x8a, 0x04, 0x1a, 0x5f, 0x7c, 0x44, 0x84, 0x7d, 0x9f, 0x38, 0x30, 
    0xbb, 0xe8, 0x5e, 0x2e, 0x61, 0x1f, 0x56, 0x61, 0xbc, 0xe2, 0x57, 0x7f, 0x8b, 0x33, 0x17, 0xeb, 
    0x51, 0x38, 0x2e, 0x17, 0xf3, 0xe6, 0x94, 0x61, 0x52, 0x41, 0x21, 0xef, 0x71, 0xf1, 0xa1, 0x0e, 
    0x96, 0xc8, 0xe8, 0xe7, 0xb2, 0x45, 0x37, 0xf8, 0x6e, 0x6f, 0x72, 0x4d, 0x60, 0x44, 0xb8, 0xe3, 
    0x13, 0x41, 0xd4, 0xe0, 0xa6, 0xc7, 0xd9, 0x06, 0x7c, 0xb2, 0xef, 0x18, 0x1a, 0x1a, 0xdb, 0x30, 
    0x21, 0x77, 0x32, 0x96, 0x3e, 0xf9, 0x43, 0xb4, 0x77, 0xb5, 0x62, 0xcb, 0xfe, 0x77, 0xb1, 0xe7, 
    0xf3, 0x1d, 0x24, 0xcf, 0x55, 0x60, 0x30, 0xbe, 0x14, 0x8e, 0xd2, 0xc4, 0xd3, 0xec, 0x48, 0xe8, 
    0x15, 0x01, 0xfc, 0x01, 0x3e, 0x41, 0x22, 0x36, 0x2d, 0xb3, 0x6e, 0x98, 0x9d, 0xe5, 0x11, 0x04, 
    0xb8, 0xab, 0xc2, 0xe0, 0x2a, 0x90, 0x49, 0xcc, 0xbb, 0x23, 0x80, 0xb1, 0x99, 0xdc, 0xc2, 0x24, 
    0xe9, 0x7e, 0x11, 0x48, 0x5c, 0x79, 0x95, 0x37, 0xd0, 0xdd, 0xad, 0xe3, 0x60, 0x5d, 0x0c, 0x5d, 
    0x6d, 0x29, 0x68, 0xbc, 0x68, 0xb5, 0xe2, 0x9d, 0x45, 0x93, 0xf0, 0xe8, 0x03, 0x15, 0x70, 0xb3, 
    0x52, 0x87, 0x3e, 0x3b, 0xc9, 0xb5, 0xb9, 0x13, 0x77, 0xdd, 0x59, 0xc2, 0x5f, 0x64, 0x53, 0x45, 
    0x27, 0x71, 0xd9, 0xea, 0x0a, 0x93, 0x78, 0x04, 0x75, 0x47, 0x8e, 0xaa, 0xfc, 0x94, 0x29, 0x79, 
    0xdc, 0xcb, 0x0b, 0x63, 0xd3, 0x07, 0xfb, 0x70, 0xea, 0xf4, 0x25, 0x5e, 0xc9, 0xd7, 0xdd, 0xcc, 
    0x4c, 0x38, 0xdc, 0x11, 0xe4, 0xf1, 0xe5, 0x4a, 0xa3, 0x7e, 0x42, 0x34, 0x1a, 0xe1, 0x5b, 0x61, 
    0x5c, 0x00, 0x9b, 0xbc, 0x58, 0x98, 0xaf, 0xda, 0x51, 0x2e, 0x9e, 0x04, 0x0e, 0xae, 0x06, 0x65, 
    0x23, 0x15, 0x43, 0x60, 0xd4, 0x02, 0xdc, 0x5b, 0x9c, 0x42, 0x01, 0x18, 0x01, 0x8a, 0xb0, 0x41, 
    0xc2, 0xf4, 0xca, 0xac, 0xb4, 0xfd, 0x1a, 0x2c, 0xaf, 0xc0, 0x27, 0xbf, 0xe0, 0x0a, 0x71, 0x7b, 
    0x14, 0x63, 0xb2, 0x33, 0xf0, 0xec, 0x77, 0x1e, 0x81, 0xdb, 0xe9, 0xc3, 0xc6, 0x2d, 0xdb, 0xb1, 
    0x9f, 0x04, 0x05, 0x77, 0xdf, 0x39, 0x0b, 0x4f, 0x3d, 0x54, 0x49, 0xe2, 0xd2, 0xea, 0x24, 0xaf, 
    0xf7, 0xe1, 0x7f, 0x39, 0xe0, 0x1d, 0x38, 0x7a, 0x8c, 0xbf, 0x72, 0xbc, 0x99, 0x5a, 0x88, 0xf9, 
    0xf3, 0xa6, 0xa1, 0xbb, 0xb7, 0x1b, 0x1b, 0x36, 0xed, 0x47, 0x4b, 0x6b, 0x0f, 0xa6, 0x72, 0xba, 
    0xcb, 0xe2, 0x3e, 0x64, 0x24, 0x6a, 0x58, 0x64, 0x49, 0x5c, 0x09, 0xd0, 0x9f, 0xa6, 0x57, 0xc6, 
    0x73, 0x8c, 0xb0, 0x58, 0xba, 0xd5, 0x6d, 0xae, 0x53, 0x80, 0xc4, 0x22, 0xa8, 0x74, 0x62, 0x00, 
    0xa1, 0x5c, 0x17, 0x49, 0x92, 0xb4, 0x6a, 0x71, 0xb1, 0x38, 0x69, 0x49, 0x6b, 0xe2, 0x99, 0xe7, 
    0x06, 0xc8, 0xb6, 0x9a, 0x5e, 0x9c, 0x39, 0x13, 0xc3, 0xa3, 0x0f, 0xde, 0x83, 0xe2, 0xc9, 0x93, 
    0xb9, 0x47, 0xdf, 0x85, 0x7f, 0x7f, 0x73, 0x2d, 0x4b, 0x49, 0xe0, 0xaf, 0x16, 0x3d, 0x87, 0x3c, 
    0x8e, 0x03, 0x51, 0xb6, 0xf4, 0xd9, 0x0b, 0xe7, 0xf0, 0xda, 0x7f, 0xbd, 0xc9, 0xb3, 0x09, 0x7c, 
    0xab, 0x72, 0x2e, 0xd2, 0xb9, 0xdf, 0x75, 0xa2, 0xbe, 0x01, 0x1f, 0xd5, 0x1c, 0x83, 0xec, 0x00, 
    0x4f, 0x9e, 0x9c, 0x19, 0x27, 0x4b, 0x92, 0xca, 0x93, 0xb0, 0x2d, 0x08, 0xcd, 0xde, 0x2f, 0x88, 
    0x7a, 0x7c, 0xd0, 0x53, 0x52, 0x58, 0x8a, 0x08, 0x70, 0x1d, 0x5d, 0x40, 0x60, 0x0f, 0x82, 0x53, 
    0xf2, 0xbc, 0x1c, 0x08, 0xfd, 0x24, 0x4c, 0xb2, 0x42, 0x54, 0x89, 0x40, 0xaf, 0x25, 0xb7, 0xbe, 
    0xb5, 0x0d, 0xf6, 0xde, 0xa6, 0x4e, 0xee, 0xd2, 0xea, 0x58, 0xb2, 0xe8, 0x51, 0xa4, 0xf8, 0x53, 
    0xf1, 0xfb, 0xbd, 0x47, 0xf1, 0xf1, 0x9e, 0xfd, 0x2c, 0x25, 0x81, 0x6f, 0x56, 0xdc, 0x8f, 0xb9, 
    0xb3, 0x4a, 0x55, 0xff, 0xdf, 0xb2, 0x6b, 0x27, 0xb6, 0xee, 0xae, 0xe5, 0xd9, 0x04, 0xee, 0x99, 
    0x33, 0x15, 0xc5, 0xc5, 0xb9, 0x8c, 0x82, 0x1e, 0xbc, 0xf9, 0xeb, 0x5a, 0xa4, 0x70, 0x87, 0x67, 
    0x2a, 0x57, 0x7d, 0xb2, 0x15, 0x2f, 0x84, 0xc5, 0x0f, 0x25, 0x82, 0xce, 0xfe, 0xaf, 0x07, 0x02, 
    0x2c, 0xe5, 0x3a, 0x07, 0x41, 0x81, 0x2d, 0xc0, 0xe4, 0xb1, 0x1e, 0x14, 0x15, 0xf8, 0xe0, 0x72, 
    0x71, 0x31, 0x64, 0x8b, 0x40, 0x53, 0xad, 0x2f, 0x3e, 0x4e, 0x5e, 0x73, 0x98, 0x78, 0xff, 0x77, 
    0x6d, 0x68, 0x6b, 0x8b, 0xe1, 0xb9, 0x3f, 0xff, 0x86, 0x12, 0x60, 0x77, 0xed, 0xe7, 0xd8, 0xb1, 
    0xf7, 0x20, 0x4b, 0x49, 0xe0, 0xeb, 0x5f, 0xbd, 0x0f, 0x73, 0x4a, 0x67, 0x50, 0x80, 0x18, 0x6a, 
    0x7e, 0xbf, 0x07, 0xdb, 0xf7, 0xd4, 0xf1, 0x6c, 0x02, 0x73, 0xef, 0x9e, 0x82, 0x69, 0xd3, 0xc6, 
    0x70, 0xc3, 0xa3, 0x07, 0x6f, 0xbd, 0x55, 0xa7, 0xb6, 0xb8, 0x6e, 0x9f, 0x92, 0xa5, 0x08, 0x4a, 
    0x04, 0x88, 0xb7, 0x04, 0x88, 0xa7, 0xe3, 0x3e, 0x16, 0x33, 0x60, 0x90, 0xfc, 0x8d, 0x14, 0xa0, 
    0x06, 0xfc, 0x28, 0x9a, 0x13, 0x74, 0xa2, 0x6c, 0xa2, 0x5f, 0x09, 0x20, 0xa6, 0x48, 0xd3, 0x12, 
    0xa1, 0x6f, 0x79, 0x11, 0x62, 0xd7, 0xce, 0x36, 0x9c, 0x3f, 0x17, 0xc6, 0x37, 0xbe, 0x56, 0x86, 
    0x29, 0x13, 0x0b, 0xd8, 0x05, 0xba, 0xf1, 0xab, 0xb7, 0xb7, 0xb0, 0x98, 0x04, 0x9e, 0xfd, 0xce, 
    0xa3, 0x9c, 0x16, 0xf9, 0xd9, 0x90, 0xd3, 0x60, 0x63, 0x53, 0x33, 0x7e, 0xf9, 0x3f, 0xbf, 0xe3, 
    0xd9, 0x04, 0x2a, 0x1f, 0x99, 0x85, 0xb4, 0x0c, 0x17, 0xfe, 0x70, 0xea, 0x22, 0x3e, 0xde, 0x56, 
    0xaf, 0x36, 0x39, 0xe5, 0x0b, 0x55, 0x4c, 0x5a, 0x9b, 0x44, 0x55, 0xab, 0xd3, 0x4b, 0xcb, 0xab, 
    0x68, 0x50, 0x5e, 0xe7, 0xb4, 0x0a, 0xf0, 0x03, 0x0d, 0x0c, 0xb7, 0x9b, 0xa5, 0xdc, 0x88, 0x85, 
    0xd0, 0xf2, 0xc4, 0x52, 0x78, 0x41, 0x71, 0x40, 0x91, 0xb7, 0x8c, 0x93, 0x19, 0x47, 0x63, 0x25, 
    0x44, 0x12, 0x79, 0xb1, 0x33, 0xa7, 0x7b, 0x50, 0xbb, 0xb7, 0x15, 0xd9, 0x59, 0x41, 0x3c, 0xf6, 
    0xf0, 0x6c, 0x7e, 0x02, 0xf3, 0x63, 0xcb, 0xb6, 0x43, 0x38, 0x7a, 0xec, 0x34, 0x4b, 0xe1, 0xb6, 
    0x55, 0x51, 0x08, 0x0f, 0x2e, 0x98, 0xcd, 0x62, 0xf9, 0x36, 0x4f, 0x01, 0x64, 0x36, 0xd8, 0x5c, 
    0x53, 0x8b, 0xcf, 0x8e, 0x9f, 0xe5, 0xaf, 0xec, 0x6e, 0x93, 0xc7, 0x62, 0xee, 0x3d, 0x21, 0xb5, 
    0x3e, 0xd8, 0xf2, 0xc1, 0x09, 0x76, 0xa7, 0x5e, 0x14, 0x16, 0xa6, 0xab, 0x6d, 0x39, 0x21, 0x2b, 
    0x44, 0x2f, 0xf7, 0x12, 0x01, 0xba, 0x6e, 0xf0, 0x6e, 0x2e, 0x8c, 0x72, 0x72, 0x78, 0x24, 0xb4, 
    0x1b, 0xb0, 0x14, 0x4e, 0x7e, 0x19, 0x9a, 0x9e, 0xef, 0x46, 0x6e, 0xba, 0x8b, 0xfb, 0x00, 0x22, 
    0x80, 0x83, 0xd3, 0xa1, 0x18, 0x3f, 0x56, 0x91, 0xbc, 0x0c, 0x7e, 0x22, 0x84, 0xec, 0x02, 0x8b, 
    0x08, 0x3b, 0xb7, 0x5f, 0xe4, 0x57, 0xa4, 0x3e, 0x4c, 0xb9, 0x3d, 0x17, 0x0b, 0xe6, 0x4d, 0xe7, 
    0xef, 0xdc, 0xf1, 0xf9, 0xa2, 0x81, 0x0f, 0x74, 0x60, 0xda, 0xd4, 0x02, 0x96, 0x26, 0xe0, 0x4a, 
    0x80, 0x02, 0x58, 0x22, 0xc4, 0x28, 0xc0, 0x39, 0xbe, 0x1b, 0x18, 0x98, 0xc8, 0x0f, 0x1b, 0xb2, 
    0x2e, 0xf8, 0x80, 0xe4, 0x9b, 0xf8, 0xa1, 0x33, 0x25, 0xc5, 0x83, 0x82, 0xf1, 0x41, 0xab, 0xf5, 
    0x19, 0xe2, 0x36, 0x69, 0x95, 0xa7, 0x17, 0xf2, 0xe2, 0x05, 0xa6, 0xc7, 0x8b, 0x18, 0x17, 0x5a, 
    0x82, 0x1b, 0xf2, 0x32, 0x94, 0x3c, 0x13, 0xe4, 0xa7, 0x39, 0x38, 0x16, 0xb8, 0x49, 0x5a, 0x04, 
    0xd0, 0x94, 0x17, 0x01, 0xe4, 0x6b, 0x0c, 0x1f, 0xa6, 0x88, 0x8b, 0x89, 0x08, 0x31, 0x56, 0x68, 
    0x17, 0x3f, 0x99, 0x75, 0x74, 0xc8, 0xdc, 0x9d, 0x86, 0x59, 0x33, 0x0b, 0x31, 0x2e, 0x3f, 0x93, 
    0x0f, 0x74, 0xb0, 0xa4, 0x04, 0x28, 0x01, 0xc9, 0x8b, 0x08, 0x1c, 0xbc, 0x28, 0x82, 0xc1, 0x85, 
    0x51, 0x43, 0x63, 0x3b, 0x0e, 0x1f, 0x6e, 0x52, 0xe4, 0x65, 0xb5, 0x57, 0x38, 0x3e, 0x9d, 0xbf, 
    0x19, 0x2c, 0x93, 0x44, 0x29, 0x80, 0xf2, 0x2c, 0xdf, 0x16, 0x42, 0xbc, 0x61, 0xf0, 0xb9, 0x84, 
    0x1e, 0x0c, 0xc2, 0xf0, 0x7a, 0x99, 0x1a, 0xb9, 0xff, 0x0b, 0x46, 0xbc, 0x40, 0x50, 0xb2, 0xac, 
    0x9c, 0x2a, 0x9a, 0x8f, 0x79, 0x49, 0xb2, 0xb4, 0x80, 0x11, 0x40, 0xef, 0x8a, 0x93, 0xe7, 0x3c, 
    0x6b, 0x79, 0x47, 0xc2, 0x34, 0x4d, 0x8c, 0xa1, 0x18, 0xd3, 0xb1, 0xbf, 0xb6, 0x11, 0x97, 0x2e, 
    0xf5, 0xb2, 0x14, 0x6e, 0xa3, 0x67, 0x06, 0x30, 0x8d, 0x23, 0x7b, 0x6a, 0xaa, 0x97, 0xdf, 0x16, 
    0x03, 0x7c, 0x21, 0x72, 0x90, 0xb8, 0xc9, 0x97, 0xa2, 0x88, 0x9a, 0xeb, 0xbb, 0xba, 0xc2, 0x38, 
    0x7c, 0xa8, 0x89, 0x0b, 0xaa, 0x08, 0xaf, 0xe6, 0x17, 0x64, 0xb6, 0xfc, 0xb8, 0x71, 0xa9, 0x14, 
    0x48, 0x04, 0x25, 0x71, 0x92, 0xbf, 0x52, 0x80, 0x44, 0xe8, 0x33, 0x14, 0x11, 0xcb, 0xcc, 0x80, 
    0xc9, 0x06, 0x61, 0x66, 0xfd, 0xc1, 0x15, 0xb5, 0x95, 0x4c, 0x0c, 0x0b, 0x56, 0x73, 0x64, 0x94, 
    0x2e, 0x2b, 0x5b, 0xc4, 0x47, 0xac, 0x66, 0x12, 0xf9, 0xdc, 0xcb, 0x2b, 0xc8, 0x74, 0x2a, 0xd2, 
    0x76, 0x04, 0x08, 0xe9, 0x64, 0xb3, 0x05, 0x10, 0x2f, 0x90, 0x0f, 0x97, 0x0d, 0xe7, 0x3b, 0x71, 
    0x9e, 0x36, 0x1a, 0x64, 0x66, 0xfa, 0xd5, 0xa0, 0xe7, 0xf1, 0xf2, 0x55, 0x59, 0x08, 0xc7, 0xcd, 
    0x26, 0xaf, 0xd2, 0x71, 0x01, 0x24, 0x6d, 0x23, 0x79, 0xf4, 0xa7, 0x04, 0x8b, 0xeb, 0x56, 0xec, 
    0xab, 0xc6, 0x08, 0xb0, 0x6a, 0x38, 0x0a, 0xcc, 0x5c, 0x56, 0x56, 0x6f, 0x02, 0x13, 0xc8, 0x17, 
    0xd3, 0xc7, 0x70, 0x73, 0xd4, 0x4d, 0xf2, 0x24, 0x2b, 0xa1, 0xaf, 0x3c, 0x4d, 0xa3, 0x29, 0x4f, 
    0xe2, 0xfc, 0xa3, 0xf1, 0x90, 0x04, 0xf9, 0x9f, 0x82, 0x0b, 0x8d, 0x5d, 0x4c, 0x41, 0x7d, 0x6a, 
    0x93, 0xca, 0x4b, 0x04, 0x88, 0x90, 0xa9, 0xa9, 0x6e, 0x7e, 0x33, 0x80, 0x22, 0xae, 0xb1, 0x4c, 
    0x69, 0x55, 0x3d, 0xc6, 0x96, 0xe7, 0x35, 0x97, 0x9b, 0x25, 0x84, 0x25, 0x40, 0x3f, 0xa4, 0xf5, 
    0xb3, 0x32, 0xf9, 0x76, 0xcd, 0x67, 0x03, 0x07, 0x0e, 0xac, 0xd8, 0x57, 0xca, 0xb3, 0x23, 0x82, 
    0xd7, 0x8e, 0x0e, 0xc9, 0xcb, 0xe2, 0xb1, 0x7c, 0xd1, 0xe2, 0x92, 0x3c, 0x4e, 0xde, 0xea, 0xff, 
    0x42, 0x9c, 0x7f, 0xac, 0x07, 0x2b, 0x20, 0x95, 0x90, 0xb4, 0x1c, 0x92, 0xb0, 0xff, 0x34, 0x97, 
    0xbe, 0xfc, 0xaa, 0x72, 0xfb, 0x18, 0x17, 0x82, 0x3e, 0x7e, 0xcc, 0x60, 0xbf, 0xb5, 0xad, 0xa3, 
    0xd7, 0xc4, 0xa9, 0x76, 0x19, 0x4c, 0x81, 0x50, 0x2a, 0xc7, 0x83, 0x98, 0xa9, 0x44, 0x10, 0xc2, 
    0x72, 0x8f, 0xf2, 0x62, 0x24, 0xad, 0x3c, 0xbb, 0x17, 0xb5, 0xeb, 0xc7, 0x80, 0xd6, 0x1f, 0x61, 
    0xf9, 0x9b, 0x0c, 0x3e, 0x6e, 0xf4, 0xb0, 0xd7, 0x04, 0x34, 0x4c, 0x0c, 0x1a, 0x08, 0xb8, 0x49, 
    0xda, 0x26, 0x2f, 0x46, 0xc2, 0x6c, 0x08, 0x08, 0x71, 0xfe, 0xb1, 0x70, 0x75, 0xb0, 0x60, 0x02, 
    0x87, 0x1a, 0x63, 0xe8, 0x89, 0x30, 0x41, 0xc8, 0xbd, 0x9c, 0xd5, 0xe4, 0xb4, 0xfa, 0xc8, 0xc9, 
    0xe0, 0x50, 0xf0, 0xf2, 0xfe, 0x02, 0x6e, 0xb9, 0x0b, 0x79, 0xdd, 0x26, 0x2e, 0x69, 0xf1, 0x49, 
    0x96, 0x4c, 0xde, 0xe4, 0x9c, 0x6f, 0xaf, 0xfd, 0x89, 0x11, 0xe7, 0xfe, 0x64, 0xd8, 0xd5, 0x1b, 
    0x15, 0x4a, 0xab, 0x66, 0x97, 0x9a, 0xba, 0x5e, 0xc3, 0x67, 0xa7, 0x93, 0x37, 0x0a, 0x03, 0xba, 
    0xfa, 0x4e, 0xa0, 0xc8, 0x8b, 0x91, 0xf5, 0x15, 0x02, 0x08, 0xc4, 0xf1, 0x26, 0xce, 0xfa, 0xb8, 
    0xd8, 0x0d, 0x34, 0x76, 0xb1, 0x75, 0x99, 0x4f, 0x86, 0x94, 0x97, 0xed, 0xd1, 0x11, 0xe0, 0xd2, 
    0x9a, 0x91, 0x66, 0x91, 0x17, 0x4f, 0xb2, 0x2a, 0x4d, 0x6f, 0xdb, 0x00, 0x38, 0xf9, 0xdd, 0x30, 
    0x83, 0x03, 0x1f, 0x1f, 0xc8, 0x22, 0xda, 0x35, 0xa7, 0xb3, 0xa2, 0xae, 0xea, 0xb2, 0x65, 0xe5, 
    0x30, 0xe0, 0x3d, 0x57, 0x87, 0xe4, 0x01, 0xd1, 0xc3, 0xe9, 0x6e, 0x9c, 0x37, 0xc6, 0x19, 0x81, 
    0x05, 0x5d, 0x2e, 0x00, 0x7f, 0xa7, 0x23, 0xd4, 0x41, 0x41, 0x04, 0x90, 0x96, 0x93, 0x7e, 0xdf, 
    0x1d, 0xd5, 0x10, 0x66, 0xab, 0x33, 0xfa, 0x59, 0x8e, 0x01, 0x0f, 0x48, 0x9c, 0x19, 0x21, 0x2b, 
    0xff, 0xec, 0xa0, 0x7c, 0xbc, 0x1b, 0x88, 0xc9, 0xd7, 0x61, 0xf1, 0x03, 0xc0, 0x87, 0x49, 0xcb, 
    0x9b, 0x52, 0x01, 0x82, 0x8f, 0x1e, 0xd5, 0xc0, 0x97, 0x8c, 0x44, 0xed, 0xae, 0x02, 0x25, 0xcb, 
    0xcb, 0xaa, 0xc8, 0xe5, 0x47, 0x4c, 0xc2, 0xcb, 0xca, 0x8f, 0x71, 0xf1, 0x2b, 0x11, 0x9f, 0x7e, 
    0xb9, 0x00, 0x72, 0x88, 0xa7, 0x78, 0x39, 0x41, 0xe2, 0xe2, 0x45, 0x00, 0xfe, 0x71, 0xd0, 0xb3, 
    0xfa, 0xbf, 0x4c, 0x73, 0x5c, 0x6c, 0xa9, 0xb4, 0xfc, 0xe3, 0x83, 0xa4, 0x85, 0xac, 0x12, 0x21, 
    0xee, 0xe5, 0xb7, 0x01, 0xe0, 0x83, 0x74, 0x2e, 0x78, 0xe2, 0x4b, 0x5e, 0xe6, 0xf1, 0xd2, 0xc1, 
    0x97, 0xf7, 0x55, 0xe1, 0x2a, 0x61, 0xd5, 0xee, 0x1a, 0x90, 0xbc, 0x44, 0x76, 0xc3, 0x40, 0x96, 
    0x16, 0x81, 0x8b, 0x11, 0x41, 0xee, 0x34, 0xd2, 0xa6, 0x97, 0xd2, 0x99, 0x62, 0x02, 0x8a, 0x38, 
    0xaf, 0x57, 0x9e, 0x8e, 0xc6, 0x34, 0x49, 0x29, 0xf2, 0x6c, 0x58, 0x21, 0x28, 0xc4, 0x65, 0x25, 
    0x68, 0x13, 0xb6, 0xc9, 0x5f, 0x01, 0x09, 0xfb, 0x60, 0x5a, 0x7f, 0xcb, 0xf3, 0x61, 0x6b, 0x46, 
    0x5a, 0xf2, 0x0e, 0x05, 0xab, 0x76, 0xd7, 0x00, 0xb5, 0x42, 0x34, 0x3a, 0x57, 0x92, 0xc9, 0x33, 
    0xcc, 0x32, 0xfc, 0x4c, 0xa4, 0x73, 0x63, 0xc3, 0xcd, 0x50, 0x4e, 0x16, 0x40, 0x0e, 0xe2, 0x4c, 
    0x1a, 0xaf, 0x95, 0x3f, 0x95, 0x16, 0xf2, 0x22, 0x02, 0x9d, 0x4a, 0x0b, 0x61, 0x31, 0x21, 0x6c, 
    0x8b, 0x30, 0x18, 0x64, 0xc0, 0xd3, 0xb9, 0xdb, 0x23, 0x7d, 0x5e, 0x81, 0xe4, 0x1d, 0x8e, 0xe0, 
    0xd2, 0xe1, 0xde, 0xf9, 0x87, 0x43, 0xbc, 0x94, 0x6b, 0x47, 0x72, 0x77, 0x10, 0xf8, 0x62, 0x61, 
    0xf8, 0x74, 0xd9, 0x93, 0x31, 0x99, 0x23, 0xec, 0x8a, 0xaa, 0xac, 0x90, 0xe6, 0x51, 0x99, 0xa4, 
    0x49, 0x56, 0xd2, 0x3c, 0x08, 0x79, 0xdb, 0x06, 0x05, 0x43, 0xde, 0xf0, 0x73, 0xa3, 0x23, 0x3e, 
    0xd5, 0x29, 0x68, 0x78, 0xe9, 0x5a, 0xc2, 0x3e, 0x19, 0xf1, 0xda, 0x5d, 0x1f, 0x64, 0x60, 0x64, 
    0xb5, 0x57, 0xd2, 0xd4, 0x5c, 0x24, 0xff, 0xc6, 0xe6, 0x8e, 0x86, 0xe1, 0x09, 0xcb, 0x12, 0x38, 
    0xf9, 0x11, 0x42, 0x9a, 0x47, 0x65, 0x92, 0x16, 0xb3, 0xc2, 0x7f, 0x48, 0xc4, 0x89, 0x1b, 0x7e, 
    0x7f, 0x7f, 0xab, 0xf3, 0xd8, 0x4e, 0x5b, 0x7a, 0xb5, 0x03, 0xde, 0x60, 0x60, 0x39, 0x37, 0x06, 
    0x32, 0x45, 0x1a, 0xba, 0xbe, 0x92, 0xc9, 0xf9, 0x34, 0x05, 0x8d, 0xa1, 0xec, 0x88, 0x46, 0xa1, 
    0x45, 0x18, 0x11, 0x34, 0xd2, 0x56, 0x84, 0x47, 0x03, 0x79, 0xab, 0x33, 0xbc, 0x1e, 0x15, 0xf2, 
    0xd6, 0xda, 0xbe, 0x1f, 0x5b, 0x1d, 0x4e, 0x27, 0x43, 0x7e, 0xf4, 0x53, 0xdd, 0x70, 0xb8, 0x61, 
    0x02, 0xd8, 0x90, 0x15, 0xa3, 0xa9, 0x1b, 0xd5, 0xe4, 0x39, 0x81, 0xd9, 0x01, 0x50, 0x62, 0xd0, 
    0x14, 0xa8, 0x84, 0x16, 0xe3, 0x3c, 0x48, 0x98, 0x2e, 0x2e, 0x26, 0xe2, 0xad, 0x2b, 0x84, 0xfb, 
    0x47, 0xf6, 0x24, 0xf0, 0xd7, 0x03, 0xfc, 0xde, 0x4f, 0xe2, 0x7b, 0x6b, 0x70, 0x03, 0xc1, 0x72, 
    0xbf, 0x1c, 0x48, 0xb7, 0xe0, 0x16, 0x49, 0x25, 0x29, 0x3d, 0xc6, 0xec, 0x75, 0x40, 0x5b, 0xcf, 
    0xf1, 0x64, 0xdd, 0x8d, 0x08, 0xf7, 0xc1, 0xf0, 0xa5, 0x09, 0x60, 0x43, 0x66, 0x0b, 0x7e, 0x23, 
    0xaa, 0x60, 0x6f, 0xa8, 0x64, 0xab, 0x87, 0x90, 0xd4, 0x45, 0x86, 0xc0, 0x56, 0x46, 0x43, 0x3d, 
    0xa3, 0x7e, 0xdd, 0x48, 0x9b, 0x19, 0x37, 0x02, 0x5f, 0xba, 0x00, 0x43, 0xc1, 0x12, 0xa6, 0xab, 
    0x94, 0x49, 0x22, 0xb5, 0xee, 0x5a, 0xa7, 0xb1, 0xeb, 0xc5, 0xff, 0x9b, 0x00, 0x7f, 0x2c, 0xb8, 
    0x25, 0x00, 0xed, 0xa6, 0xc6, 0x4d, 0x2f, 0xc0, 0xff, 0x01, 0x4e, 0x3a, 0x26, 0xe6, 0xa6, 0x88, 
    0xad, 0xb9, 0x00, 0x00, 0x00, 0x00, 0x49, 0x45, 0x4e, 0x44, 0xae, 0x42, 0x60, 0x82, 
};

static const uint8_t ASSET_ENEMY_HELMET_PNG[] = {
    0x89, 0x50, 0x4e, 0x47, 0x0d, 0x0a, 0x1a, 0x0a, 0x00, 0x00, 0x00, 0x0d, 0x49, 0x48, 0x44, 0x52, 
    0x00, 0x00, 0x00, 0x40, 0x00, 0x00, 0x00, 0x40, 0x08, 0x06, 0x00, 0x00, 0x00, 0xaa, 0x69, 0x71, 
    0xde, 0x00, 0x00, 0x0d, 0x70, 0x49, 0x44, 0x41, 0x54, 0x78, 0x9c, 0xed, 0x9a, 0x0b, 0x70, 0x54, 
    0xd5, 0x1d, 0xc6, 0xbf, 0x73, 0xef, 0x3e, 0xf2, 0xda, 0x64, 0x49, 0x42, 0x22, 0x12, 0x48, 0x40, 
    0x1e, 0x41, 0x81, 0xac, 0x09, 0x11, 0x6c, 0x2d, 0xc4, 0xb6, 0xd3, 0xd1, 0x69, 0x19, 0xd2, 0x56, 
    0xe8, 0x6b, 0x2c, 0xa0, 0xd5, 0xda, 0x87, 0x03, 0xb6, 0x33, 0x7d, 0x4c, 0x07, 0x9b, 0x4a, 0x3b, 
    0x75, 0xc6, 0x71, 0x00, 0xeb, 0xa3, 0x0a, 0x16, 0x70, 0x4a, 0x15, 0xea, 0x23, 0xb4, 0x5a, 0x67, 
    0x3a, 0x9d, 0x0a, 0x55, 0x4b, 0x00, 0x37, 0x2c, 0x01, 0x84, 0xf0, 0x08, 0x01, 0x12, 0x28, 0x20, 
    0x0a, 0xd9, 0x04, 0xb2, 0xd9, 0xbd, 0xf7, 0xf6, 0xfb, 0xdf, 0x9b, 0x25, 0x40, 0x48, 0xb2, 0x79, 
    0x10, 0x70, 0xf4, 0x37, 0x39, 0x7b, 0x1e, 0x39, 0x7b, 0x72, 0xbf, 0xef, 0x9c, 0xf3, 0xbf, 0x67, 
    0xf7, 0x46, 0xe1, 0x13, 0xce, 0x35, 0x69, 0xc0, 0xc1, 0x40, 0xc0, 0x1f, 0x56, 0xaa, 0x48, 0xb3, 
    0xac, 0x02, 0x0b, 0x28, 0x00, 0xd1, 0x80, 0x90, 0xa1, 0xd4, 0xe9, 0xc9, 0xdb, 0xb6, 0x6d, 0x64, 
    0x75, 0xc0, 0x50, 0x4c, 0xd7, 0x0c, 0x35, 0x81, 0x40, 0x39, 0x2f, 0x68, 0x2e, 0x2c, 0xab, 0x9c, 
    0xd5, 0xae, 0x51, 0xaa, 0x92, 0xfd, 0x2a, 0x27, 0x86, 0x42, 0xab, 0x59, 0xeb, 0x17, 0x8a, 0xe9, 
    0xaa, 0xb3, 0x2b, 0x10, 0x08, 0x98, 0xc0, 0x12, 0x0a, 0x2f, 0x43, 0x2f, 0xd0, 0x94, 0x9a, 0x7f, 
    0x53, 0x28, 0xb4, 0x0a, 0xfd, 0xe0, 0xaa, 0x1b, 0x40, 0xf1, 0xf3, 0x4c, 0xcb, 0x5a, 0xc9, 0xe2, 
    0xc5, 0x28, 0x75, 0x88, 0xaf, 0xf5, 0x00, 0x36, 0xc0, 0xa1, 0x0c, 0x80, 0x9f, 0x26, 0x15, 0x31, 
    0xb7, 0xf9, 0xd8, 0x1b, 0xc0, 0x25, 0xbf, 0x44, 0x59, 0xd6, 0x42, 0x16, 0x3b, 0x50, 0x6a, 0x99, 
    0x06, 0xac, 0xa2, 0xb0, 0x10, 0x6b, 0x9d, 0xd8, 0x1d, 0x08, 0x14, 0x70, 0xb5, 0x94, 0x81, 0xb0, 
    0xcf, 0x2a, 0xf4, 0x93, 0xab, 0x66, 0xc0, 0xda, 0xc0, 0x94, 0x8a, 0x1b, 0xad, 0xe8, 0xaf, 0x59, 
    0x74, 0x50, 0x6a, 0xbb, 0x0b, 0x28, 0x9f, 0x10, 0x0a, 0xd5, 0x63, 0x10, 0xb9, 0x2a, 0x06, 0x4c, 
    0xfd, 0xe2, 0x9d, 0x8f, 0xcd, 0x74, 0xb9, 0xe6, 0xcf, 0x3a, 0x76, 0x38, 0x8b, 0x55, 0xec, 0xc8, 
    0x18, 0xd2, 0xbc, 0xc6, 0x95, 0xb2, 0xfc, 0x8d, 0x7f, 0xff, 0xe3, 0x27, 0xac, 0x0e, 0x2a, 0x83, 
    0x6e, 0x80, 0x88, 0x1f, 0x37, 0x6e, 0xdc, 0x8f, 0xbf, 0x7e, 0xd7, 0x9c, 0x24, 0xdf, 0x96, 0x4d, 
    0x6c, 0x01, 0xc2, 0xb7, 0xdc, 0x8a, 0x97, 0xd7, 0xad, 0x8d, 0x1c, 0xd8, 0x5f, 0xb7, 0x64, 0xd3, 
    0xbf, 0x5e, 0xff, 0x25, 0x9b, 0x06, 0x8d, 0x41, 0x35, 0x60, 0xd2, 0xd4, 0xdb, 0x4a, 0x46, 0x8d, 
    0x19, 0xf3, 0xea, 0x3d, 0xf7, 0xde, 0x37, 0x92, 0xd5, 0x4e, 0x3c, 0xbf, 0x7c, 0xf9, 0x91, 0xba, 
    0x03, 0x87, 0x66, 0xee, 0xda, 0xf2, 0xd6, 0x76, 0x56, 0x07, 0x85, 0x41, 0x35, 0xa0, 0xb0, 0xf8, 
    0x33, 0xf7, 0x4f, 0xb9, 0x65, 0xca, 0x13, 0x77, 0xcd, 0xf9, 0x86, 0x97, 0xd5, 0x4e, 0xac, 0x7d, 
    0xf1, 0x2f, 0xe1, 0x60, 0x70, 0xdb, 0x4f, 0xf7, 0x56, 0xff, 0x77, 0x39, 0xab, 0x83, 0xc2, 0xa0, 
    0x1b, 0x50, 0x72, 0x4b, 0xe9, 0x1f, 0x66, 0xcf, 0x99, 0xe3, 0x61, 0xb5, 0x13, 0xb6, 0x01, 0xd5, 
    0xc1, 0x9f, 0xec, 0x0d, 0x56, 0xad, 0x60, 0x75, 0x50, 0x18, 0x54, 0x03, 0x6e, 0x9c, 0x32, 0xfd, 
    0xe6, 0x31, 0xe3, 0x46, 0xaf, 0xbf, 0xe7, 0x7b, 0xf7, 0x8d, 0x60, 0xb5, 0x13, 0xcf, 0x2f, 0x7f, 
    0xee, 0xc8, 0xc1, 0xba, 0xba, 0xaf, 0xec, 0xdc, 0xfc, 0x76, 0x0d, 0xab, 0x83, 0xc2, 0xa0, 0x19, 
    0x10, 0x78, 0x78, 0xca, 0x2c, 0x13, 0x66, 0xc0, 0x73, 0x20, 0xe3, 0x9e, 0xf1, 0xe9, 0x13, 0xf3, 
    0x66, 0xcf, 0xfe, 0xa6, 0xc6, 0xe6, 0xf3, 0xac, 0x5b, 0xfb, 0xa2, 0xb9, 0xbf, 0x65, 0xd7, 0x91, 
    0xd6, 0xd1, 0x67, 0x56, 0x6a, 0xd0, 0x42, 0xa1, 0x47, 0xde, 0x5b, 0xcf, 0xe6, 0x2b, 0xce, 0x15, 
    0x33, 0x20, 0x50, 0x51, 0xe6, 0x37, 0xcd, 0xf0, 0x5c, 0x65, 0xa1, 0xcc, 0xc2, 0xc5, 0x67, 0x7b, 
    0xcf, 0x61, 0x1f, 0x86, 0x9a, 0xc3, 0xe1, 0x4b, 0xce, 0x60, 0xcd, 0x42, 0xf8, 0x5c, 0x13, 0x4e, 
    0xea, 0x8d, 0x68, 0x1b, 0x11, 0x66, 0xbd, 0x03, 0x05, 0x55, 0x69, 0x29, 0x6c, 0xd0, 0x34, 0xdf, 
    0xea, 0x50, 0xc5, 0x86, 0xd3, 0x6c, 0x1a, 0x70, 0xae, 0x88, 0x01, 0x81, 0x87, 0x4b, 0xe6, 0xf2, 
    0x78, 0xbb, 0x94, 0x45, 0x3f, 0x93, 0x4d, 0xa6, 0xcf, 0x42, 0x46, 0x54, 0x31, 0x07, 0xda, 0xce, 
    0x29, 0x9c, 0xaa, 0xd3, 0x11, 0x3b, 0xab, 0x28, 0x5f, 0xc1, 0x9d, 0x6c, 0xc1, 0x9f, 0xaf, 0xa0, 
    0x7b, 0x15, 0x4e, 0x37, 0x5b, 0x68, 0xf2, 0x1a, 0x38, 0x73, 0xd6, 0xe0, 0xbb, 0xce, 0x73, 0x9a, 
    0xc7, 0xde, 0x85, 0xa1, 0x47, 0x82, 0xab, 0x59, 0x1e, 0x50, 0x14, 0xd3, 0x80, 0x11, 0xa8, 0x28, 
    0x29, 0xb7, 0x0c, 0x6b, 0x89, 0x05, 0x14, 0x80, 0x62, 0xd3, 0x9a, 0x79, 0x5e, 0xff, 0x40, 0x83, 
    0xd1, 0x42, 0xc1, 0x8d, 0x17, 0xad, 0xf8, 0x1e, 0xf1, 0x5f, 0xc7, 0x8d, 0x90, 0x62, 0xc1, 0xcc, 
    0x36, 0xd0, 0xea, 0xa7, 0x19, 0x6e, 0xb1, 0x0a, 0xf5, 0x4a, 0x57, 0x0f, 0x85, 0x2a, 0x82, 0x95, 
    0xec, 0x32, 0x20, 0x70, 0xcc, 0x81, 0xa1, 0x68, 0x51, 0xc9, 0x4a, 0x2e, 0xf5, 0x79, 0x46, 0x83, 
    0x4e, 0xd1, 0x0a, 0x91, 0xcb, 0x08, 0xce, 0xce, 0xc9, 0x81, 0xd7, 0x9b, 0xc4, 0xe4, 0x65, 0x39, 
    0x97, 0x2d, 0x1d, 0x7c, 0x70, 0xe2, 0x38, 0x22, 0x91, 0x08, 0x53, 0x2b, 0xcb, 0x27, 0xd8, 0x72, 
    0x31, 0xee, 0x61, 0xb4, 0x35, 0xc7, 0x84, 0x9e, 0x47, 0x33, 0x80, 0xa5, 0x35, 0x8b, 0xab, 0x1f, 
    0x62, 0xde, 0x6f, 0xfa, 0x6d, 0x80, 0xec, 0x75, 0xcb, 0x08, 0xbf, 0x16, 0x6b, 0xd0, 0xca, 0x62, 
    0xfb, 0x74, 0x58, 0x67, 0xd9, 0xd8, 0x4e, 0xfe, 0xe8, 0x1b, 0x30, 0x72, 0xd4, 0x0d, 0xc8, 0x1a, 
    0x3a, 0x14, 0x99, 0xd9, 0x43, 0xd9, 0x92, 0x38, 0x1f, 0x7e, 0x70, 0x12, 0xa7, 0x4e, 0x9e, 0xc4, 
    0xe1, 0x83, 0x07, 0x70, 0xa8, 0xee, 0x00, 0x5b, 0x1c, 0x54, 0x0a, 0xe0, 0x1a, 0x6b, 0xc0, 0x95, 
    0x67, 0x56, 0x2a, 0xdd, 0x37, 0xbf, 0xbf, 0xb1, 0xa1, 0x5f, 0x06, 0x04, 0x2a, 0x4a, 0x03, 0x46, 
    0xd8, 0x5c, 0x13, 0x0d, 0xba, 0x6e, 0x34, 0x9b, 0x9c, 0xa1, 0x52, 0xd3, 0x7c, 0xb8, 0xa9, 0x78, 
    0x0a, 0xf2, 0xf2, 0x0b, 0xe0, 0xf6, 0x5c, 0xf6, 0xbc, 0xd3, 0x6b, 0xa2, 0x6d, 0x11, 0x34, 0x1c, 
    0xaa, 0xc7, 0xae, 0xea, 0xf7, 0xd0, 0xd2, 0xec, 0x04, 0x4a, 0x2d, 0xdd, 0x82, 0xbb, 0x24, 0xf6, 
    0xbe, 0xee, 0xd3, 0xbe, 0x13, 0xaa, 0xd8, 0x1a, 0x62, 0x53, 0x9f, 0x70, 0xae, 0xba, 0x0f, 0xc8, 
    0xcc, 0xc7, 0x8e, 0xb4, 0x54, 0x47, 0x77, 0xea, 0xa3, 0xac, 0x28, 0x90, 0x92, 0x9a, 0x86, 0xf1, 
    0x93, 0x6f, 0xc6, 0xc8, 0xd1, 0x63, 0xf8, 0xdb, 0x2b, 0xc7, 0xe1, 0xba, 0xfd, 0xa8, 0xad, 0xd9, 
    0x86, 0xb3, 0x2d, 0xcd, 0x50, 0x6e, 0xc0, 0x3d, 0xd1, 0x38, 0xe8, 0x1a, 0x91, 0x5a, 0xdc, 0xd7, 
    0x95, 0xd0, 0x67, 0x03, 0x6e, 0xba, 0xbb, 0x74, 0x77, 0x74, 0x97, 0x5e, 0xc8, 0x22, 0x72, 0x87, 
    0xe7, 0x61, 0x72, 0xe9, 0x34, 0xb8, 0xdd, 0x1e, 0xd6, 0xae, 0x3c, 0xd1, 0x68, 0x1b, 0x6a, 0xb6, 
    0x56, 0xe1, 0x78, 0x63, 0x03, 0x6b, 0xbc, 0xad, 0x4e, 0x30, 0xaa, 0x77, 0xae, 0xd9, 0x5a, 0xc2, 
    0x62, 0xaf, 0xe9, 0x93, 0x01, 0x93, 0xee, 0x2d, 0x7d, 0x33, 0xb2, 0x4d, 0xbf, 0x83, 0x45, 0x8c, 
    0x9b, 0x58, 0x84, 0x91, 0x37, 0x8c, 0x65, 0x69, 0xf0, 0x39, 0x7c, 0x60, 0x1f, 0xf6, 0xee, 0xdc, 
    0xce, 0x12, 0x57, 0x42, 0xc0, 0x78, 0x65, 0xd7, 0x9f, 0xb6, 0xde, 0xc5, 0x62, 0xaf, 0xe8, 0xb5, 
    0x01, 0x93, 0x7e, 0x50, 0x7a, 0x7f, 0x5b, 0xb5, 0xfe, 0xac, 0x2c, 0xfb, 0x82, 0xb1, 0xe3, 0x91, 
    0x3f, 0x66, 0x3c, 0x5b, 0xaf, 0x1e, 0x87, 0xf6, 0xd7, 0xa2, 0x7e, 0x5f, 0xad, 0xbd, 0x1d, 0x3c, 
    0xc5, 0xc6, 0xf7, 0x77, 0x3c, 0xb3, 0xf5, 0x39, 0x36, 0x27, 0x4c, 0xaf, 0x0d, 0x98, 0xf0, 0x95, 
    0xa9, 0x61, 0xe3, 0xa8, 0x4a, 0xcb, 0x1c, 0x9a, 0x83, 0x42, 0xee, 0xf9, 0x6b, 0x81, 0x3d, 0x8c, 
    0x09, 0x1f, 0x9e, 0x3c, 0x01, 0xfd, 0x7a, 0xab, 0x79, 0xf7, 0xeb, 0x9b, 0x79, 0xd4, 0x4a, 0x9c, 
    0x5e, 0x19, 0x10, 0xf8, 0x69, 0xe9, 0x0f, 0xcf, 0xbe, 0xa5, 0x3f, 0xc5, 0x22, 0xf7, 0xfc, 0xad, 
    0xf0, 0x24, 0x25, 0xb1, 0x74, 0xf5, 0x69, 0x6b, 0x6d, 0x65, 0x4c, 0xd8, 0xc4, 0x12, 0x83, 0xf1, 
    0xed, 0xc6, 0x8f, 0x42, 0x8f, 0x6f, 0x7d, 0x9a, 0xc5, 0x84, 0x48, 0xd8, 0x00, 0x89, 0xfa, 0xd1, 
    0x7d, 0x2d, 0x47, 0xa3, 0xbb, 0xf5, 0xe4, 0x8c, 0x21, 0x99, 0x5c, 0xfe, 0x85, 0x6c, 0xbd, 0x76, 
    0xa8, 0xdf, 0xb7, 0x07, 0x67, 0x3e, 0xfa, 0x10, 0xee, 0x09, 0xc6, 0x39, 0xf7, 0xd8, 0xd4, 0xeb, 
    0x13, 0xbd, 0x2b, 0x24, 0x6e, 0xc0, 0xa2, 0xe2, 0x85, 0xad, 0x55, 0xee, 0x25, 0xe6, 0x29, 0x85, 
    0xbc, 0x51, 0x63, 0xe0, 0xcb, 0xf0, 0xb3, 0xf5, 0xda, 0x21, 0x7c, 0xe6, 0x34, 0x1a, 0x0e, 0xee, 
    0x87, 0x96, 0x65, 0x21, 0x69, 0x5a, 0x74, 0x7e, 0x68, 0x71, 0xf5, 0x2a, 0x24, 0x40, 0x8f, 0x06, 
    0x14, 0x96, 0x4c, 0x9b, 0x6b, 0x42, 0x95, 0x6b, 0x3e, 0xf3, 0x36, 0xeb, 0x9c, 0xca, 0x96, 0xe0, 
    0xe7, 0x4d, 0x4a, 0x86, 0xa6, 0xeb, 0xfc, 0xed, 0xb5, 0x83, 0x69, 0x18, 0x88, 0xb4, 0x9e, 0xb3, 
    0x83, 0xa1, 0x4a, 0xb6, 0x3e, 0xb0, 0xc2, 0x6a, 0x27, 0xc5, 0xad, 0xda, 0x13, 0xac, 0x5a, 0xcd, 
    0x5f, 0x77, 0x89, 0x62, 0xea, 0x92, 0xc2, 0xe2, 0x69, 0xf3, 0x4c, 0x60, 0x65, 0x9a, 0xcf, 0x17, 
    0x4b, 0xcf, 0xf0, 0xbb, 0xd8, 0xf4, 0xb1, 0xa1, 0xe9, 0xcc, 0xe9, 0x58, 0x73, 0x38, 0xec, 0xe2, 
    0x27, 0x92, 0xf9, 0x7b, 0xaa, 0xab, 0x56, 0xa1, 0x0b, 0xba, 0x35, 0x60, 0x7c, 0xf1, 0xb4, 0x0d, 
    0xa9, 0x3e, 0xdf, 0x67, 0xbf, 0x7b, 0xdf, 0x0f, 0x3e, 0x56, 0xe2, 0xe3, 0xbc, 0xb0, 0xfc, 0x99, 
    0x58, 0x4b, 0x73, 0xf3, 0x1b, 0xb5, 0xc1, 0x4d, 0xe5, 0xac, 0x5e, 0x96, 0x1e, 0x0d, 0x18, 0x96, 
    0x37, 0x62, 0x46, 0xf9, 0x9c, 0x6f, 0xb1, 0xf6, 0xf1, 0xa3, 0x72, 0xdd, 0x8b, 0x38, 0xd6, 0x70, 
    0x64, 0x63, 0x6d, 0x75, 0x55, 0x19, 0xba, 0xa0, 0x7b, 0x03, 0x4a, 0xa6, 0xbd, 0x93, 0xe6, 0x4b, 
    0xff, 0xcc, 0xdd, 0xdf, 0x7b, 0xa0, 0xdb, 0x7e, 0xd7, 0x2a, 0x2b, 0x9e, 0x5c, 0x66, 0x45, 0xa3, 
    0x91, 0x37, 0x6b, 0x83, 0x55, 0x5f, 0x66, 0xf5, 0xb2, 0x74, 0x2b, 0x2c, 0x1e, 0x03, 0x3c, 0x5e, 
    0xaf, 0x35, 0x34, 0x27, 0xb7, 0xdb, 0xbe, 0x71, 0x6e, 0x9b, 0x5a, 0x8a, 0xaf, 0xcd, 0xbc, 0x13, 
    0x81, 0x89, 0x37, 0xb1, 0xc6, 0x87, 0xfa, 0x3b, 0x77, 0xe1, 0x85, 0x97, 0x5e, 0x66, 0xfe, 0x3e, 
    0x6b, 0x89, 0xd3, 0xdf, 0x71, 0x4e, 0x9e, 0x38, 0x6e, 0xb5, 0x45, 0x22, 0xaa, 0x5f, 0x31, 0x40, 
    0x10, 0x13, 0x54, 0x8e, 0xf5, 0x94, 0x65, 0x20, 0x25, 0x33, 0x4d, 0x83, 0x04, 0x7f, 0xc5, 0x2f, 
    0xfa, 0xe4, 0xbb, 0xbc, 0x8e, 0xdc, 0x69, 0xfb, 0xd9, 0x03, 0x0f, 0xe3, 0x8e, 0x19, 0x33, 0xd9, 
    0xd6, 0x99, 0x17, 0x5e, 0x7d, 0x16, 0xab, 0x5f, 0xe1, 0x29, 0x55, 0xde, 0x42, 0x2c, 0x8b, 0x6f, 
    0xe2, 0x9f, 0xb7, 0xec, 0xba, 0xe4, 0x52, 0x77, 0xda, 0x7f, 0xf1, 0xc3, 0x45, 0xb8, 0xb3, 0xec, 
    0xcb, 0xac, 0x75, 0x66, 0xc5, 0x8b, 0xcf, 0xe3, 0xb9, 0x35, 0x2b, 0xc0, 0xaf, 0xdc, 0x60, 0x99, 
    0xfc, 0xc6, 0xc8, 0xce, 0x79, 0x17, 0xb0, 0x73, 0xa9, 0xb3, 0xec, 0x62, 0xc8, 0x32, 0x54, 0x33, 
    0x4e, 0xe3, 0xc1, 0xee, 0xc4, 0x0b, 0xce, 0x5f, 0xed, 0x81, 0xc9, 0x8b, 0x8a, 0x39, 0x2c, 0xf0, 
    0xd5, 0x5b, 0xd3, 0x78, 0xfb, 0x33, 0xa0, 0x6b, 0x86, 0x9d, 0x4b, 0xb2, 0xcb, 0x4c, 0x63, 0xb3, 
    0x6e, 0xc7, 0xcc, 0xf1, 0x4f, 0xb0, 0x97, 0x43, 0x43, 0x43, 0x03, 0x5f, 0x81, 0xbc, 0xbc, 0x3c, 
    0xbe, 0x3a, 0x54, 0xee, 0xff, 0x36, 0x1a, 0xc3, 0x9b, 0x79, 0xa1, 0x9a, 0x2d, 0xd4, 0x34, 0x75, 
    0x26, 0x8d, 0xa9, 0x3d, 0x37, 0x74, 0x8c, 0xc9, 0xfc, 0x3c, 0xbe, 0x3e, 0xe9, 0x31, 0xf6, 0x76, 
    0xb8, 0xdc, 0x38, 0x8f, 0x56, 0x3e, 0x80, 0x9a, 0xfa, 0x2d, 0x68, 0x6b, 0x33, 0x2e, 0x9b, 0x22, 
    0x99, 0x59, 0xec, 0xc5, 0xa7, 0xcf, 0x8b, 0xab, 0x7b, 0xd4, 0xd7, 0x63, 0x07, 0x21, 0x6e, 0xc0, 
    0xac, 0xa9, 0xe9, 0x5c, 0x01, 0x14, 0x2c, 0x89, 0xa2, 0xed, 0xa4, 0x9b, 0x76, 0xfe, 0xcd, 0x49, 
    0x2b, 0x30, 0x22, 0x63, 0x0a, 0x7b, 0x01, 0xcb, 0x96, 0x2d, 0xb3, 0x93, 0xb0, 0x60, 0xc1, 0x02, 
    0x3b, 0x09, 0x8d, 0xe1, 0x2d, 0x78, 0xa5, 0xf6, 0x6e, 0x1a, 0x20, 0x33, 0x4e, 0x13, 0x44, 0xf4, 
    0xf9, 0x24, 0x26, 0xe8, 0xf8, 0x76, 0xe0, 0x59, 0xe4, 0x0f, 0xb9, 0x99, 0xbd, 0xbb, 0x1e, 0x67, 
    0x77, 0x63, 0x10, 0x15, 0x6b, 0xef, 0xa5, 0x58, 0x93, 0x5f, 0x96, 0x38, 0xa2, 0x2f, 0x4c, 0xd1, 
    0xec, 0x6c, 0xf6, 0x1a, 0x40, 0x03, 0x8a, 0x16, 0x15, 0xd7, 0xd3, 0x81, 0xfc, 0x2f, 0x4c, 0x4e, 
    0x87, 0x8f, 0x5f, 0x54, 0xc6, 0x45, 0x77, 0x24, 0x13, 0x3f, 0x9f, 0x11, 0x64, 0x4f, 0x67, 0xc6, 
    0xa6, 0x4f, 0x9f, 0xce, 0x52, 0x07, 0xf2, 0xa8, 0x3f, 0x3d, 0x3d, 0x9d, 0x25, 0x60, 0xe9, 0xe6, 
    0x1b, 0x6d, 0xe1, 0xf6, 0x0a, 0xb8, 0xc8, 0x04, 0x31, 0x40, 0xc3, 0xaf, 0xbe, 0x50, 0xc5, 0x5e, 
    0x3d, 0x8f, 0x33, 0xfb, 0xb1, 0x22, 0x5b, 0xac, 0x93, 0x4c, 0xb4, 0x45, 0x25, 0x37, 0x10, 0x83, 
    0x86, 0x98, 0xdf, 0x2f, 0xc2, 0xb6, 0x6f, 0x5f, 0x5c, 0x1d, 0x60, 0xd7, 0x6e, 0x61, 0xbf, 0x9e, 
    0xe1, 0x0a, 0xd8, 0x00, 0x60, 0xc6, 0xd4, 0xb1, 0xa9, 0xc8, 0x1d, 0xe2, 0xa6, 0x60, 0x8a, 0xb6, 
    0x57, 0x41, 0xdc, 0x08, 0x13, 0xbf, 0xbc, 0x7d, 0x0b, 0xbb, 0xf4, 0x7c, 0xe1, 0x8f, 0xbf, 0x3b, 
    0xd9, 0x16, 0x6f, 0xaf, 0x00, 0xe6, 0x22, 0x5a, 0x92, 0xd5, 0x6e, 0xc0, 0xa2, 0x2f, 0xbd, 0xcb, 
    0x5e, 0x3d, 0x8f, 0xf3, 0xb5, 0x47, 0x27, 0xdb, 0x82, 0x45, 0xf8, 0x85, 0xab, 0xc0, 0x74, 0xb9, 
    0x11, 0xcb, 0xc8, 0x60, 0x0f, 0x6c, 0xe4, 0x0a, 0x28, 0x43, 0x0f, 0xf4, 0xca, 0x80, 0x29, 0xa3, 
    0x93, 0x91, 0xe3, 0x77, 0xc3, 0xc5, 0xf3, 0x55, 0x5c, 0xb8, 0xe4, 0x8a, 0xf9, 0xdd, 0x25, 0x4f, 
    0x71, 0xe9, 0x16, 0xb3, 0x5b, 0xd7, 0x4b, 0x77, 0xdf, 0xa9, 0x0d, 0x58, 0xf9, 0xce, 0x02, 0x9c, 
    0x38, 0x11, 0xe3, 0xc5, 0x5a, 0x8c, 0xd4, 0x3c, 0x57, 0xf3, 0x12, 0xb2, 0xb2, 0xbd, 0x1c, 0x53, 
    0x47, 0x56, 0x66, 0x12, 0x1e, 0xfc, 0xe2, 0x1f, 0x51, 0x90, 0xe5, 0x4c, 0x9c, 0x8c, 0x21, 0x49, 
    0x90, 0x31, 0x24, 0x09, 0x5b, 0xf6, 0xbd, 0x85, 0xdf, 0xad, 0x7b, 0x90, 0x63, 0x50, 0x7c, 0x94, 
    0xb3, 0xcf, 0x5c, 0x52, 0x2c, 0x66, 0xc2, 0x72, 0x5f, 0x09, 0x03, 0x1e, 0x2e, 0x59, 0xca, 0xe9, 
    0x5a, 0x30, 0x36, 0xd7, 0x8d, 0x82, 0x1c, 0x2f, 0xbf, 0xfa, 0xd2, 0x78, 0xc1, 0x62, 0x02, 0x3f, 
    0x25, 0x30, 0x69, 0xca, 0x40, 0x61, 0xee, 0xe7, 0x30, 0x27, 0xf0, 0x7b, 0xf6, 0x76, 0x68, 0x6a, 
    0x6a, 0xe2, 0x2b, 0xce, 0xcf, 0xd8, 0xc6, 0xed, 0xff, 0xc4, 0x92, 0xbf, 0xfd, 0x1c, 0x0d, 0xc7, 
    0x3e, 0x64, 0xcd, 0x21, 0x27, 0x27, 0x95, 0xaf, 0xa0, 0x21, 0x2d, 0x7c, 0x75, 0xc8, 0xbb, 0x2e, 
    0x17, 0x0f, 0xcd, 0xfa, 0x2d, 0x66, 0x14, 0x7d, 0x89, 0xb5, 0xce, 0xe3, 0x08, 0x8b, 0xd6, 0xdc, 
    0x83, 0xea, 0x03, 0x9b, 0x9d, 0x99, 0x3f, 0xbf, 0x02, 0x28, 0x9e, 0x77, 0x02, 0x33, 0x25, 0x05, 
    0x06, 0x13, 0x95, 0xfd, 0xa6, 0xe6, 0x91, 0xea, 0x0a, 0xf4, 0x40, 0x42, 0x06, 0xc8, 0x03, 0x0f, 
    0xd3, 0xb0, 0x5e, 0x4b, 0xf3, 0x6a, 0x28, 0x1d, 0xc5, 0xd9, 0x6a, 0x37, 0xc0, 0xa5, 0xd3, 0x04, 
    0xb9, 0x2d, 0xda, 0x26, 0x98, 0xb8, 0x63, 0xc2, 0x83, 0x98, 0x9a, 0x3f, 0x9b, 0xef, 0xe8, 0x20, 
    0x7c, 0xf6, 0x0c, 0xee, 0x5f, 0x32, 0x07, 0xfb, 0x1a, 0xf7, 0x20, 0x35, 0xd5, 0x83, 0x89, 0x93, 
    0x72, 0x30, 0x3c, 0xcf, 0x07, 0x8f, 0x87, 0x6f, 0xbc, 0x00, 0x99, 0xc1, 0xc6, 0x86, 0x30, 0x76, 
    0xee, 0x38, 0x81, 0x96, 0x96, 0x36, 0x8c, 0x1d, 0x5e, 0x88, 0xe7, 0x1e, 0x5a, 0xc7, 0x98, 0x63, 
    0xcf, 0xe6, 0x79, 0xd6, 0xbe, 0xf3, 0x0c, 0xfe, 0xfc, 0xd6, 0x93, 0xf6, 0xcc, 0x47, 0x29, 0x5e, 
    0x84, 0x4b, 0x2e, 0xb3, 0x2f, 0xc4, 0xfc, 0x43, 0x60, 0x71, 0x35, 0x69, 0xba, 0xfa, 0x6a, 0x22, 
    0x0f, 0x50, 0x12, 0x34, 0x80, 0xcf, 0xf9, 0x8c, 0xa6, 0x8f, 0x58, 0xc4, 0xb4, 0xd1, 0x5e, 0x24, 
    0x79, 0x1c, 0xf1, 0xba, 0x98, 0xe0, 0xe2, 0x23, 0x2d, 0x96, 0xe5, 0x1c, 0xa0, 0x68, 0xc2, 0xa8, 
    0xec, 0x00, 0xca, 0xc6, 0xcc, 0x43, 0x41, 0x66, 0x80, 0xbd, 0x81, 0x07, 0x9e, 0xb8, 0x0b, 0xef, 
    0xed, 0xd9, 0x8a, 0x9b, 0x8b, 0x87, 0x61, 0x7c, 0xa1, 0x73, 0x7b, 0xea, 0x89, 0xda, 0x3d, 0xa7, 
    0xb0, 0xad, 0xfa, 0x18, 0x4a, 0xc6, 0x95, 0xe2, 0xd9, 0x85, 0x2f, 0xb3, 0x05, 0x78, 0xbf, 0x21, 
    0x88, 0x97, 0xde, 0x7e, 0x1a, 0xa1, 0x3a, 0xce, 0xbc, 0x88, 0xa7, 0x61, 0x22, 0x5c, 0xca, 0x62, 
    0x9e, 0x0d, 0x8f, 0x3d, 0xd1, 0xac, 0x4c, 0x16, 0x12, 0xbb, 0x03, 0x08, 0x09, 0x75, 0x12, 0x26, 
    0x2f, 0x2a, 0xa9, 0xe4, 0x31, 0x65, 0xd6, 0xe8, 0x2c, 0x1d, 0xc3, 0x32, 0xf4, 0x76, 0xf1, 0x34, 
    0x81, 0xe2, 0x75, 0x5d, 0x4c, 0x50, 0xdc, 0x12, 0x7c, 0x9c, 0xc9, 0x11, 0x1d, 0x33, 0xb8, 0xe7, 
    0xf7, 0x7e, 0x84, 0xbd, 0x4c, 0x53, 0xa7, 0xe5, 0x61, 0xd4, 0x68, 0x3f, 0x47, 0x49, 0x9c, 0x83, 
    0x75, 0xa7, 0xb1, 0xb9, 0xaa, 0x01, 0x43, 0xb3, 0x53, 0x90, 0x31, 0x24, 0x09, 0x31, 0x0a, 0xb5, 
    0x05, 0x73, 0xa6, 0x45, 0xb4, 0x5d, 0x6e, 0x9f, 0x7d, 0x53, 0x4e, 0x3f, 0xc4, 0xe4, 0x37, 0x54, 
    0x46, 0x5a, 0x1a, 0x4b, 0x6a, 0x7d, 0xcd, 0xe2, 0x60, 0x39, 0x0b, 0x3d, 0xc2, 0xcb, 0x4c, 0x0c, 
    0xf9, 0x42, 0x84, 0x8b, 0x6c, 0x89, 0xcf, 0xa3, 0x30, 0x21, 0xd7, 0x31, 0x40, 0x44, 0x5f, 0x6a, 
    0x80, 0x24, 0x45, 0xf5, 0x92, 0xbf, 0xbd, 0xf1, 0x30, 0x86, 0x64, 0x25, 0xe3, 0x73, 0xd3, 0x47, 
    0x72, 0x04, 0xee, 0xf5, 0xe3, 0x2d, 0x14, 0xd5, 0xc8, 0x12, 0x68, 0xca, 0x70, 0xe4, 0xe4, 0xb6, 
    0xc7, 0x80, 0x2e, 0xda, 0xdf, 0xfe, 0xcf, 0x61, 0x06, 0xca, 0x16, 0x5c, 0x7f, 0xbd, 0x8f, 0xc2, 
    0xb9, 0xcc, 0x6d, 0xe1, 0xed, 0x89, 0x75, 0x31, 0xc0, 0x30, 0x4c, 0xf6, 0x74, 0x30, 0x18, 0xfc, 
    0x4c, 0x06, 0x41, 0x39, 0xfe, 0x0e, 0xd8, 0x17, 0x22, 0x71, 0x64, 0x1b, 0x58, 0x46, 0x93, 0x9c, 
    0x07, 0x32, 0x46, 0xf9, 0x15, 0xb2, 0x52, 0x45, 0xb8, 0x24, 0x8a, 0x65, 0xd2, 0x29, 0x58, 0x72, 
    0x3e, 0xc5, 0xe5, 0x4a, 0xe4, 0xb3, 0xc1, 0x88, 0x81, 0xaa, 0x4d, 0x0d, 0x14, 0xd4, 0x31, 0xfb, 
    0x7f, 0x5f, 0xbf, 0xd7, 0xde, 0xdf, 0x82, 0xc4, 0x83, 0x99, 0xb3, 0xc6, 0xb1, 0xd4, 0x75, 0x7b, 
    0x7c, 0x15, 0x5c, 0x77, 0x5d, 0x9a, 0x1d, 0xe0, 0x64, 0xf6, 0x1d, 0x13, 0x28, 0x9e, 0x79, 0x7c, 
    0xdf, 0x0b, 0x16, 0x9f, 0x42, 0xc5, 0xd2, 0x7d, 0x22, 0xe8, 0x8c, 0xd2, 0xd3, 0x0b, 0x06, 0xfc, 
    0x2b, 0x31, 0x81, 0xab, 0xc0, 0xf9, 0x70, 0x44, 0x8b, 0x0b, 0xb3, 0x41, 0xf1, 0xed, 0x06, 0x50, 
    0xb0, 0xae, 0x31, 0x20, 0xb2, 0x5d, 0xc4, 0x4b, 0xbd, 0x2d, 0x62, 0x22, 0x18, 0x3c, 0x7a, 0x91, 
    0x01, 0xaf, 0xfc, 0x75, 0x37, 0x2f, 0xdc, 0xd9, 0xaf, 0x17, 0x0a, 0xed, 0xaa, 0x3d, 0x6e, 0x40, 
    0x56, 0x56, 0x8a, 0x6d, 0x80, 0x08, 0x76, 0x84, 0x3b, 0x06, 0x5c, 0x48, 0x2c, 0x33, 0x13, 0x16, 
    0x2f, 0x80, 0x97, 0x90, 0xf0, 0xec, 0x0b, 0xbd, 0x32, 0x40, 0x88, 0x9f, 0x0a, 0x73, 0xf9, 0x4c, 
    0x9f, 0xdb, 0xf3, 0xf2, 0x06, 0xc8, 0x2a, 0xe0, 0xc8, 0x3b, 0x76, 0x9c, 0x44, 0xf6, 0xd0, 0x94, 
    0x7e, 0x6d, 0x81, 0xe3, 0xff, 0x6b, 0x86, 0xcf, 0xe7, 0xa1, 0x68, 0x11, 0xee, 0xa4, 0x4b, 0xc5, 
    0x9b, 0xc9, 0xc9, 0x30, 0x52, 0x53, 0x45, 0xcc, 0x21, 0x9e, 0xfe, 0x0a, 0xd0, 0x0b, 0xf8, 0x9e, 
    0xde, 0x11, 0xbf, 0x25, 0xb2, 0x88, 0xfc, 0x54, 0x03, 0xc9, 0x6e, 0x9a, 0x40, 0xe5, 0x62, 0x02, 
    0x83, 0xb0, 0x93, 0x53, 0x3d, 0x7f, 0x28, 0xec, 0x2c, 0x8e, 0x1f, 0x6f, 0xa6, 0xa8, 0x8e, 0x55, 
    0x90, 0x28, 0xf1, 0xd9, 0x4f, 0x4a, 0x72, 0xd9, 0xc1, 0x56, 0x84, 0xc7, 0xd3, 0x85, 0x58, 0xfc, 
    0xe4, 0x27, 0x47, 0x5f, 0x81, 0x5b, 0x30, 0xa1, 0x5b, 0xdf, 0x85, 0xf0, 0x32, 0x7b, 0x4f, 0xfc, 
    0x60, 0x44, 0xbd, 0xc8, 0x4b, 0x8e, 0xc2, 0xdb, 0xbe, 0x0a, 0x6c, 0x03, 0xa8, 0x5c, 0x56, 0x01, 
    0x33, 0x0e, 0xae, 0x70, 0xf4, 0x68, 0x98, 0x87, 0x99, 0x08, 0x8a, 0x4b, 0x86, 0x61, 0xdc, 0xf8, 
    0xc4, 0x6e, 0x83, 0x7b, 0x6b, 0x4f, 0xa1, 0x3a, 0x78, 0x0c, 0x5e, 0xaf, 0x88, 0x57, 0xb6, 0xe8, 
    0x58, 0xcc, 0xba, 0x28, 0xe0, 0xd9, 0xf0, 0xb3, 0xb9, 0x88, 0xb7, 0xec, 0x3f, 0xa6, 0x96, 0xd5, 
    0x3c, 0x12, 0x5c, 0xc8, 0xd6, 0x5e, 0xc1, 0x77, 0xf6, 0x8d, 0xf8, 0xf1, 0xd8, 0xc3, 0x5b, 0x5e, 
    0xae, 0x3b, 0xca, 0x55, 0x40, 0xf1, 0x92, 0x78, 0x31, 0xf1, 0x15, 0x20, 0xa3, 0xcb, 0x67, 0xf5, 
    0x63, 0xc7, 0x9a, 0x19, 0x14, 0x63, 0xf6, 0xfe, 0x4e, 0xf4, 0x20, 0x24, 0xf1, 0xc5, 0xe3, 0xe6, 
    0xcc, 0x1b, 0x8e, 0xf0, 0xf8, 0xad, 0xee, 0x3c, 0x74, 0x5b, 0x8e, 0xbc, 0x72, 0xe8, 0x61, 0x25, 
    0xe1, 0xdb, 0xde, 0xa5, 0xf0, 0x12, 0xfb, 0x46, 0xfb, 0x5d, 0x61, 0x03, 0x2f, 0xab, 0xc8, 0x0d, 
    0x13, 0x99, 0x5a, 0x1b, 0xdc, 0x34, 0xc3, 0x99, 0x7d, 0x49, 0xed, 0x83, 0xb7, 0xbf, 0xb4, 0x9e, 
    0x8b, 0x52, 0x58, 0x14, 0xad, 0xad, 0x31, 0xd6, 0x1d, 0xe2, 0x7b, 0x5d, 0x62, 0x40, 0x1c, 0xf9, 
    0x4c, 0x20, 0x71, 0x45, 0x82, 0x9e, 0xd1, 0x2e, 0xbe, 0x13, 0x32, 0xf3, 0xbe, 0x74, 0x5b, 0x3c, 
    0x87, 0xdf, 0xce, 0xa8, 0x5f, 0x96, 0x68, 0xd4, 0xbf, 0x14, 0xbe, 0xbf, 0xef, 0xc8, 0x3f, 0x48, 
    0x58, 0x86, 0xb1, 0x4a, 0x4c, 0xe0, 0xe7, 0x39, 0xf8, 0xcd, 0x56, 0x88, 0x19, 0xb6, 0x78, 0xbe, 
    0xf0, 0xa7, 0x13, 0x12, 0xc0, 0x24, 0xe2, 0x9b, 0xd4, 0x25, 0xb9, 0xe0, 0x08, 0x76, 0x56, 0x8f, 
    0x7c, 0xb3, 0x23, 0xb3, 0x2d, 0xc2, 0x59, 0xec, 0x84, 0xec, 0x79, 0xb9, 0xdf, 0xcb, 0xb2, 0xe7, 
    0xf0, 0x14, 0xef, 0x29, 0x0f, 0x55, 0x54, 0xd5, 0xa3, 0x8f, 0x70, 0x8c, 0xfe, 0x21, 0x2b, 0x81, 
    0xc7, 0xe4, 0x4a, 0x16, 0x67, 0x30, 0x21, 0x25, 0xd6, 0x8a, 0x24, 0xa3, 0x8d, 0xe2, 0x9d, 0xa1, 
    0xdb, 0x33, 0x9b, 0xb8, 0x20, 0x99, 0x5d, 0xfe, 0xd8, 0x42, 0xa5, 0x2c, 0x79, 0x3c, 0xc9, 0xac, 
    0x77, 0x45, 0x3c, 0xda, 0x3b, 0xa8, 0xf5, 0x9a, 0xee, 0x9b, 0xd7, 0xd7, 0x99, 0x8f, 0x73, 0xc1, 
    0xe5, 0xf5, 0x0f, 0x06, 0xc6, 0x55, 0x54, 0x33, 0x97, 0x45, 0x68, 0x9c, 0x5e, 0x6f, 0xe4, 0x1c, 
    0x5c, 0x86, 0x7c, 0xdc, 0xbd, 0x18, 0xea, 0x65, 0x12, 0xe1, 0xf1, 0xdc, 0x11, 0xce, 0xac, 0x4b, 
    0xe4, 0x90, 0x63, 0xa4, 0xa5, 0xda, 0xf7, 0x79, 0x9b, 0x3e, 0x06, 0xbc, 0xcb, 0x31, 0x60, 0x06, 
    0x08, 0x72, 0x8b, 0xb4, 0x0c, 0x6b, 0x29, 0xb5, 0xe4, 0xb3, 0x0a, 0x2d, 0x16, 0x83, 0x1e, 0x69, 
    0x85, 0xd6, 0x46, 0x23, 0x18, 0x0d, 0x1d, 0x91, 0xdd, 0x8b, 0x3d, 0x0f, 0x83, 0x9c, 0xe9, 0xf5, 
    0xc0, 0xf2, 0x7a, 0xed, 0xe3, 0xad, 0xc0, 0x8b, 0x3d, 0xa4, 0x74, 0xb5, 0xb0, 0xb7, 0xb7, 0xba, 
    0xee, 0xe0, 0x98, 0x03, 0x8f, 0x9c, 0x18, 0xa9, 0x51, 0x8c, 0xc8, 0x60, 0xd5, 0x46, 0xf1, 0xf4, 
    0xa6, 0xb5, 0x45, 0xa0, 0xa2, 0x34, 0x43, 0xa0, 0x0b, 0x8a, 0x06, 0x09, 0xb2, 0xaf, 0x39, 0xab, 
    0x2c, 0xb1, 0x4c, 0xb1, 0x26, 0x67, 0x5c, 0x02, 0x5c, 0x1c, 0xfe, 0xe6, 0x0c, 0xd3, 0xc2, 0xde, 
    0x9c, 0xf0, 0x12, 0x85, 0xe3, 0x5e, 0x19, 0x24, 0x36, 0xc0, 0x68, 0x2a, 0x67, 0x48, 0x2c, 0xa7, 
    0xac, 0x59, 0x6c, 0xea, 0x03, 0xdc, 0xe7, 0xb0, 0x2a, 0xa1, 0xa7, 0x57, 0xf6, 0x77, 0xaf, 0x77, 
    0xc5, 0x15, 0x33, 0xe0, 0x52, 0x64, 0x7b, 0x70, 0xaf, 0x07, 0x60, 0xa1, 0x0c, 0x84, 0x7f, 0xd8, 
    0xcf, 0x15, 0x52, 0xc4, 0xa2, 0x94, 0xb7, 0xb3, 0xec, 0x08, 0xb4, 0xff, 0x37, 0x58, 0x85, 0x06, 
    0x72, 0x99, 0x77, 0x07, 0xff, 0xf6, 0x27, 0x9b, 0x4f, 0x0d, 0x60, 0xfa, 0x44, 0xf3, 0xa9, 0x01, 
    0x4c, 0x9f, 0x68, 0xfe, 0x0f, 0x14, 0x74, 0x59, 0x9b, 0x7d, 0x06, 0x9f, 0xfb, 0x00, 0x00, 0x00, 
    0x00, 0x49, 0x45, 0x4e, 0x44, 0xae, 0x42, 0x60, 0x82, 
};

static const uint8_t ASSET_ENEMY_KING_PNG[] = {
    0x89, 0x50, 0x4e, 0x47, 0x0d, 0x0a, 0x1a, 0x0a, 0x00, 0x00, 0x00, 0x0d, 0x49, 0x48, 0x44, 0x52, 
    0x00, 0x00, 0x00, 0x40, 0x00, 0x00, 0x00, 0x40, 0x08, 0x06, 0x00, 0x00, 0x00, 0xaa, 0x69, 0x71, 
    0xde, 0x00, 0x00, 0x11, 0x07, 0x49, 0x44, 0x41, 0x54, 0x78, 0x9c, 0xed, 0x59, 0x0b, 0x94, 0x14, 
    0xd5, 0x99, 0xfe, 0xaa, 0xaa, 0xa7, 0x7b, 0xde, 0x6f, 0x5e, 0xca, 0xf4, 0x0c, 0xc8, 0x4b, 0x10, 
    0x06, 0x44, 0x04, 0x91, 0x47, 0x13, 0xc8, 0x63, 0x0d, 0xca, 0xcc, 0x9e, 0xc4, 0xc4, 0x47, 0x36, 
    0x28, 0xe4, 0xac, 0x59, 0x31, 0x12, 0xc4, 0x8d, 0x67, 0x77, 0xcf, 0x2e, 0x71, 0x4f, 0xce, 0x49, 
    0x16, 0x44, 0x5c, 0xb3, 0x1b, 0xb3, 0xa2, 0x90, 0x13, 0x4d, 0x70, 0xb3, 0x91, 0x71, 0x09, 0xe8, 
    0x66, 0x15, 0x1a, 0x14, 0x4d, 0x50, 0x33, 0x03, 0x0a, 0x82, 0x40, 0x98, 0x07, 0x32, 0x08, 0x33, 
    0xcc, 0xfb, 0xd5, 0xd3, 0x5d, 0x95, 0xef, 0xbf, 0xd5, 0x35, 0x53, 0xce, 0x4c, 0x33, 0x3d, 0xd8, 
    0x4a, 0xce, 0x31, 0xdf, 0xe9, 0xbf, 0xff, 0xff, 0x56, 0xdf, 0xba, 0x75, 0xbf, 0xef, 0xfe, 0xf7, 
    0xd6, 0xad, 0x6a, 0x0d, 0x9f, 0x71, 0xfc, 0x45, 0x00, 0xda, 0x67, 0x1a, 0x7f, 0x11, 0x80, 0xf6, 
    0x99, 0xc6, 0x65, 0x15, 0xe0, 0xa1, 0xc0, 0xc8, 0x22, 0x10, 0x3f, 0x0c, 0x9e, 0xad, 0xc4, 0x65, 
    0xc2, 0x65, 0x15, 0xe0, 0xbb, 0x81, 0xbc, 0xad, 0x20, 0x1e, 0x0d, 0xd6, 0x2f, 0xc7, 0x65, 0xc2, 
    0x65, 0x13, 0x60, 0x5d, 0xa0, 0x28, 0xbb, 0xc9, 0x6a, 0x6e, 0x60, 0x88, 0x2c, 0x2d, 0x33, 0x67, 
    0x5d, 0xb0, 0xb2, 0x91, 0xe1, 0xa7, 0x8e, 0x84, 0x0a, 0xf0, 0x60, 0x60, 0xd8, 0xf4, 0xf5, 0xc1, 
    0xf3, 0x15, 0x0c, 0x07, 0xc5, 0x9a, 0x40, 0xee, 0x3a, 0xcb, 0xc2, 0xbf, 0x30, 0x84, 0xa6, 0xe1, 
    0xfb, 0x1b, 0x83, 0x17, 0xd6, 0x21, 0x0e, 0x0c, 0xe5, 0x1a, 0xf1, 0x20, 0xa1, 0x02, 0x48, 0x4a, 
    0xb3, 0x41, 0x6b, 0x63, 0xb0, 0xfe, 0x2e, 0x16, 0x63, 0x42, 0x46, 0x3f, 0x4f, 0xc7, 0xe9, 0x52, 
    0x9f, 0x3f, 0x8d, 0x45, 0x6c, 0xef, 0xaa, 0x6e, 0xab, 0x37, 0x31, 0x7a, 0xb0, 0x2c, 0x58, 0x13, 
    0xc8, 0xdb, 0x62, 0xb1, 0xcf, 0x89, 0x9c, 0x32, 0x1a, 0x2d, 0x61, 0x58, 0xb3, 0x28, 0xaf, 0xc9, 
    0x32, 0xad, 0x4c, 0x4d, 0xd3, 0xee, 0xa2, 0x08, 0x5b, 0x11, 0x03, 0x24, 0xb2, 0xfc, 0x3e, 0xcf, 
    0x94, 0x2d, 0xd9, 0xf0, 0xb2, 0x04, 0x34, 0x22, 0x84, 0xc7, 0xc3, 0x87, 0x07, 0x3d, 0xc7, 0xb2, 
    0xac, 0x2d, 0x9a, 0x8e, 0xe6, 0x8d, 0x7b, 0x2e, 0x64, 0xf1, 0x50, 0x42, 0x90, 0x30, 0x01, 0x24, 
    0x35, 0xcf, 0x8e, 0xfc, 0xeb, 0xf2, 0xac, 0x1c, 0x03, 0x49, 0x47, 0xb6, 0x31, 0xad, 0x63, 0x8b, 
    0xb0, 0x66, 0x51, 0x6e, 0xd5, 0xf7, 0x92, 0x8a, 0xfd, 0x5e, 0xd3, 0x60, 0x09, 0x68, 0x33, 0x42, 
    0xd6, 0xc6, 0xd0, 0xbb, 0x35, 0x24, 0x56, 0xc8, 0x62, 0x3f, 0x38, 0xe4, 0xbb, 0x26, 0x7c, 0x05, 
    0x2d, 0x2d, 0x1a, 0x46, 0x9e, 0x7d, 0x7e, 0x46, 0xa2, 0xa6, 0x41, 0xc2, 0x04, 0xf8, 0xca, 0xca, 
    0x8d, 0x65, 0xb5, 0xfe, 0x7b, 0x96, 0x31, 0xc4, 0xf4, 0x33, 0x0f, 0x9a, 0xc9, 0xc7, 0xb6, 0xb5, 
    0xe9, 0x96, 0xbe, 0xa0, 0x6f, 0x47, 0x1d, 0x32, 0xb7, 0xcf, 0xcb, 0xc2, 0x55, 0x47, 0x0b, 0x78, 
    0x04, 0x38, 0x3e, 0xa1, 0x12, 0xdb, 0x5e, 0x6f, 0x1d, 0x50, 0x34, 0x11, 0xd6, 0x44, 0x64, 0x5f, 
    0xfb, 0xb8, 0x5b, 0xd3, 0x0e, 0xf9, 0x37, 0xea, 0x3c, 0x84, 0x51, 0xd5, 0x4f, 0xbc, 0xf0, 0x3f, 
    0x9b, 0xd7, 0x94, 0x30, 0xfc, 0xd8, 0xd0, 0x68, 0x09, 0xc1, 0x1d, 0x77, 0xae, 0xad, 0xaa, 0x9c, 
    0xf0, 0xb0, 0x9f, 0x21, 0x56, 0x8d, 0xff, 0x27, 0x54, 0x95, 0xfd, 0x3c, 0x72, 0xfe, 0x9c, 0xd9, 
    0xde, 0x57, 0x84, 0xb5, 0x8b, 0x73, 0x5f, 0x4d, 0x4b, 0xd3, 0xe6, 0x7e, 0x67, 0x95, 0xa5, 0xc3, 
    0x32, 0x61, 0x89, 0x99, 0x26, 0x7e, 0xfc, 0x93, 0x24, 0xb3, 0xb9, 0x45, 0xdf, 0xc7, 0xf9, 0xbd, 
    0x88, 0xd5, 0x14, 0x1c, 0xf2, 0x39, 0x39, 0x56, 0xea, 0xf0, 0x45, 0xa5, 0xc6, 0xcf, 0x1a, 0x7f, 
    0xcc, 0xa3, 0x40, 0xd1, 0xfb, 0xff, 0x5c, 0xfd, 0xec, 0x33, 0x1b, 0x06, 0xcc, 0x96, 0xa1, 0x42, 
    0xa3, 0x7d, 0x6c, 0xc8, 0xa2, 0x26, 0xb7, 0xb4, 0xfc, 0x25, 0x77, 0x62, 0xd2, 0xd5, 0x1e, 0x2c, 
    0x19, 0xf9, 0x3c, 0xce, 0x9e, 0x09, 0xe3, 0xe9, 0xcd, 0x1d, 0x91, 0x70, 0xd8, 0x3a, 0x92, 0x61, 
    0x66, 0x2e, 0x90, 0x05, 0x6e, 0x6d, 0x20, 0x3f, 0x10, 0xb1, 0xcc, 0x3d, 0x37, 0x2f, 0x05, 0xa6, 
    0x4d, 0x8d, 0x28, 0xe2, 0xfc, 0x52, 0x22, 0x1c, 0x3a, 0x64, 0x60, 0xe7, 0xff, 0x79, 0x61, 0x68, 
    0xfa, 0xa2, 0x0d, 0xc1, 0xba, 0xa0, 0xb4, 0xd9, 0xac, 0x37, 0xef, 0xf3, 0xe8, 0x98, 0xbc, 0xec, 
    0xa6, 0x4e, 0x23, 0x27, 0xcb, 0xc4, 0x6b, 0x6d, 0xb7, 0xa3, 0xaa, 0xda, 0x40, 0xfb, 0x9b, 0xbf, 
    0x4e, 0xd8, 0xad, 0x73, 0x50, 0x01, 0x02, 0xab, 0x8b, 0xb2, 0xb5, 0xb6, 0xd6, 0x62, 0x86, 0xb0, 
    0xd2, 0xd2, 0x0f, 0x06, 0x37, 0xf5, 0xbf, 0xa8, 0x93, 0xd6, 0xf7, 0xdc, 0x97, 0x81, 0x91, 0x23, 
    0x58, 0x8f, 0x84, 0x40, 0x72, 0xb5, 0xb5, 0x11, 0x6c, 0xdd, 0x12, 0x8a, 0x74, 0x45, 0x70, 0xfa, 
    0xc8, 0x68, 0x7d, 0x57, 0xe1, 0x39, 0xf3, 0xab, 0xb9, 0x11, 0xe4, 0xaf, 0xfa, 0x76, 0x18, 0xc9, 
    0x5e, 0x0a, 0xc0, 0x7a, 0x5c, 0x34, 0x61, 0x46, 0xb8, 0x0e, 0x74, 0x68, 0xf8, 0xaf, 0x2d, 0x29, 
    0x68, 0xf0, 0xa0, 0xae, 0x6a, 0xb8, 0xfe, 0xab, 0xc9, 0xa7, 0xcd, 0x9b, 0xbc, 0x1a, 0x46, 0xdf, 
    0xf2, 0xc5, 0x4e, 0x23, 0x3b, 0xdb, 0x54, 0x75, 0xd8, 0x24, 0xce, 0xd7, 0xeb, 0xd8, 0xf5, 0x72, 
    0xf2, 0x80, 0xd3, 0x45, 0x10, 0x4f, 0x7f, 0xdd, 0xb8, 0xa8, 0x00, 0x81, 0x6f, 0x0d, 0x9b, 0x6e, 
    0x99, 0x91, 0xbd, 0xb0, 0x90, 0xc9, 0xa2, 0x82, 0x06, 0x6d, 0x2b, 0x32, 0x33, 0xbe, 0xeb, 0x6e, 
    0x58, 0x6e, 0x7f, 0x3e, 0x1f, 0xbe, 0xf1, 0xd0, 0x3f, 0xa6, 0xda, 0x69, 0x2d, 0x3d, 0x8d, 0xfa, 
    0x8a, 0x0a, 0x13, 0x3b, 0x76, 0x58, 0x68, 0xe4, 0x0d, 0x2f, 0xbb, 0x0d, 0x98, 0x7f, 0x63, 0x04, 
    0xf3, 0xe6, 0x86, 0xf8, 0x1b, 0x89, 0xb3, 0x9a, 0x10, 0x8b, 0xd0, 0x24, 0x7e, 0xe3, 0x40, 0x12, 
    0x0e, 0xbc, 0x9d, 0xd4, 0x53, 0x77, 0xc1, 0x0d, 0x21, 0x5c, 0x35, 0x26, 0xac, 0xea, 0xc8, 0xef, 
    0x4e, 0xbd, 0x5f, 0xef, 0x4c, 0x35, 0xbb, 0xc3, 0xda, 0xcf, 0x39, 0x5d, 0x96, 0x23, 0x0a, 0x21, 
    0x8e, 0xe6, 0x96, 0x47, 0x2d, 0x58, 0xcb, 0xe1, 0x40, 0x43, 0xb3, 0xa6, 0x1b, 0x0b, 0x83, 0x4f, 
    0xf6, 0x4e, 0xc1, 0xbe, 0x88, 0x29, 0x40, 0x60, 0x45, 0x5e, 0x09, 0x47, 0x75, 0x7b, 0x46, 0xbe, 
    0x86, 0x89, 0x37, 0xaa, 0xb5, 0x07, 0xe7, 0x4e, 0x59, 0xf8, 0xe0, 0x3d, 0x33, 0x1c, 0x09, 0xa3, 
    0xdd, 0xdd, 0xb0, 0xdc, 0xfe, 0xa6, 0x4d, 0x33, 0x32, 0x97, 0x95, 0x70, 0x55, 0x8f, 0x12, 0x97, 
    0xd1, 0x65, 0xc0, 0x8f, 0x89, 0x83, 0x87, 0x80, 0xdf, 0xec, 0xe4, 0x6f, 0xc4, 0xea, 0x55, 0x1d, 
    0xf0, 0x26, 0x91, 0x7c, 0x94, 0x8c, 0x43, 0x4a, 0xca, 0xed, 0x9d, 0x1a, 0xb6, 0x3c, 0x93, 0xc2, 
    0x5a, 0x14, 0x6a, 0x4e, 0x08, 0x63, 0x0b, 0x49, 0x3e, 0xfa, 0x5b, 0x24, 0xea, 0x4d, 0x0a, 0x77, 
    0xa0, 0xc2, 0x87, 0xea, 0x0f, 0x3c, 0xcd, 0x8f, 0xee, 0xb5, 0x6f, 0x87, 0xce, 0x40, 0x19, 0x1e, 
    0xa4, 0x5e, 0x79, 0xb5, 0xee, 0x19, 0x3e, 0xc6, 0xa6, 0x75, 0x6c, 0xbf, 0x89, 0x96, 0x3a, 0x4b, 
    0xb2, 0xa5, 0x34, 0xf8, 0x54, 0x7d, 0x19, 0x0f, 0xf5, 0x83, 0x5d, 0x73, 0x00, 0x04, 0x56, 0xe6, 
    0x1e, 0x4a, 0x4e, 0xd5, 0xa6, 0xcc, 0xf9, 0x9a, 0xa1, 0x7b, 0x7c, 0x3c, 0x10, 0x45, 0x4b, 0x1d, 
    0xf0, 0x56, 0x59, 0xc4, 0x8a, 0x74, 0xa3, 0x15, 0xba, 0xbe, 0x60, 0xd6, 0x71, 0x20, 0x6c, 0x45, 
    0xca, 0x6f, 0x59, 0xe6, 0x41, 0x71, 0x31, 0xf5, 0x67, 0x07, 0xf9, 0xc5, 0x0f, 0x7b, 0x2c, 0x9e, 
    0xc6, 0x5e, 0x63, 0xc7, 0xae, 0x24, 0xc6, 0xc0, 0x97, 0x3e, 0xdf, 0x15, 0x25, 0x42, 0x52, 0xe2, 
    0xc5, 0x9c, 0x98, 0x3e, 0xb8, 0x9f, 0x17, 0x63, 0xbd, 0x1b, 0xae, 0x63, 0x3d, 0x96, 0xe5, 0x77, 
    0x9b, 0x3c, 0x45, 0x53, 0x1e, 0xa8, 0x3c, 0x9d, 0x84, 0x8a, 0x23, 0x5e, 0x78, 0x34, 0x63, 0xc6, 
    0x9b, 0xe3, 0xd9, 0x29, 0xd3, 0xdc, 0x67, 0x24, 0x21, 0xfd, 0xba, 0x12, 0x43, 0xcb, 0xc8, 0x67, 
    0x39, 0x8a, 0x70, 0x17, 0xf0, 0xbb, 0xe7, 0x22, 0x66, 0x67, 0xbb, 0x75, 0x38, 0xb8, 0xf9, 0xc2, 
    0x34, 0x1e, 0xea, 0x87, 0x01, 0x05, 0x08, 0xdc, 0x33, 0xb2, 0xc8, 0x0a, 0x85, 0x4e, 0x4d, 0xbc, 
    0xd1, 0x80, 0xbf, 0xb8, 0x7f, 0x15, 0x69, 0xf8, 0xcd, 0xed, 0x91, 0x48, 0x7b, 0x23, 0x6a, 0xa7, 
    0xfd, 0x11, 0xcf, 0xea, 0x11, 0xeb, 0x7b, 0x0f, 0xae, 0xd5, 0xe1, 0xf3, 0xf5, 0x12, 0x76, 0x7b, 
    0xe9, 0xb4, 0x90, 0x68, 0x6f, 0xd7, 0x7a, 0x46, 0x5f, 0xca, 0xe2, 0x59, 0xa5, 0x87, 0xbc, 0x94, 
    0x3b, 0xbb, 0x34, 0x18, 0xba, 0x5d, 0x47, 0x8e, 0x45, 0x5c, 0xc4, 0xc5, 0x4b, 0xdd, 0xae, 0x90, 
    0x86, 0x97, 0xf7, 0xa7, 0xc2, 0x34, 0xb4, 0x1f, 0x1d, 0x1a, 0x8b, 0x3b, 0x52, 0xb3, 0x31, 0x6a, 
    0x56, 0xa9, 0x61, 0xb8, 0x07, 0xca, 0x41, 0xf5, 0x41, 0x8b, 0x99, 0x10, 0x81, 0x96, 0x99, 0x99, 
    0xe3, 0x9e, 0xb6, 0x0e, 0xfa, 0xb3, 0x23, 0x02, 0x2b, 0xf3, 0x03, 0x1c, 0xc1, 0x3d, 0xd7, 0x2d, 
    0x33, 0x90, 0x73, 0xe5, 0x80, 0x55, 0xd0, 0xf0, 0x81, 0x85, 0xb7, 0x5e, 0x88, 0xe0, 0x9a, 0x2a, 
    0xd4, 0x15, 0xe4, 0x21, 0x7f, 0xe5, 0x0a, 0xf6, 0x8e, 0x3d, 0x14, 0xc2, 0xa0, 0xf1, 0x7c, 0x29, 
    0xaa, 0x8e, 0xbb, 0xc9, 0x8a, 0xef, 0x29, 0xd3, 0x7a, 0xe2, 0xa8, 0x77, 0x97, 0x07, 0x22, 0x2f, 
    0x5e, 0xca, 0x6f, 0x54, 0xa4, 0xe0, 0x42, 0xb7, 0xde, 0xf0, 0xae, 0x1f, 0x39, 0x73, 0x6e, 0xf5, 
    0xc0, 0x3d, 0xf2, 0x6e, 0x38, 0xfd, 0xd4, 0x74, 0x7d, 0x51, 0x70, 0x73, 0x5d, 0x10, 0x7d, 0x30, 
    0x20, 0xbb, 0x78, 0x04, 0x10, 0x54, 0x6c, 0x37, 0x51, 0xf0, 0x9a, 0x89, 0x42, 0xbf, 0x05, 0xbf, 
    0x9f, 0x3d, 0x93, 0x1c, 0xa7, 0xf1, 0xd3, 0x63, 0x66, 0xef, 0x61, 0xdb, 0x5c, 0x65, 0x93, 0xe6, 
    0x2e, 0x2b, 0x8b, 0x96, 0x07, 0xfb, 0xad, 0xb1, 0xd9, 0x40, 0x63, 0x8b, 0x8e, 0x9a, 0x79, 0x3a, 
    0xa6, 0x97, 0xda, 0x6b, 0xd4, 0x40, 0xf8, 0xc4, 0x04, 0x90, 0xb5, 0xe0, 0xfc, 0xbf, 0x87, 0x31, 
    0x3e, 0x39, 0x82, 0xe1, 0xb9, 0x61, 0x1e, 0xf9, 0xf4, 0x71, 0xee, 0x82, 0x07, 0xc7, 0x3b, 0x0d, 
    0x0c, 0xfb, 0x4e, 0xa2, 0x33, 0x40, 0x56, 0xd5, 0x48, 0xa4, 0x7c, 0xca, 0xe7, 0x0c, 0x5c, 0x31, 
    0xa9, 0x7f, 0x95, 0x8e, 0x66, 0xe0, 0xf7, 0xbf, 0x8a, 0x60, 0xdc, 0x49, 0x0b, 0xb3, 0xfc, 0x5d, 
    0x98, 0x3a, 0x81, 0x8b, 0xc2, 0x65, 0xc0, 0xbb, 0xc7, 0x7d, 0x38, 0x50, 0xe5, 0xc3, 0x89, 0xab, 
    0x34, 0xcc, 0xfe, 0xaa, 0x81, 0x94, 0x4c, 0x1e, 0xec, 0x83, 0x33, 0x47, 0x2d, 0x1c, 0xde, 0x4d, 
    0x01, 0xbc, 0xde, 0x31, 0xc1, 0x27, 0xce, 0x56, 0xa2, 0x0f, 0xfa, 0xb3, 0x8b, 0x62, 0xd1, 0xca, 
    0xbc, 0x9a, 0xfc, 0x42, 0x6d, 0x74, 0xf1, 0x5f, 0x7d, 0x34, 0xbd, 0x64, 0x01, 0x14, 0x45, 0xe5, 
    0xf6, 0x32, 0xa5, 0x06, 0x98, 0x59, 0x78, 0x79, 0x05, 0x78, 0xab, 0xd2, 0x87, 0xc3, 0x05, 0x60, 
    0x06, 0x68, 0x90, 0x8c, 0xed, 0xbb, 0x10, 0x1e, 0x7c, 0xd1, 0xe4, 0xce, 0xca, 0x3a, 0xbd, 0x67, 
    0x73, 0x3d, 0x6b, 0xf5, 0x47, 0x4c, 0x01, 0xb8, 0x0f, 0xd8, 0xc4, 0x7d, 0xc0, 0xfd, 0x8b, 0x56, 
    0x78, 0x3e, 0xd2, 0xe8, 0xe1, 0x57, 0x4c, 0x9c, 0x39, 0xc6, 0xc9, 0x48, 0xcc, 0xc8, 0xb4, 0x30, 
    0xa2, 0xda, 0xc4, 0x88, 0xbc, 0xcb, 0x34, 0x05, 0xea, 0x3d, 0x78, 0x2f, 0xc5, 0x83, 0x4a, 0x1f, 
    0x17, 0x05, 0xe2, 0x8a, 0x89, 0x3a, 0xa6, 0x2c, 0xee, 0x1d, 0x30, 0x19, 0xac, 0x3d, 0x4f, 0x85, 
    0x65, 0x1f, 0xf0, 0x18, 0xf7, 0x01, 0xab, 0x79, 0xa8, 0x1f, 0x62, 0x0b, 0x10, 0xbd, 0x15, 0xfa, 
    0xa7, 0xe9, 0x98, 0xc8, 0x85, 0x46, 0x20, 0xa9, 0xff, 0xda, 0x33, 0x36, 0xd9, 0x82, 0x09, 0x16, 
    0x16, 0xdf, 0x16, 0xc6, 0xb9, 0x32, 0x1d, 0x3a, 0x5b, 0xd1, 0x79, 0xeb, 0xd2, 0x35, 0xd9, 0x74, 
    0x38, 0x31, 0x1b, 0x8f, 0x96, 0x15, 0xd8, 0x47, 0x7e, 0xb8, 0x80, 0x69, 0x90, 0xc5, 0x4c, 0xbc, 
    0x58, 0x6f, 0x4c, 0x6f, 0x8a, 0xa7, 0xf1, 0x98, 0x15, 0xf5, 0x76, 0x99, 0xc6, 0xdf, 0xb9, 0xf7, 
    0xb0, 0x8d, 0x5d, 0xb0, 0xbd, 0x85, 0xd6, 0x09, 0x1a, 0xce, 0xbe, 0x6f, 0xa1, 0xb3, 0x95, 0x15, 
    0x88, 0x79, 0x77, 0x7a, 0x7a, 0xa6, 0xc2, 0x31, 0x2e, 0xd0, 0xd5, 0x87, 0xcc, 0x98, 0xe9, 0x2f, 
    0x70, 0xba, 0x37, 0x20, 0x9c, 0x2c, 0x70, 0x6e, 0x33, 0x6f, 0x33, 0xf5, 0x2f, 0x70, 0x51, 0x11, 
    0x94, 0xae, 0x8a, 0x20, 0x2b, 0xcf, 0x84, 0xc7, 0xb0, 0x68, 0xb6, 0x37, 0x68, 0xa3, 0x7d, 0x37, 
    0x63, 0xac, 0xef, 0x5e, 0xe4, 0x79, 0x16, 0xb2, 0x16, 0x57, 0x6b, 0x33, 0x88, 0x4a, 0xf3, 0x5f, 
    0xd1, 0x60, 0xee, 0x25, 0x11, 0x8e, 0x4a, 0x44, 0xe7, 0xad, 0x4e, 0xa3, 0xd7, 0x78, 0x5b, 0xb3, 
    0xbd, 0x1c, 0x13, 0xef, 0x1c, 0x97, 0xb2, 0x3f, 0x65, 0x29, 0xa6, 0x65, 0xff, 0x2d, 0x46, 0xa7, 
    0xcd, 0x63, 0x2b, 0x40, 0x55, 0xcb, 0x7e, 0xec, 0xae, 0x7c, 0x04, 0xef, 0xd7, 0xbe, 0x86, 0x50, 
    0x07, 0xa2, 0x66, 0x21, 0xd4, 0x6e, 0x0f, 0xcc, 0xd9, 0x13, 0x6c, 0x9c, 0xc8, 0xe5, 0xa2, 0x3d, 
    0x93, 0x53, 0xa1, 0x67, 0xf1, 0x03, 0xbe, 0x1f, 0x7c, 0xfa, 0xc2, 0x3a, 0xc4, 0x00, 0x7f, 0x8f, 
    0x0d, 0xd9, 0x5f, 0x6b, 0xad, 0x2d, 0xef, 0xa4, 0xe5, 0x60, 0xd4, 0xb8, 0xd9, 0xba, 0x51, 0xbe, 
    0x2b, 0xc2, 0xa3, 0xc0, 0x98, 0xa9, 0x16, 0xe6, 0x95, 0x44, 0x14, 0x69, 0x8f, 0x6e, 0x2a, 0xe2, 
    0x12, 0x5f, 0x9f, 0xf9, 0x53, 0xf8, 0x7d, 0xdf, 0x60, 0x8d, 0xfe, 0xa8, 0x32, 0x1f, 0xc6, 0xc9, 
    0xee, 0x87, 0x3f, 0x42, 0x52, 0x7c, 0x5f, 0x11, 0xc4, 0xe6, 0xe7, 0xfd, 0x04, 0x13, 0x33, 0x6f, 
    0xe7, 0x59, 0xfd, 0xf1, 0xca, 0xc9, 0xf5, 0xd8, 0x75, 0x78, 0xbd, 0x22, 0xae, 0x04, 0x50, 0x42, 
    0x00, 0xf5, 0xd5, 0xbd, 0x59, 0x30, 0xe3, 0x26, 0x03, 0x27, 0x7e, 0x6f, 0x46, 0xda, 0x1a, 0x50, 
    0x6b, 0xa5, 0x67, 0x4c, 0x1d, 0x68, 0x03, 0xe4, 0xe0, 0xa2, 0x02, 0x08, 0xe4, 0x8e, 0xc0, 0x3c, 
    0xdd, 0xc7, 0x30, 0x9d, 0xdb, 0x5c, 0x2d, 0x89, 0xeb, 0xc1, 0x2d, 0xf7, 0x9a, 0x48, 0x4d, 0xb3, 
    0x47, 0xdd, 0x19, 0xfd, 0x82, 0xe4, 0xa5, 0x98, 0x9b, 0xf5, 0x1c, 0xab, 0xf5, 0xa2, 0xa6, 0x86, 
    0xab, 0x24, 0x51, 0x50, 0x50, 0xc0, 0x6f, 0xa0, 0xbc, 0x7b, 0x31, 0xea, 0xc2, 0xfb, 0x14, 0x49, 
    0x21, 0xdc, 0x4b, 0x5e, 0x4c, 0xa7, 0x69, 0xb8, 0x92, 0x19, 0xf4, 0xf9, 0x11, 0xcf, 0xb2, 0x76, 
    0xff, 0xf3, 0x1d, 0xfc, 0xe7, 0xfe, 0x52, 0xbc, 0x57, 0xb3, 0x9f, 0xc4, 0x7b, 0x05, 0xe8, 0x6c, 
    0xb6, 0x54, 0x76, 0xca, 0x3e, 0x41, 0x93, 0xb9, 0x08, 0x6e, 0xd5, 0x35, 0x7d, 0x81, 0xf3, 0xbc, 
    0x12, 0x0b, 0x83, 0x0a, 0x20, 0x10, 0x11, 0x78, 0x5b, 0xfc, 0x03, 0x43, 0xad, 0xe8, 0x1a, 0xee, 
    0xd3, 0x6f, 0x8e, 0x8e, 0x3e, 0xcd, 0x1e, 0x7d, 0x13, 0x8b, 0x73, 0x5f, 0xc2, 0x30, 0xef, 0x7c, 
    0x38, 0xd8, 0xb0, 0x61, 0x23, 0x1e, 0x79, 0x64, 0x23, 0x23, 0xe0, 0x81, 0x07, 0xd6, 0x60, 0xed, 
    0xda, 0x35, 0x6a, 0x1a, 0xbc, 0xd9, 0xb9, 0x84, 0x44, 0x5d, 0xe4, 0x55, 0x46, 0xf4, 0x96, 0xbf, 
    0x38, 0x6c, 0x17, 0x46, 0xa5, 0xcc, 0x1b, 0xf0, 0x7c, 0x07, 0x27, 0xeb, 0x5e, 0xc7, 0xa6, 0x97, 
    0x4b, 0x48, 0x3c, 0x2a, 0x40, 0x34, 0x1b, 0x9a, 0x3e, 0xb4, 0x3d, 0x61, 0x69, 0x86, 0x71, 0xed, 
    0x60, 0xe4, 0x05, 0xf1, 0x09, 0x10, 0x7d, 0x32, 0x64, 0x88, 0xb9, 0xa5, 0x80, 0x7f, 0x92, 0x8c, 
    0xba, 0x98, 0x90, 0xb7, 0x45, 0xb8, 0x6d, 0x64, 0x2b, 0x7f, 0xb5, 0x21, 0x23, 0x77, 0xfd, 0xf5, 
    0x37, 0x30, 0xea, 0xc5, 0xd1, 0xa3, 0x87, 0x91, 0x95, 0x95, 0x85, 0x97, 0xda, 0xbc, 0x3d, 0x64, 
    0xed, 0xe9, 0xd0, 0x4b, 0x5e, 0xec, 0xae, 0xc2, 0xe6, 0x8b, 0x9e, 0xef, 0x60, 0xd5, 0x2f, 0x87, 
    0x2b, 0xb2, 0x4a, 0x00, 0xb1, 0x76, 0x0b, 0x7c, 0x36, 0x41, 0x7b, 0x93, 0x12, 0x00, 0x5c, 0xf9, 
    0x4b, 0xb9, 0xf2, 0x97, 0x31, 0xbc, 0x28, 0xe2, 0x15, 0x60, 0x13, 0x05, 0xb8, 0x9f, 0x21, 0x96, 
    0xdd, 0x67, 0x21, 0x25, 0xcd, 0x26, 0x2d, 0x22, 0xd8, 0xde, 0xc2, 0xed, 0xa3, 0xe2, 0x13, 0x60, 
    0x57, 0x8b, 0x4f, 0x11, 0x16, 0xf2, 0x55, 0xc7, 0x3d, 0x6a, 0x75, 0x1f, 0xee, 0xb7, 0xd4, 0x31, 
    0x11, 0xe3, 0xee, 0xa2, 0xa6, 0x8b, 0x9e, 0xef, 0x60, 0xd5, 0x2f, 0xdc, 0x02, 0xd0, 0x33, 0x0b, 
    0xba, 0x68, 0xb2, 0x3f, 0x11, 0x50, 0x80, 0xc7, 0x28, 0xc0, 0x6a, 0x86, 0x17, 0x45, 0x5c, 0x02, 
    0x2c, 0x5c, 0x91, 0x5b, 0xce, 0x7b, 0xd8, 0xf4, 0xfc, 0xd1, 0x1a, 0x16, 0xde, 0x46, 0xd2, 0xba, 
    0x4d, 0xda, 0x21, 0x2f, 0xe5, 0x2f, 0x30, 0x75, 0x87, 0x0f, 0x32, 0x05, 0x76, 0x73, 0xf1, 0xfa, 
    0xc5, 0x6f, 0x7f, 0x80, 0x9a, 0x93, 0x06, 0xba, 0xd8, 0x71, 0x37, 0xbc, 0xc9, 0x1a, 0x46, 0x14, 
    0x9a, 0xf8, 0xe6, 0x97, 0x7e, 0x80, 0x25, 0xd3, 0xbe, 0x3d, 0xe0, 0xf9, 0x0e, 0xde, 0x39, 0xf3, 
    0x22, 0x9e, 0xd8, 0xfd, 0x37, 0x24, 0x2e, 0xe4, 0xc5, 0x28, 0x80, 0xf2, 0x7c, 0xb3, 0xd4, 0xc0, 
    0x07, 0xa8, 0x88, 0x10, 0xd3, 0xf6, 0x06, 0x9f, 0xae, 0x0f, 0x60, 0x10, 0xc4, 0x27, 0xc0, 0xdd, 
    0xb9, 0x4a, 0xd6, 0x89, 0x73, 0x34, 0x4c, 0x9e, 0x47, 0xd2, 0x24, 0x6c, 0x93, 0xb7, 0xc5, 0x90, 
    0xb8, 0x28, 0x75, 0x29, 0x16, 0xe4, 0xfe, 0x92, 0xb5, 0x7a, 0xd1, 0xd4, 0xd4, 0xc4, 0x6f, 0x3e, 
    0x33, 0x34, 0x55, 0xe3, 0xf1, 0x6d, 0x0f, 0xe1, 0xe0, 0xb1, 0xdf, 0x21, 0x3d, 0xdb, 0x83, 0xa2, 
    0xab, 0xd3, 0xe1, 0x4d, 0xd1, 0x31, 0x6a, 0x4c, 0x0a, 0x7f, 0x05, 0x6a, 0x4f, 0x75, 0xb0, 0xf3, 
    0x26, 0x2a, 0xdf, 0x6b, 0x45, 0x6b, 0x63, 0x18, 0xc5, 0x13, 0xe7, 0xe0, 0xbe, 0xaf, 0xff, 0x10, 
    0xc3, 0xb2, 0xfc, 0xfc, 0x95, 0x7f, 0x9d, 0xb9, 0x46, 0x5e, 0xf0, 0x78, 0xb0, 0x14, 0x47, 0xaa, 
    0xed, 0xdb, 0x61, 0x37, 0xcd, 0x2d, 0x40, 0x47, 0x0b, 0xb3, 0x89, 0x7b, 0x04, 0xc1, 0xde, 0xa7, 
    0x2f, 0x0c, 0xca, 0x6f, 0xd0, 0x0a, 0x02, 0x47, 0x80, 0x09, 0x22, 0xc0, 0x5c, 0x9b, 0xb0, 0x33, 
    0xf2, 0x12, 0x2b, 0x4f, 0x9b, 0x95, 0xfd, 0x23, 0x4c, 0x4a, 0xff, 0x3b, 0xd6, 0xec, 0xc5, 0x89, 
    0xea, 0x77, 0x70, 0xff, 0xfa, 0x9b, 0xa1, 0x7b, 0x3b, 0x31, 0xe3, 0x73, 0x39, 0x98, 0x70, 0x6d, 
    0x06, 0x8f, 0xc6, 0xc6, 0xfb, 0x7f, 0x68, 0x41, 0xf9, 0xee, 0x06, 0x98, 0xa1, 0x64, 0x3c, 0xf6, 
    0xe0, 0x0e, 0x8c, 0xf3, 0x4f, 0xe5, 0xd1, 0x5e, 0xfc, 0xf6, 0xd8, 0x7a, 0xec, 0xa8, 0x58, 0x4f, 
    0xe2, 0xbd, 0xa4, 0x1d, 0x01, 0x44, 0x0c, 0xb9, 0x15, 0xca, 0x46, 0x49, 0x90, 0x10, 0x01, 0x9c, 
    0x1d, 0x21, 0x43, 0x14, 0x2f, 0xd1, 0x51, 0x38, 0x95, 0x64, 0x49, 0x5a, 0x65, 0x81, 0x18, 0x63, 
    0xf1, 0xb2, 0xfb, 0x13, 0x3f, 0x2a, 0x79, 0x1e, 0xa6, 0x65, 0xfc, 0x03, 0x86, 0xfb, 0xe6, 0xa3, 
    0xb5, 0xbd, 0x09, 0xb7, 0xfe, 0xfd, 0x35, 0x48, 0xc9, 0x8a, 0xe0, 0xcb, 0x2b, 0xae, 0x50, 0xa3, 
    0x1e, 0x0f, 0x24, 0x1b, 0x76, 0x3e, 0x75, 0x06, 0x1d, 0x4d, 0x06, 0xfe, 0xfb, 0xdf, 0xde, 0x45, 
    0x7a, 0x6a, 0x16, 0x4e, 0x35, 0xbe, 0xae, 0xc8, 0x1f, 0x3d, 0xb3, 0x5f, 0x11, 0x75, 0x48, 0x87, 
    0x3a, 0x85, 0x78, 0x34, 0xa6, 0x75, 0xb5, 0xd9, 0x53, 0x40, 0x10, 0xeb, 0x25, 0x88, 0x1b, 0x83, 
    0x0b, 0x10, 0x7d, 0x34, 0x66, 0x88, 0xd9, 0xa5, 0x7c, 0xf4, 0xe4, 0x82, 0xe5, 0x90, 0xee, 0xf1, 
    0x34, 0x47, 0x00, 0xb9, 0x05, 0xeb, 0xe4, 0x29, 0xdb, 0xe0, 0xe3, 0xe5, 0x06, 0x82, 0xcf, 0x7b, 
    0x50, 0x7a, 0x6f, 0x01, 0xf2, 0x46, 0x79, 0x71, 0xfe, 0x74, 0x08, 0x07, 0x5e, 0xb4, 0xfb, 0xb3, 
    0xe4, 0x8e, 0x7c, 0xf8, 0xf8, 0x0e, 0x55, 0x30, 0xd0, 0xf1, 0xfa, 0xda, 0x10, 0xb6, 0xff, 0x47, 
    0x0d, 0xa6, 0x2c, 0x32, 0x90, 0x5f, 0xa4, 0xa1, 0xbb, 0xd3, 0x26, 0xd9, 0x4d, 0xc2, 0x21, 0xc6, 
    0xb6, 0x08, 0x34, 0x77, 0x4c, 0x21, 0x24, 0x96, 0x1d, 0xa7, 0x20, 0xd6, 0x23, 0xb0, 0x1b, 0x43, 
    0x12, 0x60, 0x16, 0x5f, 0x7a, 0x2a, 0x01, 0x48, 0x54, 0x19, 0x05, 0x10, 0xb2, 0x12, 0x2b, 0x01, 
    0x48, 0x5a, 0xbc, 0xec, 0xff, 0x45, 0x88, 0x57, 0xcb, 0x3c, 0xa8, 0xad, 0xf4, 0xe2, 0xeb, 0x6b, 
    0x0b, 0x79, 0x36, 0xb0, 0xf3, 0xc9, 0x73, 0xf8, 0xe3, 0x21, 0xbe, 0xee, 0x25, 0xc6, 0x4e, 0x4b, 
    0xc3, 0x97, 0xbf, 0x35, 0x9c, 0x51, 0xec, 0xe3, 0xdb, 0x36, 0x54, 0x21, 0x63, 0xb8, 0x89, 0xab, 
    0x66, 0x8b, 0x00, 0x24, 0x4f, 0x72, 0x6a, 0xc4, 0x49, 0x5a, 0x08, 0xcb, 0x31, 0x45, 0x5a, 0x79, 
    0x31, 0x3b, 0x76, 0x90, 0x18, 0x01, 0x5c, 0x53, 0x60, 0x32, 0x47, 0xc3, 0x3f, 0x85, 0xe4, 0x48, 
    0x52, 0x48, 0x8b, 0x00, 0xe2, 0xe5, 0xc1, 0x47, 0x8e, 0x29, 0x93, 0x98, 0xe4, 0x45, 0x84, 0xd7, 
    0xff, 0xd7, 0xc0, 0x87, 0xd5, 0x5e, 0x7c, 0xed, 0x01, 0x3f, 0xcf, 0x8e, 0x4d, 0x34, 0xd6, 0xf1, 
    0xe7, 0x36, 0x54, 0x23, 0x35, 0x3f, 0x82, 0xb1, 0xd7, 0x45, 0x05, 0x50, 0x46, 0xf2, 0xe2, 0x85, 
    0x30, 0x63, 0x39, 0x26, 0xe4, 0x6d, 0xcf, 0xf9, 0x1f, 0x5d, 0x00, 0x05, 0x09, 0x99, 0x02, 0x02, 
    0x67, 0x11, 0x2c, 0x9a, 0xa1, 0x63, 0xfc, 0x0d, 0xba, 0x22, 0x2d, 0x26, 0x84, 0x6d, 0x4f, 0xd2, 
    0xe2, 0x49, 0x5c, 0x04, 0x90, 0xf4, 0x17, 0x01, 0x4e, 0xbd, 0xa3, 0xe3, 0x8d, 0x1d, 0x5a, 0xcf, 
    0x14, 0x68, 0xae, 0x0f, 0xe3, 0xd5, 0xe7, 0x2f, 0xb0, 0xa5, 0xde, 0x54, 0x17, 0x0c, 0x74, 0xdc, 
    0x99, 0x02, 0xe3, 0xe7, 0xe8, 0xea, 0xad, 0x94, 0x10, 0xb4, 0x2d, 0x2a, 0x80, 0xb2, 0x68, 0x4c, 
    0x01, 0x94, 0x18, 0xf4, 0xb2, 0x15, 0x76, 0x90, 0x90, 0x45, 0x50, 0xe0, 0x08, 0x50, 0xc8, 0x47, 
    0xe3, 0xb1, 0xd7, 0xeb, 0xf0, 0xf0, 0x5f, 0x6d, 0x9b, 0xb8, 0x4b, 0x00, 0x92, 0x16, 0xe3, 0xdf, 
    0xd7, 0x8a, 0x3c, 0x1f, 0x74, 0x51, 0x73, 0x44, 0xe7, 0xdc, 0xd6, 0x90, 0x95, 0xef, 0xc5, 0xd2, 
    0x15, 0x43, 0x5b, 0x04, 0x7f, 0xc3, 0x45, 0xb0, 0xf1, 0x3c, 0xff, 0x1b, 0x98, 0xa9, 0x23, 0x73, 
    0x04, 0x49, 0x76, 0xf1, 0x49, 0x92, 0x24, 0x43, 0xf4, 0x0e, 0x79, 0xdb, 0x4b, 0x7d, 0xf1, 0x16, 
    0xc2, 0x21, 0x9e, 0xec, 0x42, 0xc2, 0x04, 0x08, 0xdc, 0x9d, 0x5b, 0x41, 0x05, 0x8a, 0xe5, 0x51, 
    0x53, 0x5e, 0x93, 0x79, 0x7c, 0x50, 0x22, 0x88, 0x00, 0x32, 0xe2, 0x22, 0x82, 0x8c, 0xba, 0x08, 
    0xa1, 0x3c, 0x8f, 0xbd, 0xf4, 0x53, 0x0d, 0x49, 0xdc, 0x31, 0xca, 0x2d, 0xa9, 0xbd, 0x41, 0x43, 
    0x6a, 0x86, 0x07, 0x33, 0x17, 0xe7, 0x60, 0xfc, 0x8c, 0x0c, 0xb6, 0x18, 0x1b, 0xc7, 0xcb, 0x5b, 
    0xf0, 0xf6, 0x2b, 0x0d, 0x68, 0x6f, 0x09, 0x23, 0x35, 0x87, 0x57, 0x65, 0x17, 0x3b, 0x9b, 0x34, 
    0x4c, 0xb8, 0x91, 0x24, 0x1d, 0xf2, 0xca, 0xbb, 0x04, 0x88, 0xc6, 0x96, 0xc9, 0xea, 0x51, 0x24, 
    0x74, 0x23, 0xe4, 0xde, 0x0a, 0xf3, 0xfd, 0x3b, 0x7c, 0xe9, 0x14, 0x20, 0x49, 0xb3, 0x45, 0x30, 
    0x68, 0x42, 0x9a, 0x22, 0x08, 0x71, 0x11, 0xa0, 0xad, 0x51, 0xc3, 0xff, 0x3f, 0x09, 0x5c, 0xfd, 
    0x05, 0xf6, 0x94, 0xe8, 0x6a, 0xd5, 0x50, 0x77, 0xc2, 0xc3, 0x5d, 0x1a, 0x1f, 0x29, 0xb3, 0x93, 
    0x50, 0x34, 0x39, 0x8d, 0x3b, 0xbf, 0x3e, 0x1b, 0xa1, 0x4e, 0x6e, 0x84, 0x0e, 0x73, 0x23, 0xd4, 
    0x14, 0x06, 0x1f, 0xbf, 0x91, 0x3f, 0x2e, 0xcc, 0xeb, 0x88, 0x00, 0xc0, 0x91, 0x97, 0x7c, 0x18, 
    0x37, 0x9b, 0x6d, 0xf3, 0x5a, 0xf2, 0x96, 0x47, 0x91, 0x57, 0xde, 0x36, 0x11, 0xc0, 0x3d, 0xf7, 
    0x05, 0x09, 0xdd, 0x0a, 0x53, 0x80, 0x12, 0x0a, 0xb0, 0x9d, 0x21, 0x3b, 0xa2, 0x23, 0xdf, 0xcf, 
    0x3f, 0x2f, 0x48, 0x5e, 0x44, 0xe0, 0x3f, 0x32, 0x30, 0x3c, 0x6c, 0x88, 0xa3, 0x2f, 0x42, 0xa8, 
    0xf4, 0xa7, 0x6f, 0xad, 0x03, 0x5e, 0x7d, 0x16, 0x18, 0x7d, 0x6d, 0x37, 0x52, 0xb2, 0xed, 0xa1, 
    0xe9, 0x68, 0xd4, 0xd1, 0x50, 0xa3, 0xf3, 0xfe, 0xce, 0x07, 0xa0, 0x6e, 0x9b, 0x9c, 0x03, 0x83, 
    0x6d, 0xa5, 0x64, 0x99, 0xc8, 0x29, 0x30, 0x5d, 0xf5, 0x0d, 0x54, 0xbf, 0xe5, 0xe1, 0x22, 0xc8, 
    0x36, 0x1d, 0xf2, 0x5d, 0x51, 0xf2, 0x62, 0x24, 0xaf, 0xc4, 0xa0, 0xef, 0x0b, 0x0a, 0x50, 0x4a, 
    0x01, 0xca, 0x18, 0x5e, 0x14, 0xec, 0x6e, 0x7c, 0xe0, 0x34, 0x68, 0x64, 0x97, 0xb3, 0x72, 0xaf, 
    0xd4, 0x31, 0x66, 0x66, 0x94, 0xb8, 0x32, 0xc6, 0x14, 0x40, 0x4c, 0x65, 0x03, 0x85, 0x10, 0x01, 
    0xa4, 0xe5, 0xe6, 0x0f, 0xb9, 0x6f, 0x7f, 0x59, 0x9e, 0xd1, 0x39, 0x3f, 0x39, 0x15, 0x0c, 0x8f, 
    0xc5, 0x05, 0x8e, 0x53, 0x82, 0x29, 0xdd, 0x54, 0xab, 0x81, 0x2f, 0x5d, 0xb9, 0x52, 0xf0, 0x65, 
    0x46, 0x95, 0x85, 0xac, 0x51, 0x40, 0x72, 0xa6, 0xa9, 0x1e, 0x6a, 0x22, 0xfc, 0xe7, 0x47, 0xda, 
    0x32, 0xc3, 0x7c, 0x3e, 0x18, 0x0f, 0x24, 0x25, 0xdb, 0xe4, 0xc3, 0x2e, 0xf2, 0x52, 0x56, 0x62, 
    0x90, 0xbc, 0xb3, 0xf1, 0x71, 0xc0, 0x4b, 0x37, 0xf1, 0x2d, 0x50, 0x36, 0xc3, 0x41, 0xc1, 0xba, 
    0xf1, 0x81, 0x59, 0x50, 0x46, 0x22, 0xcb, 0x0c, 0x8f, 0x86, 0x49, 0xf3, 0x75, 0x78, 0xd3, 0x84, 
    0x10, 0x2d, 0x89, 0x46, 0x2f, 0x1d, 0xd6, 0xf9, 0x9b, 0x08, 0x20, 0xb1, 0xca, 0x04, 0xc6, 0x02, 
    0x6e, 0x08, 0xf9, 0x94, 0xc6, 0x54, 0xed, 0xb0, 0xeb, 0x8a, 0x08, 0xb2, 0xb0, 0xc9, 0x9c, 0x95, 
    0xff, 0xfc, 0x24, 0x7d, 0x1b, 0x6b, 0xb9, 0x8d, 0x6d, 0x11, 0x52, 0xf6, 0x79, 0xbe, 0x54, 0x4e, 
    0x29, 0xd6, 0x95, 0x85, 0xcd, 0x36, 0x92, 0xe5, 0x6f, 0x42, 0x5c, 0x4c, 0x91, 0xa7, 0x97, 0x73, 
    0xfb, 0x82, 0xa3, 0xff, 0x02, 0x47, 0xbf, 0x84, 0xe1, 0xa0, 0x60, 0x37, 0xe3, 0x83, 0x7b, 0x43, 
    0x94, 0x35, 0x42, 0x43, 0xc1, 0x54, 0xde, 0x0e, 0xd9, 0x41, 0x31, 0xe9, 0xa8, 0xf2, 0x42, 0x9c, 
    0x9d, 0x57, 0x9e, 0x0a, 0x48, 0xec, 0x06, 0x13, 0x81, 0x5f, 0x24, 0x6d, 0x32, 0x2b, 0x14, 0xf9, 
    0x5e, 0x93, 0xc5, 0x52, 0xc8, 0xd8, 0x9e, 0xa2, 0x08, 0x69, 0x96, 0x1d, 0xf2, 0xb6, 0xa7, 0x91, 
    0xb4, 0x93, 0x09, 0x52, 0x1e, 0x08, 0xf1, 0x6c, 0x80, 0x1c, 0xc4, 0x2d, 0x80, 0x20, 0x70, 0x77, 
    0x5e, 0x90, 0x5d, 0x5f, 0xc8, 0x90, 0xf3, 0x52, 0x47, 0x72, 0x3a, 0xc9, 0x72, 0xd4, 0x1d, 0xf2, 
    0x62, 0x42, 0x5a, 0x79, 0xb6, 0x2c, 0xe6, 0xbe, 0x42, 0xaf, 0x00, 0x74, 0x34, 0x21, 0xde, 0x63, 
    0x42, 0x3c, 0x4c, 0xe2, 0xe2, 0x49, 0x5c, 0x4c, 0x04, 0x88, 0xb8, 0xc9, 0x8b, 0x91, 0x78, 0xb7, 
    0x1c, 0xa3, 0x1f, 0x08, 0x14, 0x3e, 0xee, 0xd1, 0x17, 0xb8, 0xba, 0x37, 0x38, 0xdc, 0xbb, 0xc2, 
    0xb4, 0x6c, 0x0d, 0xa3, 0x26, 0xb9, 0xc9, 0x33, 0xfd, 0x95, 0x67, 0xa3, 0x6c, 0x55, 0x84, 0x10, 
    0xef, 0xbe, 0x82, 0x23, 0x80, 0x22, 0x4f, 0x53, 0x9e, 0x53, 0x40, 0x91, 0xef, 0x11, 0x81, 0x26, 
    0xc4, 0x69, 0xe1, 0x6e, 0x0a, 0x22, 0x5e, 0x88, 0x2b, 0x23, 0x71, 0xf1, 0x31, 0xc8, 0x0b, 0x2e, 
    0xf6, 0x0a, 0x7c, 0x20, 0xb8, 0xba, 0x17, 0x1f, 0xb8, 0x16, 0x6c, 0xe5, 0x5a, 0xf0, 0x4d, 0x86, 
    0xc8, 0xe6, 0x54, 0xc8, 0x19, 0x4d, 0xe2, 0x8e, 0x08, 0x24, 0x2d, 0xa6, 0xc8, 0x8b, 0x29, 0x05, 
    0x08, 0x71, 0x96, 0xfa, 0xf0, 0x8b, 0x39, 0x24, 0xc4, 0x69, 0xca, 0x0b, 0x71, 0x31, 0x21, 0x2e, 
    0x9e, 0x84, 0x55, 0x26, 0xd0, 0xab, 0x0c, 0xa0, 0x29, 0x1f, 0x8a, 0x92, 0xa7, 0xc5, 0x02, 0xaf, 
    0xf7, 0x33, 0x8e, 0xfe, 0x72, 0x0c, 0x01, 0xd2, 0xb5, 0x21, 0x21, 0xc0, 0x57, 0xe5, 0x68, 0x6e, 
    0x0e, 0x92, 0x4c, 0x31, 0x8b, 0x7c, 0x0f, 0xaf, 0x23, 0x3d, 0x8f, 0xc4, 0x29, 0x80, 0x90, 0xfe, 
    0xa8, 0x00, 0xac, 0xe0, 0x02, 0xb9, 0xf3, 0x8b, 0x1f, 0x31, 0x21, 0x2f, 0x26, 0xa4, 0x1d, 0x13, 
    0xe2, 0x22, 0x04, 0x4d, 0x84, 0x90, 0x3b, 0x87, 0xac, 0x05, 0xb2, 0x26, 0x28, 0x11, 0x68, 0xb1, 
    0xc0, 0x4b, 0x1d, 0x44, 0x66, 0x66, 0x20, 0x38, 0xc8, 0xde, 0xbf, 0x2f, 0x78, 0xde, 0xd0, 0x21, 
    0x53, 0x01, 0xa1, 0x50, 0x05, 0x79, 0x64, 0x09, 0xe1, 0x5c, 0x66, 0x81, 0x37, 0x95, 0x99, 0xc0, 
    0x58, 0x11, 0x17, 0x63, 0xcb, 0x62, 0xee, 0x2b, 0x08, 0xf1, 0xbe, 0x02, 0x58, 0x32, 0x05, 0x84, 
    0x3c, 0x4d, 0x65, 0x80, 0x90, 0x16, 0x23, 0x59, 0x27, 0x13, 0xc4, 0xe4, 0xf7, 0x58, 0xe0, 0x25, 
    0x9a, 0xe0, 0xf5, 0x4e, 0x1f, 0x4a, 0xea, 0x3b, 0xe0, 0xb9, 0x97, 0x86, 0xe8, 0xab, 0xf2, 0x72, 
    0x86, 0x8a, 0x70, 0x7a, 0x0e, 0x37, 0x32, 0x99, 0x76, 0xac, 0x4c, 0x5a, 0xa6, 0x29, 0x2f, 0x01, 
    0x99, 0x0b, 0x71, 0x3a, 0xe5, 0x7b, 0x05, 0xb0, 0xbd, 0x10, 0x74, 0xc8, 0xdb, 0x9e, 0xe4, 0xc5, 
    0x93, 0xfc, 0x60, 0xe0, 0x2b, 0xf0, 0x19, 0xf1, 0xbc, 0x02, 0x1f, 0x08, 0xd2, 0xb3, 0x4b, 0x06, 
    0xef, 0x0a, 0xcb, 0x49, 0x6b, 0x0b, 0x43, 0x85, 0xe4, 0x74, 0x97, 0x08, 0xd2, 0x32, 0x8d, 0x1f, 
    0xfb, 0xcb, 0x52, 0x1f, 0xf5, 0xe5, 0x08, 0x20, 0xd6, 0x43, 0x5e, 0x19, 0xb3, 0x41, 0x48, 0xd3, 
    0xc4, 0x4b, 0xbd, 0xc1, 0xc0, 0x9b, 0xed, 0x5d, 0xdc, 0xf3, 0x6f, 0xc5, 0x25, 0x42, 0xba, 0xf6, 
    0xb1, 0x20, 0x99, 0xc0, 0xdc, 0x0d, 0xb2, 0xaf, 0x59, 0x2c, 0xaa, 0xed, 0xb1, 0x3c, 0x2b, 0xc8, 
    0x9a, 0x20, 0xad, 0xf3, 0xd3, 0x03, 0xd6, 0x51, 0x5f, 0x42, 0x5c, 0xc8, 0x89, 0x57, 0x7b, 0x02, 
    0x45, 0xde, 0x36, 0x21, 0x1f, 0x0f, 0xd8, 0x6e, 0x13, 0x5f, 0x48, 0x04, 0x2e, 0x75, 0xe4, 0x1d, 
    0xb0, 0x9d, 0x8f, 0x8f, 0xe8, 0x9a, 0x50, 0x46, 0x4e, 0xc5, 0x2c, 0x2a, 0xc8, 0xed, 0x51, 0x1e, 
    0x96, 0x24, 0x1b, 0x1c, 0x08, 0x69, 0x25, 0x80, 0x63, 0x4a, 0x00, 0x7a, 0x12, 0x97, 0x72, 0xbc, 
    0x60, 0xa7, 0x0f, 0x72, 0xce, 0x97, 0x5c, 0xca, 0x9c, 0xef, 0x0b, 0xb6, 0x95, 0x18, 0xa8, 0xbb, 
    0x43, 0x4b, 0xcb, 0x26, 0xe7, 0x16, 0xe9, 0x40, 0xa6, 0x82, 0x98, 0x5c, 0x49, 0x91, 0xa4, 0x29, 
    0x7f, 0x89, 0x90, 0x5b, 0x1d, 0x32, 0x32, 0x56, 0x0f, 0x75, 0xb5, 0x8f, 0x05, 0x76, 0x2b, 0xb1, 
    0xb0, 0xb3, 0xa1, 0x7b, 0x2b, 0x13, 0x7b, 0x21, 0x8b, 0x09, 0x03, 0x89, 0xbf, 0x80, 0xa4, 0xa4, 
    0xd5, 0x89, 0x18, 0x75, 0x37, 0x12, 0x2e, 0x80, 0x03, 0x79, 0x76, 0xe0, 0x50, 0xaf, 0xa6, 0x05, 
    0xac, 0xe8, 0xfa, 0x30, 0x54, 0xb0, 0x73, 0x4d, 0x64, 0x1e, 0xa4, 0x6d, 0x8a, 0x77, 0x6f, 0x3f, 
    0x54, 0xf0, 0x1a, 0x9f, 0x3c, 0xb8, 0x7b, 0x2c, 0x11, 0x07, 0xfe, 0xbd, 0x36, 0x58, 0x66, 0x70, 
    0x55, 0xdf, 0xcb, 0xaf, 0x0a, 0x86, 0x41, 0xee, 0xea, 0xca, 0xe8, 0x3f, 0x51, 0x7c, 0x2a, 0x02, 
    0x0c, 0x04, 0xb5, 0x66, 0xb4, 0xb6, 0x4e, 0x67, 0xc8, 0x4d, 0x44, 0x7a, 0x45, 0xa2, 0xe6, 0xf4, 
    0x50, 0x71, 0xd9, 0x04, 0xf8, 0x73, 0xc1, 0x67, 0x5e, 0x80, 0x3f, 0x01, 0xc9, 0x67, 0x56, 0xd7, 
    0x1b, 0xeb, 0xa7, 0x01, 0x00, 0x00, 0x00, 0x00, 0x49, 0x45, 0x4e, 0x44, 0xae, 0x42, 0x60, 0x82, 
    
};

static const uint8_t ASSET_CATAPULT_FORK_FRONT_PNG[] = {
    0x89, 0x50, 0x4e, 0x47, 0x0d, 0x0a, 0x1a, 0x0a, 0x00, 0x00, 0x00, 0x0d, 0x49, 0x48, 0x44, 0x52, 
    0x00, 0x00, 0x00, 0x50, 0x00, 0x00, 0x00, 0x78, 0x08, 0x06, 0x00, 0x00, 0x00, 0x65, 0xee, 0x75, 
    0xf6, 0x00, 0x00, 0x0f, 0xc6, 0x49, 0x44, 0x41, 0x54, 0x78, 0x9c, 0xed, 0x5d, 0x49, 0x77, 0x14, 
    0xd7, 0x19, 0xfd, 0xaa, 0x67, 0x49, 0x68, 0x44, 0x13, 0x12, 0x42, 0x12, 0x48, 0x42, 0x04, 0x1b, 
    0x84, 0x18, 0x4c, 0x98, 0x2c, 0x0e, 0x59, 0xe5, 0xe4, 0x24, 0xe4, 0x17, 0x18, 0x2f, 0xb3, 0x89, 
    0xed, 0x2c, 0xb3, 0x31, 0xde, 0x64, 0x6b, 0x56, 0x19, 0x56, 0xc6, 0xff, 0x20, 0x4e, 0x4e, 0x76, 
    0xf1, 0x31, 0xc4, 0xc6, 0x21, 0x31, 0x83, 0x04, 0x02, 0x24, 0x90, 0x50, 0x0b, 0x01, 0x9a, 0x1a, 
    0xcd, 0x43, 0xcf, 0x95, 0x7b, 0x5f, 0x75, 0x4b, 0xa5, 0x06, 0x63, 0x55, 0x57, 0x77, 0x2b, 0xc7, 
    0xd4, 0xd5, 0xfb, 0xa6, 0x57, 0xd3, 0x7b, 0xb7, 0xbf, 0x7a, 0xf5, 0x6a, 0xe0, 0xa0, 0x89, 0x03, 
    0x5b, 0x70, 0x08, 0xb4, 0x09, 0x87, 0x40, 0x9b, 0x70, 0x08, 0xb4, 0x09, 0x87, 0x40, 0x9b, 0x70, 
    0x08, 0xb4, 0x89, 0x9c, 0x12, 0xb8, 0xbf, 0xa6, 0xa4, 0x2b, 0xa1, 0x27, 0xca, 0xe1, 0x8a, 0x78, 
    0x64, 0x74, 0x60, 0x22, 0x1c, 0x94, 0xff, 0x03, 0x74, 0xd6, 0x07, 0x5a, 0x24, 0x2e, 0xcd, 0x70, 
    0xc5, 0xad, 0xb9, 0xe7, 0xef, 0x4d, 0x2f, 0xf7, 0xc2, 0xcd, 0x09, 0x6c, 0x13, 0xd8, 0x59, 0x1d, 
    0xe8, 0xd1, 0x3d, 0xbe, 0x8f, 0x12, 0x6e, 0xdf, 0x2f, 0x75, 0x97, 0x17, 0x35, 0xd8, 0x69, 0x32, 
    0x26, 0xae, 0x78, 0x98, 0x36, 0xa8, 0x89, 0x76, 0x31, 0x50, 0x12, 0xf8, 0xa2, 0x37, 0x38, 0x37, 
    0x87, 0x45, 0x05, 0x43, 0x57, 0x4b, 0x45, 0x45, 0x78, 0x39, 0xfc, 0x2b, 0x5d, 0xf4, 0x8b, 0x68, 
    0x57, 0x4b, 0xd2, 0x13, 0x10, 0x58, 0x2c, 0x31, 0xda, 0xe7, 0x4e, 0x44, 0xff, 0xa6, 0xc5, 0xa3, 
    0x9f, 0x0e, 0x84, 0xc2, 0x57, 0xc4, 0x06, 0xb2, 0x26, 0x90, 0x0d, 0x5c, 0x0d, 0x47, 0xff, 0x10, 
    0xf7, 0x96, 0xff, 0x86, 0x8d, 0x23, 0x3c, 0xfe, 0x22, 0x68, 0x91, 0x78, 0x64, 0x15, 0x5a, 0x14, 
    0x89, 0x9e, 0xf0, 0xac, 0x88, 0x9e, 0x9c, 0xc3, 0x81, 0x2e, 0x0d, 0x84, 0xa2, 0x9f, 0xa0, 0x3a, 
    0xef, 0xe8, 0xac, 0xf6, 0x7d, 0xac, 0x8b, 0x7c, 0x28, 0x9a, 0xab, 0x22, 0x1e, 0xa8, 0x94, 0xd7, 
    0xb6, 0x2f, 0x36, 0xff, 0xa7, 0xa2, 0x80, 0xef, 0xf7, 0xd9, 0xfe, 0xc0, 0x1a, 0xc4, 0x32, 0x78, 
    0x4a, 0xe8, 0x49, 0xed, 0x6a, 0xbc, 0xb8, 0x7a, 0x57, 0x52, 0xf3, 0x48, 0x69, 0x6d, 0x83, 0x14, 
    0x55, 0x54, 0x63, 0xc9, 0x3a, 0x96, 0x5f, 0x4c, 0x2a, 0x71, 0xe9, 0x71, 0xf1, 0x2c, 0x4f, 0x93, 
    0x44, 0xd1, 0x34, 0xb9, 0x3c, 0x30, 0x1d, 0x7d, 0x1f, 0x8b, 0xf3, 0x86, 0xce, 0x1a, 0xdf, 0x67, 
    0xba, 0x2e, 0x17, 0x40, 0x9e, 0xc4, 0x4b, 0x6a, 0x64, 0x53, 0xed, 0x5b, 0x09, 0x3d, 0xd1, 0x5c, 
    0xfa, 0xbb, 0xd9, 0x0c, 0x39, 0x1a, 0xc4, 0x32, 0x3a, 0xab, 0xfd, 0x5f, 0xc5, 0x8a, 0xaa, 0x7a, 
    0xf8, 0xcb, 0x56, 0x35, 0x77, 0xe0, 0x97, 0x35, 0x7e, 0xe1, 0x4c, 0xc4, 0x23, 0x61, 0x99, 0x19, 
    0x7d, 0x68, 0xfc, 0xd2, 0xab, 0x2f, 0x50, 0x83, 0x03, 0xe6, 0x91, 0xc4, 0x35, 0xf2, 0x80, 0x78, 
    0xd1, 0x76, 0xb1, 0xd2, 0x3e, 0xef, 0xea, 0xcc, 0x95, 0x81, 0x50, 0xe4, 0x2c, 0xaa, 0x2d, 0x41, 
    0x83, 0x58, 0xc2, 0xbe, 0x6a, 0xff, 0x87, 0x09, 0xb7, 0xf7, 0xd3, 0x58, 0x71, 0xcd, 0xda, 0x2f, 
    0x1b, 0x08, 0x04, 0xe4, 0xd4, 0xc9, 0x13, 0xd2, 0xd1, 0xde, 0x8e, 0x35, 0x44, 0xee, 0xdc, 0xed, 
    0x97, 0x6f, 0xae, 0x5d, 0x83, 0xb7, 0xfe, 0x4b, 0x7b, 0x57, 0xa6, 0x45, 0x4b, 0x44, 0x51, 0x83, 
    0x83, 0x6a, 0xae, 0xf7, 0x07, 0xa6, 0xc3, 0x97, 0x25, 0x87, 0xe8, 0xac, 0x09, 0x5c, 0xd0, 0xf5, 
    0xe4, 0x67, 0x70, 0x45, 0x77, 0xfb, 0x24, 0x9b, 0xf6, 0xb9, 0x13, 0xb1, 0x8f, 0x1e, 0x84, 0x22, 
    0x97, 0x50, 0xbd, 0x69, 0x58, 0x26, 0x70, 0x6f, 0x8d, 0x7f, 0x24, 0xe1, 0x2b, 0x6d, 0x81, 0x48, 
    0x6d, 0xc7, 0x01, 0xd4, 0x88, 0xfc, 0xec, 0xdc, 0x39, 0x39, 0x7a, 0xe4, 0x30, 0xbc, 0x75, 0x7c, 
    0x77, 0xe3, 0xa6, 0xfc, 0xf3, 0xcb, 0x2f, 0xe1, 0x89, 0x4c, 0x3d, 0xbc, 0x23, 0x95, 0xde, 0xa4, 
    0x2c, 0xcf, 0x8c, 0x23, 0x02, 0x34, 0x2d, 0x38, 0x38, 0x1d, 0x69, 0x85, 0x97, 0x33, 0xb0, 0x5d, 
    0xa2, 0xeb, 0x2d, 0x02, 0xf8, 0xcb, 0xeb, 0x64, 0x31, 0xe9, 0xb1, 0xd4, 0x3e, 0x77, 0x74, 0x91, 
    0x62, 0xb9, 0x5d, 0x1a, 0x64, 0xd3, 0xe0, 0x34, 0x25, 0xae, 0xc7, 0x6e, 0xf3, 0xf4, 0x70, 0x95, 
    0x54, 0xe2, 0xf4, 0x68, 0x47, 0xad, 0xc8, 0x47, 0x1f, 0xfc, 0x56, 0xfd, 0xca, 0x66, 0xcc, 0xcf, 
    0xcf, 0xcb, 0x1f, 0xff, 0xfc, 0x17, 0x78, 0x82, 0xd3, 0xe4, 0x91, 0x6c, 0xf7, 0x6b, 0xb2, 0x34, 
    0x39, 0x22, 0xb1, 0x78, 0x1c, 0x35, 0x38, 0x70, 0x0e, 0xb3, 0xd0, 0x9c, 0x7d, 0x6e, 0xb7, 0x5b, 
    0x02, 0xdb, 0x77, 0x81, 0x40, 0xb7, 0xa5, 0xf6, 0x25, 0x97, 0x67, 0xd5, 0x30, 0xe3, 0xd1, 0xbc, 
    0x87, 0xac, 0x4c, 0x73, 0x2c, 0x11, 0xa8, 0xa6, 0x2c, 0x92, 0xfc, 0x2a, 0x93, 0xc0, 0xdf, 0x7d, 
    0xf8, 0x81, 0xf8, 0xfd, 0x7e, 0x78, 0xeb, 0xc8, 0x6c, 0x60, 0x4d, 0xc0, 0x25, 0x95, 0x5a, 0x58, 
    0x86, 0xc6, 0x9e, 0xa0, 0x06, 0xd0, 0xa4, 0x77, 0x70, 0x3a, 0x7a, 0x08, 0x9e, 0x6d, 0xec, 0xad, 
    0xf1, 0xdd, 0x16, 0x5d, 0xba, 0xe0, 0x4a, 0x63, 0x6d, 0xbd, 0xcc, 0x4b, 0xb1, 0x2c, 0x24, 0x5d, 
    0x96, 0xda, 0x97, 0x26, 0x50, 0x13, 0xd7, 0x59, 0x2b, 0x53, 0x9b, 0xac, 0x08, 0x4c, 0xf8, 0xcb, 
    0xc4, 0x7c, 0x0a, 0x9f, 0x3e, 0x75, 0x12, 0x63, 0xcc, 0x49, 0x78, 0xeb, 0xe0, 0x18, 0xf3, 0xf5, 
    0x37, 0xd7, 0xe0, 0x19, 0xa7, 0x48, 0x67, 0x5d, 0x95, 0xb4, 0x56, 0x95, 0xc8, 0xd5, 0x5b, 0x37, 
    0x24, 0x9e, 0xce, 0x42, 0xb1, 0xd6, 0xd8, 0x57, 0x21, 0xdd, 0x26, 0xb8, 0xe2, 0x41, 0xf6, 0x1d, 
    0xe8, 0xf8, 0x89, 0x3c, 0x5b, 0x0c, 0xcb, 0xd8, 0xfc, 0x8a, 0xa5, 0xf6, 0xe1, 0xf4, 0x15, 0x77, 
    0x64, 0xc1, 0x72, 0x9b, 0xac, 0x11, 0xc8, 0xe9, 0x4b, 0x3c, 0x39, 0x92, 0x39, 0x48, 0x13, 0x1c, 
    0x67, 0x3a, 0xda, 0xdb, 0xe0, 0x89, 0xdc, 0xed, 0xef, 0x5f, 0x6b, 0x1c, 0x07, 0x68, 0x4a, 0x4f, 
    0x47, 0x93, 0x94, 0xfa, 0x3c, 0x72, 0x77, 0xe8, 0xa1, 0x3c, 0x9f, 0x9e, 0xc2, 0x12, 0x1e, 0x5c, 
    0xcb, 0xea, 0xca, 0x67, 0x06, 0x67, 0x04, 0xba, 0xe8, 0x3d, 0x02, 0x54, 0x57, 0x6e, 0x97, 0xd6, 
    0x86, 0x26, 0x59, 0x8c, 0xc6, 0xe5, 0xce, 0xc4, 0xac, 0xa5, 0xf6, 0xf1, 0x22, 0xc2, 0x8b, 0x5c, 
    0xd1, 0xb6, 0xe2, 0x4a, 0x2b, 0x73, 0x42, 0x0d, 0x62, 0x09, 0x38, 0x5d, 0x7a, 0x45, 0x97, 0x83, 
    0x3c, 0x8d, 0x37, 0x3b, 0x4d, 0xd8, 0x51, 0xbe, 0x4d, 0x8e, 0x35, 0xd7, 0x49, 0x32, 0x99, 0x94, 
    0x95, 0x70, 0x58, 0xbe, 0xbe, 0x7d, 0x03, 0x4b, 0x0d, 0x58, 0x1d, 0x73, 0xcc, 0x48, 0x8f, 0xc9, 
    0x70, 0x15, 0x0e, 0xee, 0xdd, 0x2f, 0x3e, 0x8f, 0x57, 0x92, 0xba, 0x2e, 0x83, 0xa1, 0x05, 0x99, 
    0x59, 0x8d, 0x6e, 0xaa, 0x7d, 0x9c, 0xc6, 0xf0, 0xf4, 0x05, 0x1b, 0x7d, 0x18, 0x56, 0xba, 0xb0, 
    0x68, 0xd3, 0xb0, 0x4c, 0xe0, 0xda, 0x80, 0x8d, 0x89, 0x6a, 0x72, 0x5b, 0x1d, 0x6e, 0x31, 0x5d, 
    0x52, 0xb2, 0xbd, 0x4e, 0x89, 0x19, 0xfc, 0x55, 0x29, 0xe5, 0x45, 0x98, 0x42, 0xb4, 0x35, 0x82, 
    0x28, 0x51, 0x04, 0xea, 0xe8, 0x5c, 0xff, 0xf0, 0xa3, 0xf5, 0x2c, 0xd4, 0xe4, 0x73, 0xcc, 0x0b, 
    0x2f, 0x48, 0x16, 0xc0, 0xbc, 0xef, 0x32, 0x76, 0xf7, 0x1e, 0x5c, 0xa9, 0x61, 0xf6, 0x35, 0xee, 
    0x12, 0xee, 0x9f, 0x04, 0xc6, 0x71, 0xac, 0x7b, 0x53, 0x0b, 0xb2, 0x12, 0x8b, 0xab, 0xb6, 0x51, 
    0xcc, 0x60, 0xdb, 0x28, 0x2e, 0x3d, 0x81, 0x89, 0x3e, 0xda, 0xa2, 0x73, 0xa2, 0x6f, 0xfd, 0xc2, 
    0x86, 0x6e, 0x59, 0xc7, 0xde, 0x6a, 0xdf, 0x1c, 0x4c, 0x39, 0x49, 0x2c, 0xab, 0x6b, 0x95, 0xd0, 
    0x72, 0x18, 0x21, 0xb2, 0x29, 0xe3, 0x56, 0xa9, 0xa1, 0xa2, 0x54, 0x0e, 0x37, 0xd7, 0xe3, 0x06, 
    0x9e, 0xed, 0x4b, 0xae, 0x11, 0xb8, 0xb0, 0xbc, 0x24, 0xd7, 0xef, 0xf6, 0x61, 0x0d, 0x03, 0x9a, 
    0xc7, 0xd5, 0x6a, 0xf5, 0x2e, 0x20, 0x3d, 0x9c, 0xc0, 0x55, 0x78, 0xbb, 0x7d, 0x9f, 0x14, 0x21, 
    0xd3, 0xb8, 0x7f, 0x12, 0x48, 0x1b, 0x4b, 0x24, 0x65, 0x78, 0x76, 0x59, 0xe6, 0xc2, 0xc6, 0xfc, 
    0x33, 0xb3, 0x7d, 0x45, 0x2e, 0x5d, 0x12, 0x0b, 0x13, 0x6c, 0x1c, 0x88, 0xd0, 0x46, 0x31, 0x9c, 
    0xb4, 0x88, 0x45, 0xa0, 0x6b, 0xd6, 0x81, 0x7b, 0xcd, 0x8b, 0xba, 0xc8, 0xc7, 0x70, 0x65, 0x5b, 
    0x71, 0x89, 0x9c, 0x3c, 0x76, 0x42, 0x9e, 0x84, 0x66, 0xe5, 0xc5, 0xd2, 0x0a, 0x1a, 0x23, 0x52, 
    0x51, 0xec, 0x97, 0x06, 0x9c, 0xb6, 0x65, 0x45, 0x7e, 0x45, 0x1a, 0xc5, 0x4c, 0x20, 0xe5, 0xc6, 
    0x83, 0x7b, 0x32, 0xbb, 0x30, 0x8f, 0x3d, 0xa0, 0x11, 0x59, 0x64, 0xa1, 0x39, 0xfb, 0xca, 0x4a, 
    0x4a, 0x65, 0xdf, 0xee, 0x76, 0xe1, 0x7e, 0x29, 0x69, 0x02, 0x93, 0x49, 0x08, 0xec, 0x0a, 0xc6, 
    0xc4, 0xd9, 0x70, 0x4c, 0x56, 0xe2, 0x09, 0x55, 0x1f, 0x70, 0xbb, 0x64, 0x9b, 0xc7, 0x25, 0x93, 
    0x53, 0x4f, 0x30, 0xad, 0x8a, 0x61, 0x0f, 0x68, 0x83, 0xc8, 0x27, 0xb8, 0x57, 0xbf, 0x28, 0x16, 
    0x81, 0xed, 0xac, 0x43, 0x3d, 0x48, 0x58, 0x5a, 0x09, 0x0a, 0xb3, 0x10, 0x38, 0xde, 0xd5, 0x2d, 
    0xcd, 0x0d, 0x8d, 0x68, 0x70, 0x8a, 0x24, 0x08, 0x2d, 0x1b, 0xaf, 0x2c, 0x24, 0x5d, 0xc7, 0x0e, 
    0x50, 0x66, 0x16, 0x16, 0xe4, 0xe6, 0x83, 0x7e, 0x6c, 0xad, 0x30, 0x87, 0xc1, 0xbb, 0x75, 0xb3, 
    0x83, 0x77, 0xea, 0xf8, 0x23, 0x70, 0x2b, 0x20, 0xf2, 0x93, 0xdd, 0x1d, 0x52, 0x5a, 0xb2, 0x4d, 
    0xed, 0x97, 0xc2, 0xe3, 0x2a, 0x9b, 0x22, 0x50, 0x4f, 0x59, 0x25, 0xf0, 0x31, 0x04, 0xc9, 0xfc, 
    0xe2, 0xbc, 0x4c, 0xce, 0x4c, 0x62, 0x6b, 0x85, 0x79, 0x1c, 0xbf, 0x65, 0xb3, 0xc7, 0x37, 0x23, 
    0x2b, 0x02, 0x09, 0x73, 0x16, 0x96, 0x14, 0x17, 0xcb, 0x2f, 0x7a, 0xce, 0xa1, 0x71, 0x29, 0x92, 
    0x20, 0xb4, 0x46, 0x83, 0x61, 0x21, 0xe9, 0x3a, 0x76, 0x4c, 0x09, 0xb6, 0xfb, 0xcf, 0xdd, 0x3e, 
    0x59, 0x5c, 0x59, 0x86, 0xa7, 0x1a, 0xb2, 0xe9, 0x0c, 0xd8, 0x70, 0xec, 0xa2, 0x62, 0x79, 0xbb, 
    0xad, 0x53, 0x74, 0xf8, 0x6a, 0xbf, 0x10, 0x1e, 0x57, 0x59, 0x90, 0xa5, 0xfc, 0x94, 0x55, 0x02, 
    0x9f, 0x04, 0x8e, 0x3c, 0x1b, 0xb1, 0x9d, 0x7d, 0x04, 0xb6, 0xcd, 0x0e, 0xa9, 0x2c, 0x08, 0x4a, 
    0x2a, 0x0b, 0x8f, 0x1d, 0xe8, 0x5a, 0xcb, 0xc2, 0x34, 0x59, 0x46, 0x83, 0x61, 0x21, 0xe9, 0x3a, 
    0x76, 0x4c, 0x09, 0xb6, 0x19, 0xc7, 0x85, 0xe4, 0xde, 0xe3, 0x21, 0x78, 0x0a, 0x9b, 0xca, 0xc2, 
    0xd4, 0x71, 0x47, 0xe0, 0x56, 0x40, 0x64, 0x4f, 0x53, 0x8b, 0xd4, 0x54, 0x54, 0xa9, 0xfd, 0xa9, 
    0xfd, 0x42, 0x78, 0x5c, 0x65, 0x41, 0x96, 0xf2, 0x53, 0x56, 0x09, 0xfc, 0xf9, 0xa5, 0x39, 0x99, 
    0x08, 0x61, 0xec, 0x33, 0x90, 0x75, 0xf6, 0x11, 0x59, 0x13, 0x48, 0x6c, 0xc8, 0x04, 0x64, 0xe1, 
    0xcf, 0xcf, 0x9c, 0x45, 0x03, 0x41, 0x12, 0x84, 0xd6, 0x68, 0x30, 0x2c, 0x24, 0x5d, 0xc7, 0x8e, 
    0x29, 0xc1, 0x36, 0x54, 0xdf, 0xf4, 0xdd, 0x94, 0x70, 0x24, 0x82, 0x00, 0x8d, 0xd9, 0xc4, 0x55, 
    0x70, 0x6d, 0x16, 0x00, 0xf8, 0x7d, 0x7e, 0x39, 0xd4, 0xb9, 0x5f, 0xed, 0x07, 0x45, 0xd4, 0x7e, 
    0x21, 0x3c, 0xae, 0xb2, 0x20, 0x4b, 0xf9, 0x29, 0xab, 0x04, 0xfe, 0xe3, 0xa7, 0xc3, 0x39, 0xc9, 
    0x3e, 0x02, 0xdb, 0x67, 0x8f, 0x54, 0x36, 0x04, 0x25, 0x95, 0x85, 0x27, 0xba, 0x8f, 0xc8, 0x8e, 
    0xea, 0x1a, 0x34, 0xd8, 0x20, 0xcb, 0x68, 0x30, 0x2c, 0x24, 0x5d, 0xc7, 0x8e, 0x29, 0xc1, 0xfa, 
    0x54, 0xcf, 0x43, 0x53, 0x72, 0x3f, 0x9d, 0x85, 0x9b, 0x78, 0xc8, 0x60, 0x7e, 0x68, 0xd0, 0xd6, 
    0xd4, 0x82, 0xc9, 0x73, 0x95, 0xda, 0x0f, 0x0a, 0xaa, 0x75, 0x25, 0x3c, 0xae, 0xb2, 0x20, 0x4b, 
    0xf9, 0x29, 0x4b, 0x99, 0x5b, 0x98, 0x93, 0xf1, 0xd0, 0x38, 0xd6, 0x56, 0xb0, 0x95, 0x7d, 0x84, 
    0x06, 0xb1, 0x05, 0x73, 0x16, 0xd6, 0x56, 0x6d, 0x97, 0xd3, 0x47, 0x8e, 0xa1, 0xc1, 0x06, 0x59, 
    0x6c, 0xb0, 0xb2, 0x90, 0x74, 0x1d, 0x3b, 0xa6, 0x04, 0xeb, 0x53, 0xc5, 0x12, 0x71, 0xb9, 0xd6, 
    0x77, 0x6b, 0xfd, 0xf6, 0xee, 0x35, 0x59, 0x68, 0xce, 0x3e, 0xde, 0xb6, 0x75, 0x77, 0xbe, 0x2d, 
    0x2e, 0x5c, 0x51, 0xb9, 0x1f, 0x14, 0x51, 0xfb, 0x85, 0xf0, 0xb8, 0xca, 0xa6, 0x88, 0x33, 0x13, 
    0x38, 0xfa, 0x7c, 0x14, 0x93, 0x79, 0xcc, 0x16, 0x00, 0x74, 0xde, 0x56, 0xf6, 0x11, 0xd8, 0x87, 
    0x3d, 0x64, 0x66, 0xe1, 0x99, 0xa3, 0xef, 0x48, 0x75, 0x79, 0x05, 0x1a, 0x0f, 0xc2, 0xd0, 0x60, 
    0x65, 0x21, 0xdf, 0x47, 0x20, 0xbd, 0xc7, 0xcf, 0x9e, 0x62, 0x50, 0x1f, 0x43, 0x05, 0xf0, 0x9a, 
    0x87, 0x0c, 0xb8, 0x0b, 0x5a, 0x7b, 0x68, 0xd0, 0x54, 0xdf, 0x20, 0x3b, 0x6b, 0x77, 0x20, 0x54, 
    0x3b, 0x61, 0x31, 0xf6, 0x0b, 0xe1, 0x71, 0x95, 0x4d, 0x11, 0x97, 0x26, 0x70, 0x69, 0x75, 0x59, 
    0x11, 0x98, 0x82, 0xed, 0xec, 0x23, 0x34, 0x88, 0x6d, 0xe0, 0xb4, 0xba, 0x84, 0x16, 0x7f, 0x00, 
    0x57, 0x6a, 0x98, 0x85, 0x38, 0x95, 0x49, 0x16, 0x1b, 0xad, 0x2c, 0xe4, 0x75, 0x04, 0xc6, 0x30, 
    0x3f, 0xfb, 0xf6, 0x8e, 0x29, 0x0b, 0xe5, 0xe5, 0x1b, 0xfa, 0x8d, 0x0f, 0x0d, 0x3c, 0xd2, 0xbd, 
    0xef, 0x2d, 0x71, 0xbb, 0xdc, 0xc2, 0xed, 0x53, 0xc5, 0xd8, 0x2f, 0x84, 0xc7, 0x55, 0x36, 0x45, 
    0x5c, 0x9a, 0xc0, 0x20, 0xc8, 0x5b, 0x06, 0x89, 0x04, 0x3a, 0xfe, 0x89, 0xdd, 0xec, 0x23, 0xb0, 
    0x1f, 0xfb, 0xc8, 0xbc, 0x2b, 0x38, 0x73, 0xf8, 0xa8, 0x54, 0x31, 0x0b, 0x75, 0x34, 0x1c, 0xa4, 
    0x51, 0x5e, 0x47, 0x20, 0x42, 0x79, 0x30, 0x32, 0x84, 0xb1, 0x69, 0x1a, 0x95, 0x6c, 0xd4, 0xcb, 
    0x0f, 0x19, 0xcc, 0x0f, 0x0d, 0x6a, 0xab, 0xaa, 0x31, 0xfe, 0x35, 0xab, 0xed, 0x74, 0xfc, 0xa5, 
    0x0a, 0x62, 0x44, 0x10, 0x1e, 0x57, 0xd9, 0x14, 0x71, 0x24, 0x70, 0x11, 0xc4, 0x05, 0x9f, 0x05, 
    0x25, 0x8d, 0x6c, 0xee, 0x7e, 0x5e, 0x05, 0x0d, 0x92, 0x13, 0x98, 0xef, 0x0c, 0x6a, 0x30, 0xb0, 
    0x9f, 0x3c, 0x74, 0x58, 0x35, 0x9e, 0xa4, 0x51, 0x7e, 0x88, 0xc0, 0x70, 0x34, 0x2c, 0xdf, 0xf6, 
    0xdd, 0x46, 0xa5, 0x01, 0xf3, 0x43, 0x86, 0xcc, 0x87, 0x06, 0x87, 0xf7, 0x1d, 0x10, 0xbf, 0xcf, 
    0xab, 0xb6, 0xc3, 0xd6, 0x54, 0x2c, 0x88, 0x11, 0x41, 0x78, 0x5c, 0x65, 0x41, 0x9c, 0xf2, 0x61, 
    0x1f, 0x83, 0xbc, 0xb5, 0xec, 0xcb, 0xe2, 0xce, 0xe7, 0xfb, 0x90, 0x3b, 0x02, 0x33, 0xb2, 0xf0, 
    0x14, 0x4e, 0x63, 0x95, 0x85, 0x20, 0x8d, 0xf2, 0x43, 0x04, 0xd2, 0xbb, 0x3f, 0x32, 0x8c, 0xf9, 
    0x59, 0x2a, 0x0b, 0x4d, 0x9d, 0x34, 0xff, 0x38, 0x46, 0xf6, 0xb5, 0x08, 0xd7, 0x47, 0x1d, 0x35, 
    0x15, 0x0b, 0x62, 0x44, 0x10, 0x45, 0x1a, 0x24, 0x4d, 0xe0, 0xd2, 0xf2, 0x32, 0x08, 0x1c, 0xc1, 
    0x1a, 0x06, 0x72, 0x95, 0x7d, 0x44, 0xce, 0x08, 0x24, 0xcc, 0x1d, 0xe5, 0xf4, 0xe2, 0x44, 0x57, 
    0x37, 0x3a, 0x91, 0x22, 0x0e, 0xa2, 0x2c, 0x56, 0x50, 0x82, 0x75, 0xa8, 0xe8, 0x21, 0x04, 0x70, 
    0x9a, 0x2d, 0xaf, 0xc8, 0x77, 0xf7, 0xef, 0xc0, 0x37, 0xc0, 0x8e, 0xc2, 0x88, 0xf9, 0x87, 0xe9, 
    0xc2, 0x23, 0xab, 0xe2, 0x40, 0x11, 0x3c, 0x63, 0x3b, 0x68, 0x2a, 0x16, 0xc4, 0x88, 0x20, 0x24, 
    0x4d, 0xd9, 0x14, 0x81, 0x8f, 0xc7, 0x46, 0xd4, 0x05, 0x84, 0x30, 0xff, 0x30, 0xb9, 0x80, 0x06, 
    0xc9, 0x19, 0x32, 0xb3, 0x90, 0xa7, 0x71, 0x65, 0x59, 0x39, 0x3a, 0x02, 0xe2, 0x20, 0xca, 0xea, 
    0x46, 0xe7, 0x74, 0x2c, 0xa7, 0xa2, 0x87, 0x10, 0x30, 0xec, 0xed, 0xc1, 0xfb, 0x32, 0xb7, 0xb8, 
    0x80, 0x18, 0x8d, 0x43, 0x67, 0x61, 0x58, 0xff, 0x1e, 0x8c, 0x94, 0x6f, 0x2b, 0x93, 0xb7, 0xda, 
    0x3a, 0x18, 0x03, 0xc6, 0xfa, 0xd0, 0x54, 0x2c, 0x88, 0x11, 0x41, 0x48, 0x9a, 0xb2, 0x20, 0x70, 
    0x71, 0x65, 0x49, 0x86, 0x41, 0x60, 0x1a, 0xfc, 0x51, 0x72, 0x95, 0x7d, 0x84, 0x06, 0xc9, 0x29, 
    0xcc, 0x59, 0x58, 0x8f, 0x49, 0xf5, 0x91, 0xfd, 0x6f, 0xa3, 0x23, 0x20, 0x0e, 0xa2, 0x2c, 0x16, 
    0x2a, 0xc1, 0x72, 0x2a, 0x7a, 0x08, 0x01, 0xc3, 0xce, 0x82, 0xbc, 0x5e, 0x90, 0x98, 0xc2, 0x1c, 
    0x84, 0xa8, 0x80, 0xa8, 0x7b, 0xde, 0xb2, 0x6d, 0x7c, 0x68, 0x80, 0x20, 0xb5, 0x3e, 0x34, 0x15, 
    0x0b, 0x62, 0x44, 0x10, 0x33, 0x81, 0x43, 0x63, 0x8f, 0x65, 0x29, 0x7d, 0xbf, 0x8d, 0x1f, 0x24, 
    0x97, 0xd9, 0x47, 0xe4, 0x9e, 0xc0, 0x8c, 0x2c, 0x3c, 0xf7, 0xce, 0x09, 0x0c, 0xf8, 0xbe, 0x4d, 
    0x13, 0x08, 0x2d, 0x37, 0xee, 0xf7, 0xaf, 0x75, 0x3a, 0x0d, 0x3e, 0x34, 0x38, 0x84, 0xd3, 0x97, 
    0xcb, 0xb9, 0x9e, 0x5a, 0x13, 0x16, 0x9a, 0x8a, 0x05, 0x31, 0x22, 0x48, 0x9a, 0xc0, 0x70, 0x24, 
    0x8a, 0xbb, 0x9c, 0x01, 0x2c, 0x31, 0x90, 0xeb, 0xec, 0x23, 0x72, 0x4e, 0x20, 0x61, 0xce, 0xc2, 
    0xa6, 0xfa, 0x1d, 0x78, 0xd8, 0xb9, 0xd7, 0x12, 0x81, 0x13, 0xa1, 0x90, 0x0c, 0x04, 0x87, 0x51, 
    0xb7, 0x8e, 0x8e, 0xe6, 0x56, 0xa9, 0xad, 0xac, 0xc6, 0x52, 0xfc, 0x61, 0x3d, 0xb5, 0x26, 0x2c, 
    0x34, 0x15, 0x0b, 0x62, 0x44, 0x90, 0x34, 0x81, 0xc1, 0xe7, 0x63, 0x32, 0x33, 0x3f, 0x8b, 0x25, 
    0xe8, 0x68, 0x1e, 0xb2, 0x8f, 0xc8, 0x0f, 0x81, 0x19, 0x59, 0x78, 0xf6, 0xd8, 0x71, 0x09, 0x78, 
    0x7d, 0x9b, 0x26, 0x90, 0xe5, 0x7a, 0x7f, 0x2f, 0x32, 0x28, 0x82, 0x7a, 0x91, 0x00, 0x1e, 0x1a, 
    0x1c, 0xd9, 0x8f, 0x37, 0x6c, 0xa8, 0xe7, 0x72, 0xae, 0xa7, 0x3c, 0x58, 0x68, 0x2a, 0x16, 0xc4, 
    0x88, 0x20, 0x24, 0x30, 0x12, 0x8d, 0x4a, 0xff, 0xd0, 0x03, 0xd4, 0x1a, 0xc8, 0x47, 0xf6, 0x11, 
    0x79, 0x21, 0x90, 0xc0, 0xc4, 0xf7, 0x0a, 0xba, 0xf3, 0x2e, 0x5c, 0xd9, 0x59, 0x57, 0x8f, 0xf1, 
    0xab, 0xc3, 0x12, 0x81, 0xe3, 0x2f, 0x42, 0x32, 0x98, 0xca, 0x42, 0x95, 0x7d, 0x98, 0xbe, 0xb0, 
    0x9e, 0xcb, 0xb9, 0x9e, 0xf2, 0x60, 0xa1, 0xa9, 0x58, 0x10, 0x23, 0x82, 0x90, 0x40, 0x66, 0xdf, 
    0x8b, 0xb9, 0x19, 0xd4, 0x12, 0xda, 0x17, 0x83, 0xa1, 0xc8, 0x79, 0x38, 0x39, 0x47, 0x1e, 0x09, 
    0x5c, 0xbf, 0xf5, 0x22, 0x7a, 0xf0, 0x90, 0xc1, 0xef, 0xc5, 0x58, 0x88, 0xce, 0x29, 0x41, 0x1d, 
    0x15, 0x3d, 0x84, 0x80, 0x61, 0xa1, 0xa9, 0xf0, 0x90, 0x21, 0x81, 0x07, 0xae, 0xbd, 0xa8, 0x17, 
    0x39, 0x8a, 0xec, 0xe3, 0x17, 0x07, 0xac, 0xe7, 0x72, 0xae, 0xa7, 0x3c, 0x58, 0x68, 0x2a, 0x16, 
    0xc4, 0x88, 0x20, 0xe1, 0x68, 0x44, 0xee, 0x3e, 0x32, 0x65, 0x9f, 0xb8, 0xce, 0x66, 0xde, 0x1a, 
    0xe6, 0x0a, 0x79, 0x23, 0x90, 0x30, 0x67, 0x61, 0x63, 0x6d, 0x9d, 0xbc, 0xb5, 0xa7, 0x5d, 0x75, 
    0x50, 0x09, 0xea, 0xa8, 0xe8, 0x21, 0x04, 0x0c, 0x0b, 0x4d, 0xc5, 0x82, 0x2c, 0x7a, 0x0a, 0x2d, 
    0xb2, 0x0b, 0x0f, 0x0e, 0x18, 0x53, 0x71, 0x39, 0xd7, 0x53, 0x1e, 0x2c, 0x34, 0x15, 0x0b, 0x62, 
    0x44, 0x90, 0xc7, 0xcf, 0x9e, 0xac, 0x65, 0x1f, 0x6e, 0x0b, 0xaf, 0xe2, 0xb6, 0xb0, 0x47, 0xf2, 
    0x84, 0x3c, 0x13, 0xb8, 0x31, 0x0b, 0xcf, 0x74, 0x1f, 0xc5, 0x78, 0x96, 0xca, 0x42, 0xc4, 0x54, 
    0xf4, 0x10, 0x02, 0x86, 0x85, 0xa6, 0x62, 0xc1, 0x43, 0x86, 0x38, 0xb4, 0xe0, 0xa1, 0x81, 0x4b, 
    0xc5, 0x54, 0x5c, 0xce, 0xf5, 0x94, 0x07, 0x0b, 0x4d, 0xc5, 0x82, 0x98, 0x63, 0x5f, 0x44, 0xfa, 
    0x1e, 0xae, 0x4d, 0x83, 0xd0, 0xc1, 0xfc, 0x65, 0x1f, 0x91, 0x57, 0x02, 0x89, 0xcc, 0x2c, 0xdc, 
    0xbf, 0xbb, 0x4d, 0x75, 0x54, 0x47, 0x4c, 0x45, 0x0f, 0x21, 0x60, 0x58, 0x68, 0x2a, 0x16, 0xc4, 
    0xd4, 0x86, 0x55, 0x1e, 0x14, 0x3d, 0x84, 0x80, 0x61, 0xa1, 0xa9, 0x58, 0x10, 0x23, 0xfb, 0x9e, 
    0x8e, 0x4a, 0xa8, 0x40, 0xd9, 0x47, 0x14, 0x80, 0xc0, 0x8d, 0x59, 0x78, 0xfa, 0xd0, 0x11, 0x23, 
    0x0b, 0xe1, 0x53, 0x91, 0x00, 0xf4, 0x1b, 0x30, 0x2c, 0x34, 0x15, 0x0b, 0x62, 0x6a, 0xc3, 0x2a, 
    0x0f, 0x8a, 0x1e, 0x42, 0xc0, 0xb0, 0xd0, 0x54, 0x2c, 0x6a, 0xec, 0xeb, 0x1b, 0xbc, 0x07, 0xcf, 
    0x40, 0xbe, 0xb3, 0x8f, 0xc8, 0x3b, 0x81, 0x84, 0x39, 0x0b, 0xf7, 0xec, 0xdc, 0x25, 0xbb, 0x1b, 
    0x77, 0x8a, 0x0e, 0x9f, 0x0a, 0xf5, 0x8a, 0x08, 0xe5, 0xc1, 0x42, 0x53, 0xb1, 0x20, 0xa6, 0x36, 
    0xac, 0xf2, 0xa0, 0xe8, 0x21, 0x04, 0x0c, 0x0b, 0x4d, 0xc5, 0x22, 0xa3, 0x18, 0x33, 0x27, 0x5e, 
    0x4c, 0xc1, 0x63, 0xc7, 0xf2, 0x9f, 0x7d, 0x44, 0x81, 0x08, 0x5c, 0xcf, 0x42, 0xaf, 0xc7, 0x23, 
    0xa7, 0xba, 0x0e, 0x6f, 0xfa, 0xaa, 0x4a, 0xd0, 0x2a, 0x0f, 0x8a, 0x1e, 0x42, 0xc0, 0xb0, 0xd0, 
    0x54, 0x12, 0xc7, 0x55, 0xbb, 0x17, 0xd9, 0x17, 0xc7, 0x2b, 0x02, 0xa2, 0x10, 0xd9, 0x47, 0x14, 
    0x84, 0x40, 0x62, 0x63, 0x16, 0x36, 0x49, 0x6b, 0x63, 0x93, 0xea, 0x38, 0xea, 0x14, 0x11, 0xca, 
    0x83, 0x85, 0xa6, 0x62, 0x41, 0x4c, 0x6d, 0x58, 0xe5, 0x41, 0xd1, 0x43, 0x08, 0x18, 0x16, 0x9a, 
    0x4a, 0x9e, 0x4e, 0x8d, 0xcb, 0xd3, 0x49, 0xe3, 0x65, 0x51, 0xa1, 0xb2, 0x8f, 0x28, 0x1c, 0x81, 
    0xa6, 0x17, 0x42, 0xcc, 0xc2, 0x93, 0xc8, 0x42, 0x4f, 0xea, 0x91, 0x3c, 0x89, 0x20, 0x0b, 0xb4, 
    0xd0, 0x54, 0x2c, 0x88, 0xa9, 0x0d, 0xab, 0x3c, 0x28, 0x7a, 0x08, 0x01, 0xc3, 0x42, 0x4b, 0x22, 
    0x9e, 0xc0, 0x53, 0x9c, 0xf5, 0xec, 0xc3, 0x45, 0xfb, 0xd7, 0x0f, 0xa6, 0xa2, 0x7f, 0x85, 0x9b, 
    0x77, 0x14, 0x8c, 0x40, 0x02, 0x59, 0x18, 0x44, 0x87, 0x9b, 0xe1, 0xca, 0x6e, 0x64, 0xe1, 0xee, 
    0x86, 0x26, 0x41, 0xac, 0x88, 0x90, 0x94, 0x85, 0xa6, 0x62, 0x41, 0x4c, 0x6d, 0x58, 0xe5, 0x41, 
    0xd1, 0x43, 0x08, 0x18, 0x16, 0x5a, 0x65, 0x1e, 0x85, 0x40, 0xf6, 0x8d, 0x22, 0xfb, 0x5a, 0xa4, 
    0x40, 0x28, 0x2c, 0x81, 0x99, 0x59, 0x78, 0x90, 0x63, 0x21, 0xe6, 0x78, 0x3a, 0x2a, 0x40, 0x04, 
    0x2d, 0x34, 0x15, 0x0b, 0x62, 0x6a, 0xc3, 0x2a, 0x0f, 0x8a, 0x1e, 0x42, 0xc0, 0xb0, 0xcc, 0xba, 
    0xdb, 0x03, 0xeb, 0xd9, 0xf7, 0xba, 0xd7, 0xa2, 0xf9, 0x40, 0x41, 0x09, 0x24, 0x36, 0x64, 0x61, 
    0x23, 0xc7, 0x42, 0x5c, 0x91, 0x75, 0x04, 0x82, 0x5a, 0x58, 0x68, 0x2a, 0x16, 0xc4, 0xd4, 0x86, 
    0x55, 0x1e, 0x14, 0x3d, 0x84, 0x80, 0x61, 0xc7, 0x26, 0x9f, 0x6f, 0x59, 0xf6, 0x11, 0x85, 0x27, 
    0x30, 0x23, 0x0b, 0x4f, 0x1c, 0xec, 0xc6, 0x9d, 0x06, 0xae, 0xc8, 0x29, 0x42, 0xa0, 0xa9, 0x58, 
    0x10, 0x53, 0x1b, 0x56, 0x79, 0x50, 0xf4, 0x10, 0x02, 0x3a, 0x5e, 0x83, 0x26, 0xe4, 0xd6, 0x40, 
    0xff, 0x96, 0x65, 0x1f, 0x51, 0x70, 0x02, 0x89, 0xcc, 0x2c, 0x6c, 0x69, 0xd8, 0x09, 0x0f, 0x35, 
    0xba, 0xd2, 0x54, 0x2c, 0x88, 0xa9, 0x0d, 0xab, 0x3c, 0x28, 0x7a, 0x08, 0x01, 0x5d, 0xc6, 0x26, 
    0xc6, 0x55, 0x06, 0x12, 0x5b, 0x91, 0x7d, 0xc4, 0xd6, 0x10, 0x68, 0xca, 0x42, 0x7e, 0x55, 0xfa, 
    0xd3, 0x03, 0xfc, 0x10, 0xc1, 0x20, 0x06, 0x9a, 0x8a, 0x05, 0x31, 0xb5, 0x61, 0x95, 0x07, 0x45, 
    0x0f, 0x21, 0xa0, 0xcb, 0x7f, 0xfb, 0xfb, 0xb6, 0x34, 0xfb, 0x88, 0x2d, 0x21, 0x90, 0x30, 0x67, 
    0xe1, 0xbe, 0xd6, 0x36, 0xd9, 0x51, 0x8d, 0xa7, 0xcd, 0xba, 0x08, 0xea, 0xa8, 0x58, 0x10, 0x53, 
    0x1b, 0x56, 0x79, 0x50, 0xf4, 0x10, 0xca, 0xd4, 0x6c, 0x48, 0x86, 0x9e, 0x04, 0x85, 0xd8, 0xaa, 
    0xec, 0x23, 0xb6, 0x90, 0x40, 0xdf, 0x45, 0xf0, 0xf0, 0x31, 0x5c, 0x5c, 0x48, 0x70, 0x31, 0x69, 
    0x68, 0x54, 0xc4, 0x80, 0x1e, 0x2a, 0x16, 0xc4, 0xd4, 0x86, 0x55, 0x1e, 0x14, 0x3d, 0x84, 0xea, 
    0xd4, 0x1d, 0x9b, 0x48, 0x9f, 0xbe, 0xb9, 0xf9, 0x4c, 0x23, 0x1b, 0xe0, 0xd8, 0x5b, 0x03, 0x87, 
    0x40, 0x9b, 0x70, 0x08, 0xb4, 0x09, 0x87, 0x40, 0x9b, 0x70, 0x08, 0xb4, 0x89, 0x57, 0x11, 0x58, 
    0xc1, 0x37, 0x6f, 0xa2, 0xcb, 0x0c, 0xde, 0x0b, 0xeb, 0xf4, 0xc8, 0x14, 0x40, 0x4b, 0x6f, 0x6e, 
    0x71, 0x15, 0x5a, 0x97, 0xb2, 0x92, 0x22, 0x87, 0x40, 0x87, 0x40, 0x9b, 0x70, 0x08, 0xb4, 0x09, 
    0x87, 0x40, 0x9b, 0x70, 0x08, 0xb4, 0x09, 0x87, 0x40, 0x9b, 0x70, 0x08, 0xb4, 0x09, 0x87, 0x40, 
    0x9b, 0x70, 0x08, 0xcc, 0x12, 0x9d, 0x87, 0x8f, 0xbf, 0x97, 0x14, 0xed, 0xbc, 0x16, 0x0b, 0x77, 
    0x49, 0x22, 0xd6, 0x22, 0x40, 0xc0, 0xef, 0x17, 0x7e, 0x03, 0xd8, 0x52, 0x5f, 0x83, 0x48, 0x24, 
    0x38, 0x31, 0x0d, 0x9a, 0x00, 0x10, 0x67, 0x46, 0x55, 0x32, 0x0c, 0x2d, 0xf2, 0xc2, 0x15, 0x50, 
    0xdf, 0xc0, 0xf0, 0x1b, 0x40, 0x05, 0xb7, 0x37, 0x28, 0x5e, 0x7f, 0x10, 0x9d, 0xb9, 0x3c, 0x70, 
    0xf3, 0xfa, 0xe7, 0xa8, 0x29, 0x18, 0x34, 0x48, 0xc1, 0xd0, 0xd9, 0x7d, 0xfc, 0x42, 0x52, 0xe4, 
    0x33, 0x8f, 0xd7, 0x1b, 0xf7, 0x78, 0x7d, 0x1e, 0x54, 0x6d, 0xc0, 0x9e, 0xba, 0x2a, 0x68, 0x91, 
    0xe1, 0x49, 0xe3, 0xdb, 0x96, 0x4c, 0xd4, 0x47, 0xe7, 0xa0, 0x45, 0x26, 0x7c, 0x15, 0xd0, 0x1b, 
    0x11, 0x0d, 0xaf, 0x26, 0x01, 0xbc, 0xd1, 0x94, 0xf7, 0x07, 0x6e, 0x5d, 0xbf, 0x2c, 0x05, 0x42, 
    0x41, 0x09, 0xdc, 0xdb, 0x7d, 0xfc, 0x8a, 0xdb, 0xeb, 0x3d, 0xd9, 0xb8, 0x67, 0xef, 0x4b, 0xe4, 
    0x11, 0x3b, 0xcb, 0x02, 0xd0, 0x78, 0x49, 0xbe, 0x60, 0x64, 0x5a, 0x26, 0xfc, 0x4f, 0x07, 0xa0, 
    0x45, 0x22, 0x3b, 0x3b, 0xa1, 0x5f, 0xc6, 0xd8, 0xc3, 0xfb, 0x49, 0x9c, 0xee, 0x7f, 0x1f, 0xbc, 
    0xf9, 0xef, 0xf3, 0x08, 0x0b, 0x82, 0x82, 0x13, 0xe8, 0x2f, 0x2e, 0x79, 0xb7, 0x6e, 0x57, 0x2b, 
    0x22, 0x64, 0x64, 0x7b, 0x1b, 0xb4, 0xc8, 0xc0, 0xa3, 0x21, 0x68, 0xeb, 0x04, 0x66, 0x6e, 0x3f, 
    0xf9, 0x64, 0x44, 0x22, 0x2b, 0xcb, 0x57, 0x07, 0x6f, 0x5d, 0xef, 0x91, 0x02, 0x41, 0x83, 0x14, 
    0x0c, 0x66, 0x02, 0x3b, 0x3b, 0xda, 0xe4, 0xdc, 0x99, 0xd3, 0xa8, 0x15, 0xf9, 0xf2, 0x5f, 0x5f, 
    0xcb, 0xc0, 0xc3, 0x21, 0x4b, 0x04, 0xbe, 0x6a, 0x7b, 0x87, 0x40, 0x87, 0xc0, 0xd7, 0xc3, 0x4c, 
    0x20, 0x41, 0x12, 0x08, 0x76, 0x9e, 0xb0, 0x42, 0x20, 0x91, 0xb9, 0xfd, 0x1b, 0x41, 0x20, 0x2e, 
    0x22, 0xa7, 0x71, 0x11, 0xc1, 0xc5, 0xf2, 0x65, 0x58, 0x25, 0x30, 0x13, 0x3f, 0xfa, 0x8b, 0x48, 
    0x7a, 0x1a, 0xe3, 0x72, 0xb9, 0x92, 0xbe, 0x40, 0xd1, 0x4b, 0x24, 0xda, 0x99, 0xc6, 0xc4, 0x63, 
    0xd1, 0x78, 0x3c, 0x16, 0xf3, 0x60, 0x1e, 0x73, 0x76, 0xe0, 0xc6, 0xf5, 0x2b, 0x52, 0x20, 0x14, 
    0x94, 0x40, 0x82, 0x24, 0xea, 0x9a, 0x76, 0x5e, 0x62, 0xe1, 0x83, 0xaf, 0x9a, 0x48, 0x73, 0xea, 
    0x1c, 0x1c, 0x37, 0xfe, 0xc9, 0x2b, 0x66, 0xd2, 0x10, 0x03, 0xf4, 0xb6, 0xa7, 0x27, 0xd2, 0x1a, 
    0x26, 0xd2, 0xb1, 0xcc, 0x89, 0x74, 0xa0, 0x4f, 0xd3, 0xf4, 0x4b, 0x85, 0x24, 0x8f, 0x28, 0x38, 
    0x81, 0x69, 0x38, 0xb7, 0x72, 0x36, 0xe1, 0x10, 0x68, 0x13, 0x0e, 0x81, 0x36, 0xe1, 0x10, 0x68, 
    0x13, 0x0e, 0x81, 0x36, 0xe1, 0x10, 0x68, 0x13, 0x0e, 0x81, 0x36, 0xe1, 0x10, 0x68, 0x13, 0x0e, 
    0x81, 0x36, 0xe1, 0x10, 0x68, 0x13, 0x0e, 0x81, 0x36, 0xe1, 0x10, 0x68, 0x13, 0x0e, 0x81, 0x36, 
    0xe1, 0x10, 0x68, 0x13, 0x0e, 0x81, 0x36, 0xe1, 0x10, 0x68, 0x13, 0x0e, 0x81, 0x36, 0xe1, 0x10, 
    0x68, 0x13, 0x0e, 0x81, 0x36, 0xe1, 0x10, 0x98, 0x25, 0x9c, 0xaf, 0xb3, 0x6c, 0x80, 0x6f, 0xe4, 
    0x92, 0x78, 0xad, 0x99, 0x8f, 0xaf, 0xb3, 0xd6, 0x5e, 0x6b, 0x3a, 0x5f, 0x67, 0x65, 0xff, 0x62, 
    0xfd, 0xd9, 0xf0, 0x60, 0x3c, 0x11, 0x8f, 0xff, 0xe3, 0x47, 0xfb, 0x62, 0x9d, 0x04, 0x9a, 0x3f, 
    0xed, 0xc8, 0x84, 0x5d, 0x02, 0xdf, 0x88, 0x4f, 0x3b, 0x1c, 0x02, 0x6d, 0xc0, 0x21, 0xd0, 0x26, 
    0x1c, 0x02, 0x6d, 0x82, 0x04, 0xe2, 0x22, 0xe2, 0x7c, 0x9d, 0x95, 0x2d, 0xf2, 0x39, 0x8d, 0x79, 
    0x23, 0x3e, 0x32, 0x27, 0x48, 0x62, 0x5e, 0xbe, 0xce, 0xf2, 0xf8, 0x47, 0xd1, 0x99, 0xcb, 0x85, 
    0x24, 0x8f, 0xc0, 0x31, 0xb7, 0x06, 0xce, 0xad, 0x9c, 0x4d, 0x38, 0x04, 0xda, 0x84, 0x43, 0xa0, 
    0x4d, 0x38, 0x04, 0xda, 0x84, 0x43, 0xa0, 0x4d, 0x38, 0x04, 0xda, 0xc4, 0xab, 0x08, 0x04, 0x4f, 
    0xa2, 0xa8, 0x32, 0x0a, 0x62, 0x6a, 0xc3, 0x2a, 0x0f, 0x8a, 0x1e, 0x42, 0x87, 0x40, 0x87, 0x40, 
    0x9b, 0x70, 0x08, 0xb4, 0x09, 0x33, 0x81, 0xfc, 0x8f, 0xab, 0x2a, 0x4a, 0x4b, 0xc9, 0x0e, 0xcb, 
    0x1a, 0x48, 0x5c, 0x1a, 0xca, 0x4b, 0x29, 0x9a, 0x85, 0xa5, 0x45, 0x99, 0x87, 0x10, 0xe8, 0xc4, 
    0x9b, 0x4d, 0xa0, 0x5d, 0xa0, 0x13, 0x5b, 0x46, 0xe0, 0xff, 0x00, 0x75, 0x10, 0x8a, 0x78, 0x1e, 
    0xea, 0x2e, 0xce, 0x00, 0x00, 0x00, 0x00, 0x49, 0x45, 0x4e, 0x44, 0xae, 0x42, 0x60, 0x82, 
};

static const uint8_t ASSET_SLINGSHOT_POUCH_PNG[] = {
    0x89, 0x50, 0x4e, 0x47, 0x0d, 0x0a, 0x1a, 0x0a, 0x00, 0x00, 0x00, 0x0d, 0x49, 0x48, 0x44, 0x52, 
    0x00, 0x00, 0x00, 0x24, 0x00, 0x00, 0x00, 0x24, 0x08, 0x06, 0x00, 0x00, 0x00, 0xe1, 0x00, 0x98, 
    0x98, 0x00, 0x00, 0x05, 0xd1, 0x49, 0x44, 0x41, 0x54, 0x78, 0x9c, 0xed, 0x97, 0x6d, 0x73, 0x13, 
    0x55, 0x14, 0xc7, 0xff, 0xd9, 0x26, 0x7d, 0x22, 0x6d, 0x93, 0xa1, 0xa1, 0xd0, 0x22, 0x06, 0x0c, 
    0x1d, 0x10, 0xc4, 0x22, 0x45, 0x50, 0x90, 0x16, 0x06, 0x4a, 0xeb, 0x80, 0x2d, 0xc3, 0x8c, 0xbe, 
    0x14, 0xbf, 0x81, 0x7e, 0x12, 0xfd, 0x06, 0xe2, 0x7b, 0xc0, 0x4a, 0x41, 0x87, 0xf1, 0x09, 0x50, 
    0x50, 0x78, 0x43, 0x71, 0xc6, 0x8a, 0x13, 0xa4, 0xa1, 0x98, 0xf2, 0x50, 0x1e, 0x92, 0x36, 0x24, 
    0x6d, 0x92, 0xdd, 0xf5, 0x7f, 0xce, 0x66, 0x9b, 0x04, 0x4a, 0xd3, 0x41, 0x1d, 0x7d, 0xd1, 0xd3, 
    0xfd, 0xef, 0xb9, 0xe7, 0xee, 0xcd, 0x3d, 0xbf, 0xbd, 0xf7, 0xee, 0xee, 0xad, 0x07, 0xff, 0x33, 
    0x5b, 0x04, 0xaa, 0x64, 0x8b, 0x40, 0x95, 0xec, 0x99, 0x40, 0xe1, 0x00, 0x02, 0x79, 0x0b, 0xef, 
    0xdb, 0x16, 0x06, 0xe0, 0x41, 0x87, 0x6d, 0x23, 0xc0, 0xea, 0xe7, 0x36, 0x8f, 0x07, 0x09, 0xd8, 
    0x18, 0xf6, 0x18, 0x18, 0xf4, 0x1a, 0xf8, 0x2c, 0x96, 0x40, 0x82, 0xd5, 0x4f, 0xd9, 0x9c, 0x40, 
    0x2b, 0xfd, 0xe8, 0xb6, 0x3c, 0xf8, 0x94, 0x1d, 0x84, 0xf1, 0x6f, 0x98, 0x07, 0x31, 0xc3, 0xc6, 
    0x07, 0x7f, 0xa6, 0x70, 0x16, 0x4f, 0x98, 0x87, 0x2a, 0x33, 0x85, 0x01, 0xbe, 0x67, 0x11, 0xcd, 
    0xc1, 0x20, 0x36, 0xac, 0x89, 0x20, 0xd8, 0xd4, 0x84, 0x1a, 0x9f, 0x8f, 0x77, 0xe9, 0x34, 0xb7, 
    0x29, 0x70, 0xc8, 0x2c, 0x4b, 0x64, 0xa9, 0x4c, 0xcb, 0x84, 0x69, 0xd2, 0x9b, 0xe2, 0x1d, 0xe5, 
    0x35, 0xb6, 0x90, 0xe7, 0xf5, 0x6c, 0x2e, 0x87, 0xa9, 0x74, 0x1a, 0xb7, 0x1f, 0xdc, 0xc3, 0xe3, 
    0xcc, 0x63, 0x76, 0x00, 0x18, 0xc0, 0xee, 0x27, 0xa1, 0x9c, 0x0c, 0x05, 0x0b, 0x73, 0x9a, 0xb2, 
    0x26, 0xae, 0x30, 0x63, 0x78, 0xfd, 0xea, 0x97, 0xb0, 0x31, 0x12, 0xc1, 0xd6, 0xae, 0x3d, 0x0a, 
    0x32, 0x7c, 0xf1, 0x07, 0xf5, 0x9b, 0xdf, 0x7c, 0x8b, 0x97, 0x81, 0x2b, 0x17, 0xce, 0x2b, 0x88, 
    0xc4, 0x16, 0xe1, 0x2e, 0x9f, 0xfd, 0x96, 0x00, 0x26, 0x5e, 0x67, 0x7b, 0xa9, 0x3f, 0x7f, 0xe6, 
    0x2b, 0xc2, 0x98, 0xd8, 0xb9, 0xaf, 0x57, 0xaf, 0x7f, 0x3d, 0x74, 0x92, 0xd7, 0x09, 0x47, 0x09, 
    0xd4, 0x44, 0xe2, 0xbe, 0x64, 0x8f, 0x55, 0x57, 0x61, 0x73, 0xac, 0x64, 0xfa, 0xca, 0x80, 0xda, 
    0x1a, 0xf1, 0x21, 0xd7, 0xcc, 0xc7, 0x21, 0x8e, 0x4c, 0x77, 0xe7, 0x36, 0x54, 0x55, 0x55, 0xa1, 
    0x73, 0x57, 0x37, 0x0c, 0x82, 0xfc, 0x72, 0xe9, 0x02, 0x81, 0x0c, 0x6c, 0xda, 0xbe, 0x83, 0x2d, 
    0xb9, 0x18, 0x2e, 0xfe, 0xa8, 0x89, 0x5f, 0x7d, 0x63, 0x27, 0x6c, 0xfa, 0x4b, 0xe7, 0xbe, 0x83, 
    0x99, 0x37, 0xb1, 0x75, 0xd7, 0x6e, 0x02, 0x38, 0x40, 0x02, 0xb8, 0x73, 0xdf, 0x7e, 0xb6, 0x2b, 
    0x02, 0x09, 0xa4, 0xf8, 0x1b, 0xb7, 0xc7, 0x90, 0x9e, 0x4e, 0x83, 0x5d, 0x7e, 0x14, 0x9f, 0xc4, 
    0x27, 0xec, 0x54, 0xad, 0x1c, 0xc8, 0x8f, 0xb3, 0xbc, 0xfb, 0xae, 0xae, 0x2d, 0x5b, 0xb1, 0x22, 
    0x14, 0x52, 0x20, 0x2f, 0x25, 0xde, 0xa8, 0x32, 0x08, 0xc6, 0x41, 0xe6, 0x2f, 0x78, 0xc3, 0x0a, 
    0x51, 0x3a, 0x4d, 0xf9, 0x7c, 0x9e, 0x89, 0x18, 0x8b, 0x27, 0x58, 0xde, 0x74, 0xbd, 0x88, 0x23, 
    0xc3, 0xb2, 0xb4, 0x75, 0xe3, 0xc9, 0x74, 0x0a, 0x37, 0xef, 0xdc, 0x92, 0xee, 0xce, 0xc5, 0x53, 
    0xe8, 0x46, 0xc1, 0x18, 0x17, 0xad, 0xad, 0x01, 0x8f, 0x98, 0x2c, 0x70, 0x68, 0xcf, 0x5e, 0xd4, 
    0xd5, 0xd6, 0x2a, 0x88, 0xd7, 0xeb, 0x2d, 0x42, 0x19, 0x06, 0x47, 0xc9, 0x43, 0x20, 0xbb, 0x00, 
    0xc3, 0xce, 0x35, 0x91, 0x78, 0x01, 0x10, 0xb1, 0xac, 0x30, 0x22, 0x96, 0x45, 0x72, 0x9d, 0x10, 
    0xa5, 0x3e, 0x97, 0xcd, 0xe3, 0xda, 0xad, 0x28, 0xfb, 0x43, 0x22, 0x3e, 0x85, 0x20, 0xd3, 0xab, 
    0x95, 0x01, 0xb5, 0xfa, 0xc1, 0x7b, 0x07, 0xde, 0xdb, 0xdf, 0xe7, 0x80, 0x78, 0x09, 0x54, 0x25, 
    0x5e, 0x54, 0x84, 0x32, 0x65, 0x74, 0x24, 0x91, 0x24, 0xd5, 0xe4, 0x85, 0xb2, 0xaa, 0xb4, 0x4c, 
    0x31, 0xb9, 0x42, 0x48, 0xbd, 0x5b, 0x2e, 0xf8, 0x91, 0xd8, 0xef, 0xcc, 0x06, 0x8c, 0xa7, 0x8a, 
    0x1c, 0xb3, 0x05, 0xb1, 0xa7, 0x81, 0x44, 0x84, 0x12, 0xaf, 0x60, 0x0e, 0x94, 0xd3, 0x39, 0x93, 
    0x49, 0x42, 0x29, 0xab, 0x77, 0x55, 0x12, 0x6b, 0x1b, 0xc6, 0x4c, 0xae, 0x10, 0xa5, 0x65, 0xfa, 
    0x05, 0x03, 0xbd, 0xdb, 0xd3, 0x87, 0x91, 0x44, 0x96, 0x0d, 0xa7, 0x39, 0xa4, 0x1e, 0xac, 0x0a, 
    0x2c, 0xc1, 0xf6, 0x17, 0x96, 0x12, 0xc6, 0x99, 0x32, 0x79, 0x6a, 0x64, 0x9a, 0x44, 0x9a, 0x44, 
    0x92, 0x8b, 0x34, 0xa6, 0x57, 0x15, 0xca, 0x5a, 0x67, 0x62, 0x2c, 0xef, 0x43, 0xd2, 0x74, 0xd2, 
    0xf9, 0x91, 0x47, 0xe3, 0xf4, 0xe4, 0xc2, 0x81, 0x56, 0x76, 0x74, 0xa3, 0x66, 0x69, 0x0b, 0x7c, 
    0x35, 0x75, 0x8c, 0x80, 0xec, 0x74, 0x06, 0x76, 0xf2, 0x3e, 0x7a, 0x22, 0x21, 0xfe, 0x80, 0x6b, 
    0x88, 0x7f, 0xf2, 0x84, 0xc9, 0x22, 0x75, 0xa0, 0xf2, 0x05, 0x4f, 0xb9, 0xa3, 0xc2, 0x3a, 0x15, 
    0xeb, 0xaf, 0x65, 0x6b, 0xb0, 0xa4, 0xa5, 0xad, 0xac, 0xbf, 0x29, 0x2e, 0xe8, 0x89, 0x91, 0x8b, 
    0x8c, 0x2a, 0x00, 0xd5, 0xb7, 0xb6, 0x63, 0xf9, 0xba, 0xcd, 0xa8, 0xf3, 0x37, 0xe0, 0xf6, 0x68, 
    0x94, 0xb5, 0xc0, 0x8a, 0xd5, 0x6b, 0x91, 0x49, 0x25, 0x79, 0x57, 0x49, 0x6c, 0x59, 0xd1, 0xc4, 
    0x47, 0x8c, 0x40, 0x22, 0x85, 0x72, 0x46, 0x4a, 0xa4, 0x20, 0x04, 0xd2, 0xf5, 0xa5, 0x71, 0x1e, 
    0xa3, 0x33, 0x06, 0x10, 0x5a, 0x35, 0x67, 0x7f, 0x77, 0xae, 0x0d, 0x23, 0x3d, 0x1e, 0x9d, 0x1f, 
    0xa8, 0xa1, 0x7d, 0x1b, 0xda, 0x22, 0xeb, 0x71, 0x77, 0x6c, 0x14, 0xbf, 0xfe, 0x7c, 0x8e, 0xb5, 
    0xc0, 0x86, 0xed, 0x5d, 0x68, 0x59, 0xb5, 0x1a, 0x13, 0xb1, 0xeb, 0x38, 0x10, 0x69, 0xe6, 0xf8, 
    0x08, 0x93, 0x03, 0x24, 0x12, 0x18, 0x57, 0x02, 0x32, 0x0b, 0x44, 0x5d, 0x79, 0xec, 0xc5, 0xf2, 
    0x35, 0xed, 0x73, 0xf6, 0x17, 0x8f, 0x8e, 0x60, 0x2a, 0x7a, 0xf9, 0xf9, 0x81, 0xee, 0xc5, 0xa2, 
    0xe8, 0x0d, 0x07, 0x09, 0xe3, 0x00, 0xd9, 0x7c, 0x01, 0x2a, 0x10, 0x65, 0xb9, 0xd3, 0x47, 0x89, 
    0x17, 0xc9, 0xc2, 0xbd, 0x9a, 0xf1, 0xfd, 0x3d, 0x20, 0x67, 0xca, 0x3a, 0x38, 0xc4, 0x8d, 0x18, 
    0xbf, 0xe1, 0x0c, 0x71, 0xeb, 0x9a, 0xb5, 0x98, 0x4e, 0x25, 0x50, 0x3b, 0xf5, 0x00, 0x2f, 0x07, 
    0xaa, 0x59, 0xe3, 0x00, 0xc9, 0xb4, 0xd9, 0x16, 0x17, 0xb8, 0x00, 0xe9, 0x7b, 0xc9, 0x81, 0x52, 
    0xb1, 0x4e, 0xe2, 0x5b, 0xa6, 0x0f, 0xc6, 0x32, 0x99, 0xb2, 0xf2, 0xfe, 0x32, 0xc9, 0x04, 0xee, 
    0x44, 0xaf, 0x56, 0x9e, 0x32, 0x3a, 0xb4, 0x6d, 0xda, 0x85, 0x9a, 0xe6, 0xe5, 0xa8, 0xae, 0xad, 
    0x67, 0xc4, 0x45, 0x98, 0x49, 0x23, 0xf7, 0xe8, 0x2e, 0xb6, 0x04, 0xbd, 0x8c, 0x68, 0x6c, 0x45, 
    0x14, 0x07, 0x8a, 0x40, 0x32, 0x4a, 0xae, 0x4a, 0x61, 0x5c, 0x1f, 0xf3, 0x34, 0x70, 0x51, 0xb7, 
    0x96, 0xf5, 0xa7, 0x8b, 0xfa, 0xb7, 0x9f, 0x18, 0x55, 0x58, 0xd4, 0x74, 0xd8, 0xc3, 0xef, 0xd8, 
    0x58, 0xce, 0x8b, 0x07, 0x59, 0x0d, 0xb1, 0xac, 0xb6, 0x0a, 0x91, 0x7a, 0x36, 0xe5, 0x23, 0x3f, 
    0x6b, 0x84, 0x51, 0x20, 0x11, 0x13, 0x17, 0xe5, 0x8c, 0xd8, 0xac, 0x08, 0x24, 0xfe, 0x9e, 0x51, 
    0x8f, 0x14, 0x78, 0x43, 0xec, 0xb2, 0xce, 0x9a, 0x81, 0x3f, 0x9d, 0xc4, 0xf5, 0xf8, 0x1f, 0xec, 
    0x68, 0x01, 0x40, 0x5d, 0x1d, 0x9d, 0x30, 0x0c, 0x3e, 0xe0, 0x7c, 0x2b, 0xcb, 0x87, 0x55, 0xde, 
    0x3d, 0x2a, 0x5e, 0x93, 0x13, 0x19, 0xd4, 0x04, 0x48, 0xa4, 0x20, 0xea, 0x45, 0x2c, 0xd3, 0x0b, 
    0x84, 0x23, 0x96, 0x0b, 0x50, 0x8e, 0x37, 0xf9, 0x1b, 0xfe, 0x98, 0xb6, 0x60, 0xa0, 0x1d, 0xaf, 
    0xbc, 0xe6, 0x00, 0x11, 0xc2, 0x01, 0x62, 0x25, 0x4f, 0xe2, 0x5c, 0x93, 0x86, 0x02, 0xc3, 0x83, 
    0x22, 0x88, 0x88, 0x49, 0x05, 0x46, 0x24, 0x00, 0x12, 0x8b, 0x2f, 0x85, 0x92, 0xb6, 0xae, 0x55, 
    0x04, 0xe2, 0xc7, 0x35, 0xc1, 0xf6, 0x4d, 0x9d, 0xeb, 0x36, 0xea, 0xa7, 0xc2, 0x85, 0xd2, 0xbf, 
    0xb2, 0x96, 0x8e, 0x49, 0xe7, 0x3c, 0x28, 0x42, 0xb8, 0x62, 0x72, 0x01, 0x91, 0xb2, 0x00, 0xe8, 
    0xd3, 0xc7, 0x3a, 0x29, 0x4b, 0x3b, 0xd7, 0x64, 0x8b, 0x72, 0x63, 0x7c, 0x54, 0xfa, 0x4d, 0xf2, 
    0xe3, 0x1a, 0x60, 0x95, 0x5a, 0x59, 0x1a, 0x77, 0xfb, 0xd1, 0xce, 0x47, 0xb2, 0xb1, 0xde, 0x5f, 
    0x18, 0x1d, 0x47, 0x62, 0x05, 0xa7, 0x26, 0x7d, 0xf3, 0xa0, 0x17, 0x28, 0x47, 0x0a, 0x33, 0xeb, 
    0x09, 0x43, 0x2f, 0x20, 0x02, 0xc8, 0xea, 0x32, 0xcb, 0x64, 0xa7, 0x11, 0x9f, 0x88, 0x0b, 0xc0, 
    0x3c, 0xdb, 0x8f, 0xc2, 0x06, 0xcd, 0x5f, 0xb7, 0x04, 0x91, 0x95, 0x61, 0x05, 0xe8, 0x39, 0xd8, 
    0xaf, 0x8d, 0xbe, 0x39, 0x3d, 0xc4, 0x33, 0xb0, 0xf7, 0xc0, 0x41, 0x9e, 0x19, 0x9f, 0x1a, 0xd2, 
    0x24, 0x1a, 0xb3, 0x70, 0xe6, 0xe4, 0x17, 0x84, 0xb0, 0xd1, 0xf3, 0x4e, 0x3f, 0x43, 0x1b, 0xa7, 
    0x4f, 0x7c, 0xce, 0xd8, 0xc2, 0xdb, 0x03, 0x87, 0xd8, 0x1a, 0x38, 0x75, 0xe2, 0x04, 0xcf, 0x45, 
    0x8b, 0xdf, 0x1f, 0x47, 0x66, 0x26, 0xc3, 0x75, 0x3a, 0xcf, 0x06, 0x2d, 0xec, 0x6c, 0x61, 0x87, 
    0x79, 0xeb, 0x2f, 0x2e, 0x0b, 0x36, 0xa3, 0x25, 0x18, 0x42, 0xdf, 0xc0, 0x00, 0xaf, 0x40, 0x13, 
    0x8a, 0xf5, 0x4a, 0x42, 0x7a, 0x89, 0x99, 0x17, 0xbd, 0xfd, 0x8c, 0x59, 0xf8, 0x72, 0x70, 0x50, 
    0x7d, 0x5f, 0xff, 0x80, 0x5e, 0x3f, 0x79, 0xec, 0x18, 0xcf, 0xc0, 0xc1, 0xc3, 0x87, 0x79, 0x06, 
    0x86, 0x8e, 0x1f, 0xe7, 0xd9, 0xb1, 0x87, 0x53, 0x8f, 0xf0, 0x70, 0xf2, 0xa1, 0x64, 0xbf, 0xc9, 
    0x2d, 0x6c, 0x47, 0xec, 0x59, 0x5b, 0x58, 0xb1, 0xd2, 0x4d, 0x7e, 0x3d, 0xdf, 0x1b, 0xa1, 0xc0, 
    0x52, 0xd4, 0x55, 0x73, 0xb3, 0xc6, 0x27, 0x6e, 0xb6, 0xb5, 0xad, 0x87, 0x9a, 0x40, 0xf0, 0xa0, 
    0xc4, 0xcb, 0x54, 0x31, 0x98, 0xc3, 0x64, 0xb4, 0x66, 0x72, 0x59, 0x05, 0x91, 0x91, 0x11, 0x63, 
    0x8f, 0xf3, 0x6f, 0xf2, 0x5d, 0x53, 0x28, 0x0f, 0x8e, 0x32, 0xeb, 0x8b, 0x0c, 0xff, 0x79, 0xe3, 
    0xc8, 0x18, 0x36, 0x8e, 0x3c, 0x09, 0x23, 0x36, 0x27, 0x90, 0x98, 0x4c, 0x5f, 0xce, 0xc2, 0x11, 
    0x14, 0xff, 0x51, 0xe4, 0x67, 0xfe, 0xf9, 0x8d, 0xeb, 0x31, 0xc9, 0x1b, 0x1c, 0xe6, 0xb0, 0x0c, 
    0xfa, 0x0c, 0x1c, 0x8d, 0x95, 0x4c, 0x53, 0xa9, 0x3d, 0x13, 0xe8, 0xbf, 0xb2, 0x45, 0xa0, 0x4a, 
    0xb6, 0x08, 0x54, 0xc9, 0xfe, 0x02, 0x1e, 0x20, 0xb2, 0x61, 0x11, 0xc8, 0x39, 0xa5, 0x00, 0x00, 
    0x00, 0x00, 0x49, 0x45, 0x4e, 0x44, 0xae, 0x42, 0x60, 0x82, 
};

static const uint8_t ASSET_WOOD_BLOCK_PNG[] = {
    0x89, 0x50, 0x4e, 0x47, 0x0d, 0x0a, 0x1a, 0x0a, 0x00, 0x00, 0x00, 0x0d, 0x49, 0x48, 0x44, 0x52, 
    0x00, 0x00, 0x00, 0x30, 0x00, 0x00, 0x00, 0x30, 0x08, 0x06, 0x00, 0x00, 0x00, 0x57, 0x02, 0xf9, 
    0x87, 0x00, 0x00, 0x0a, 0x97, 0x49, 0x44, 0x41, 0x54, 0x78, 0x9c, 0xcd, 0x9a, 0xf9, 0x5a, 0x5b, 
    0xd7, 0x15, 0xc5, 0xb7, 0x40, 0x60, 0x63, 0x30, 0x93, 0x10, 0x83, 0xb1, 0x31, 0x08, 0xd9, 0xd8, 
    0x89, 0x13, 0x1b, 0x27, 0xce, 0xe0, 0x24, 0xd8, 0xce, 0xf4, 0x7d, 0x7d, 0x9a, 0xf4, 0x0d, 0x9a, 
    0x3c, 0x41, 0xf3, 0x46, 0xad, 0xf3, 0x4f, 0xfb, 0x4f, 0x93, 0xb8, 0x6d, 0x9c, 0x00, 0x62, 0xc6, 
    0x4c, 0xc6, 0xcc, 0x83, 0xc4, 0xa0, 0xdb, 0xdf, 0xda, 0xf7, 0x4a, 0x60, 0x21, 0xb9, 0x24, 0xf9, 
    0xf2, 0xe1, 0x73, 0xce, 0xda, 0x6b, 0xef, 0x33, 0x69, 0x2f, 0x9d, 0xab, 0xab, 0x6b, 0xe4, 0x98, 
    0x95, 0x29, 0x0f, 0xdf, 0xbc, 0x76, 0x27, 0x76, 0x18, 0x34, 0xe1, 0xbe, 0x36, 0x25, 0xa8, 0x8e, 
    0xad, 0xff, 0xfd, 0xa7, 0xd1, 0x1f, 0x71, 0x5f, 0x2a, 0x2f, 0x09, 0x18, 0x1a, 0x48, 0xff, 0x95, 
    0xa9, 0x7f, 0xc6, 0x7d, 0x7d, 0x4b, 0x2c, 0xf6, 0xf5, 0x77, 0xbf, 0x64, 0xbe, 0xc1, 0xf3, 0x12, 
    0x03, 0x5e, 0x1e, 0x0c, 0xa4, 0x7f, 0x08, 0x2c, 0xb8, 0x83, 0xfb, 0xda, 0x97, 0x98, 0xc5, 0x7e, 
    0x7c, 0x3c, 0x9c, 0x19, 0xc4, 0xc5, 0xa7, 0x0c, 0x0d, 0xf4, 0x7f, 0x0b, 0x7d, 0x05, 0x2c, 0x9d, 
    0xea, 0xb3, 0x54, 0xaa, 0x97, 0x83, 0x08, 0xcc, 0x2c, 0xef, 0x14, 0x60, 0x04, 0x0c, 0x0d, 0xa8, 
    0xc2, 0x18, 0x5a, 0x81, 0x45, 0x79, 0xd6, 0x14, 0x7c, 0x31, 0x71, 0xd1, 0x07, 0x54, 0x1c, 0xb6, 
    0x95, 0x47, 0xc5, 0x17, 0x30, 0x44, 0x50, 0x5e, 0xaf, 0x27, 0x0f, 0x5f, 0xcc, 0x7a, 0x91, 0x8c, 
    0xe2, 0xc5, 0x95, 0x35, 0xb0, 0x41, 0x07, 0x25, 0x16, 0xfb, 0x86, 0x93, 0xf8, 0xba, 0x20, 0x40, 
    0xd3, 0x3c, 0xf9, 0xfb, 0x1f, 0xde, 0xb3, 0x91, 0xc5, 0x35, 0xa2, 0xc0, 0xd2, 0x6d, 0x17, 0x7d, 
    0x61, 0xa0, 0x17, 0xf4, 0xcd, 0xc4, 0x05, 0x10, 0xd3, 0x8f, 0x43, 0x13, 0x88, 0x9d, 0x23, 0x44, 
    0xc9, 0x1c, 0x41, 0x62, 0x60, 0xd6, 0x14, 0xe2, 0x90, 0x23, 0x94, 0xcc, 0xa7, 0xc3, 0x59, 0xf3, 
    0xe7, 0x72, 0x31, 0xb2, 0xc9, 0x5b, 0x67, 0xfc, 0xd0, 0x46, 0x67, 0x16, 0x6d, 0x69, 0x35, 0x14, 
    0xf1, 0xdd, 0xf0, 0x58, 0x2c, 0xa6, 0x0f, 0x6c, 0xfe, 0x20, 0xff, 0x03, 0xb1, 0x7d, 0xf9, 0xf9, 
    0x23, 0xdb, 0xb0, 0x1a, 0x7b, 0x9c, 0x99, 0x23, 0x32, 0xfb, 0xe2, 0x56, 0xca, 0x6e, 0x76, 0x25, 
    0x58, 0xac, 0x0d, 0xb1, 0x22, 0xaa, 0x1c, 0x6d, 0x8e, 0x51, 0xa3, 0xe8, 0xc5, 0x14, 0x62, 0x28, 
    0x9e, 0x0c, 0x4c, 0x07, 0x4c, 0x85, 0x31, 0x80, 0x06, 0xab, 0xe2, 0xd0, 0x00, 0xd3, 0xec, 0xf8, 
    0x7c, 0x77, 0x88, 0xc5, 0x98, 0xb1, 0x95, 0x6d, 0xfb, 0xc7, 0xec, 0x2a, 0x81, 0xd9, 0xcd, 0xf3, 
    0xfb, 0x56, 0xb3, 0xbb, 0x61, 0xc3, 0x53, 0xf3, 0x44, 0x66, 0x55, 0xf1, 0xaa, 0xc1, 0xd8, 0xc3, 
    0x1b, 0xe9, 0x87, 0xf9, 0x20, 0xf8, 0x1b, 0xb1, 0x7d, 0xf9, 0xd9, 0x43, 0x5b, 0x8f, 0xc5, 0xed, 
    0xbb, 0xcc, 0x02, 0x91, 0xd9, 0x9f, 0x06, 0x6f, 0x58, 0x3a, 0xd1, 0xc0, 0xe6, 0x54, 0x36, 0x83, 
    0x68, 0x6c, 0xce, 0x9b, 0x29, 0xcf, 0x5b, 0x18, 0xc0, 0x85, 0x39, 0xb0, 0x2a, 0xae, 0x8c, 0xaa, 
    0x33, 0x08, 0x5d, 0xd6, 0x33, 0x84, 0xa3, 0x06, 0x58, 0x2f, 0xa6, 0x12, 0x68, 0x00, 0x12, 0xe4, 
    0x06, 0x36, 0x9b, 0x0d, 0xec, 0xf1, 0x68, 0xf8, 0x86, 0xde, 0x40, 0x40, 0x5d, 0x6e, 0xd3, 0x9e, 
    0x4e, 0x84, 0x71, 0x55, 0x2c, 0xf6, 0xa8, 0x44, 0xc0, 0x90, 0xb5, 0x27, 0xdb, 0x6c, 0x7a, 0xeb, 
    0xc0, 0xe2, 0x35, 0xb5, 0xd6, 0x51, 0xbd, 0xc7, 0x1e, 0xda, 0xac, 0x00, 0x5e, 0x9c, 0x23, 0xc5, 
    0xa1, 0x09, 0xc4, 0xce, 0x11, 0xf4, 0x4e, 0x8a, 0x8b, 0x50, 0x72, 0x30, 0x6b, 0x0a, 0x71, 0xc8, 
    0x11, 0x4a, 0xe6, 0xd3, 0xe1, 0x7c, 0x62, 0x7e, 0x57, 0xbf, 0xed, 0x6c, 0x6d, 0xda, 0xf9, 0xf5, 
    0x05, 0x5b, 0xdf, 0xda, 0xb5, 0x9f, 0x27, 0x2b, 0x08, 0xf8, 0xe2, 0x53, 0x09, 0x48, 0x58, 0x7d, 
    0x63, 0x33, 0x9b, 0x05, 0xb6, 0xb1, 0xfa, 0x02, 0x62, 0x03, 0x07, 0x9b, 0xb1, 0x31, 0x0e, 0x4d, 
    0x20, 0x76, 0x8e, 0x50, 0x92, 0x8c, 0xc6, 0x31, 0xf4, 0x03, 0x31, 0x71, 0xc8, 0x11, 0x4a, 0xe6, 
    0xd3, 0xe1, 0x5c, 0x6e, 0x7e, 0x47, 0x4f, 0x2f, 0x6c, 0x36, 0x3f, 0x35, 0x61, 0x1b, 0xdb, 0xaf, 
    0x10, 0xf0, 0xf9, 0xa3, 0x4f, 0xac, 0xbd, 0x2d, 0x61, 0x0d, 0x4d, 0xcd, 0xc6, 0x52, 0xdb, 0x58, 
    0x29, 0x08, 0x60, 0x33, 0x36, 0xc6, 0xa1, 0x09, 0xc4, 0xce, 0x11, 0x4a, 0x92, 0xd1, 0x38, 0x86, 
    0x7e, 0x20, 0x26, 0x0e, 0x39, 0x42, 0xc9, 0x7c, 0x3a, 0x9c, 0xcb, 0xce, 0x27, 0xaf, 0x8e, 0x2b, 
    0xbd, 0xa6, 0x32, 0x37, 0x39, 0x6e, 0x1b, 0x3b, 0xbb, 0xf6, 0xcb, 0x64, 0xf4, 0x19, 0x28, 0x15, 
    0xf0, 0xd9, 0xc3, 0x8f, 0x11, 0xd0, 0x6a, 0x0d, 0xcd, 0x2d, 0xbe, 0x38, 0x14, 0xc0, 0x66, 0x6c, 
    0x8c, 0x43, 0x13, 0x88, 0x9d, 0x23, 0x94, 0x24, 0xa3, 0x71, 0x0c, 0xfd, 0x40, 0x4c, 0x1c, 0x72, 
    0x84, 0x92, 0xf9, 0x74, 0x38, 0x97, 0x9d, 0x4f, 0x4e, 0xe2, 0xce, 0x9e, 0x3e, 0xe7, 0xb9, 0x29, 
    0x04, 0x6c, 0x67, 0x8f, 0x3e, 0xc4, 0x27, 0x04, 0x3c, 0xf8, 0xc8, 0x92, 0x91, 0x00, 0xad, 0x5e, 
    0x5f, 0x79, 0xee, 0x1b, 0xb3, 0x9a, 0x26, 0x1c, 0xdb, 0x5c, 0x28, 0x49, 0x46, 0xe3, 0x18, 0xfa, 
    0x81, 0x98, 0x38, 0xe4, 0x08, 0x25, 0xf3, 0xe9, 0x70, 0x2e, 0x3b, 0x9f, 0x7c, 0x9c, 0x71, 0x3a, 
    0x7b, 0x7a, 0x3d, 0xf6, 0x13, 0xe0, 0x12, 0x1a, 0x99, 0x0e, 0x6f, 0x32, 0x27, 0x04, 0x7c, 0x3a, 
    0x74, 0xdf, 0x05, 0x5c, 0x6c, 0x6e, 0x65, 0x41, 0xde, 0xd6, 0x97, 0x97, 0x4d, 0x3b, 0x84, 0x1b, 
    0x1d, 0xdb, 0x5c, 0x28, 0x49, 0x46, 0xe3, 0x18, 0xfa, 0x81, 0x98, 0x38, 0xe4, 0x08, 0x25, 0xf3, 
    0xe9, 0x70, 0x2e, 0x3b, 0x9f, 0x5c, 0x9c, 0x71, 0xc4, 0x9d, 0x57, 0xfb, 0x70, 0xcc, 0x9e, 0x4d, 
    0x8e, 0xd9, 0x26, 0x27, 0x30, 0x32, 0x53, 0x41, 0xc0, 0xa3, 0xa1, 0x0f, 0x2d, 0x99, 0x40, 0x40, 
    0x0b, 0x97, 0x10, 0xf9, 0x6c, 0xbc, 0xe0, 0x04, 0xd8, 0xe0, 0xa5, 0xcd, 0x85, 0x92, 0x64, 0x34, 
    0x8e, 0xa1, 0x1f, 0x88, 0x89, 0x43, 0x8e, 0x50, 0x32, 0x9f, 0x0e, 0xe7, 0xb2, 0xf3, 0xc9, 0xc3, 
    0x19, 0xc7, 0x99, 0xda, 0xd5, 0x93, 0xc2, 0x06, 0xf6, 0x6c, 0x62, 0xdc, 0x36, 0xf9, 0x0c, 0xe8, 
    0xcb, 0x4c, 0xe5, 0x84, 0x80, 0x87, 0x9f, 0x7c, 0x80, 0x80, 0x16, 0x4e, 0x20, 0x41, 0x14, 0x70, 
    0x02, 0x12, 0x70, 0x6c, 0x73, 0x21, 0x5f, 0x12, 0x33, 0x8e, 0xa1, 0x1f, 0x88, 0x89, 0x43, 0x8e, 
    0x50, 0x32, 0x9f, 0x0e, 0xe7, 0xb2, 0xf3, 0xf5, 0xaa, 0x62, 0x1c, 0x67, 0x55, 0xfc, 0x2e, 0x4e, 
    0x40, 0xec, 0x27, 0xb0, 0x93, 0xb5, 0x4c, 0x45, 0x01, 0x1f, 0xbf, 0x6f, 0x6d, 0xad, 0x2d, 0xd6, 
    0xd8, 0x8a, 0x80, 0xc0, 0x6c, 0x6d, 0x79, 0x91, 0x85, 0xda, 0x24, 0x42, 0x49, 0x32, 0x7a, 0x71, 
    0x0c, 0xfd, 0x40, 0x4c, 0x1c, 0x72, 0x84, 0x92, 0xf9, 0x74, 0x38, 0x97, 0x9d, 0xcf, 0xeb, 0x3b, 
    0xe3, 0x38, 0xab, 0x46, 0x7e, 0xd7, 0xd5, 0x94, 0x46, 0x6d, 0x76, 0x42, 0x27, 0x90, 0xb5, 0xb1, 
    0xd9, 0x0a, 0x02, 0x1e, 0x7c, 0xf4, 0x9e, 0x25, 0x5d, 0x40, 0x1b, 0x0b, 0xf3, 0x08, 0x58, 0x82, 
    0xb5, 0x51, 0x60, 0xd9, 0x6c, 0xce, 0x72, 0xb9, 0xf0, 0x8b, 0x2d, 0xb7, 0x97, 0xb3, 0x2c, 0xbe, 
    0x17, 0x25, 0xa3, 0x4a, 0xff, 0xee, 0x6e, 0xd6, 0x0e, 0xf2, 0x91, 0x28, 0xa0, 0x52, 0x60, 0x1c, 
    0x66, 0x99, 0x55, 0xc7, 0xcc, 0xce, 0xd5, 0xd6, 0x10, 0x12, 0x01, 0xac, 0xa3, 0xa6, 0xba, 0xca, 
    0xe2, 0xd5, 0xd5, 0x74, 0x05, 0x56, 0x0d, 0xc7, 0x89, 0xe5, 0xd3, 0xec, 0x52, 0x6f, 0x78, 0x02, 
    0xb3, 0x13, 0x63, 0xb6, 0x25, 0x01, 0xcf, 0x96, 0x58, 0x51, 0x4e, 0xc0, 0xfd, 0x7b, 0xc5, 0x13, 
    0xf8, 0xfe, 0x87, 0x7f, 0xdb, 0xfa, 0xea, 0xaa, 0x65, 0xf7, 0xc2, 0xa4, 0xbd, 0xc0, 0xa1, 0x17, 
    0xda, 0x22, 0xd1, 0xaf, 0x52, 0x5b, 0x13, 0xb7, 0x1a, 0x40, 0x87, 0x1a, 0x05, 0xc6, 0x86, 0x01, 
    0xa0, 0xed, 0xed, 0x1f, 0x80, 0x7d, 0x62, 0x0f, 0xc3, 0x82, 0x43, 0xa3, 0x84, 0x56, 0x44, 0xf3, 
    0x22, 0x61, 0xcd, 0x89, 0x84, 0x0d, 0xa4, 0x53, 0x36, 0x33, 0x9e, 0xb1, 0xad, 0xdd, 0x9c, 0x8d, 
    0x57, 0x12, 0x30, 0xc4, 0x93, 0x68, 0x5b, 0x6b, 0x93, 0x35, 0x25, 0x92, 0xf6, 0xaf, 0xef, 0x9f, 
    0x58, 0xfe, 0x70, 0xcf, 0xce, 0xd5, 0xe8, 0xdd, 0x52, 0x72, 0x35, 0x20, 0xce, 0xc6, 0x79, 0x3b, 
    0x17, 0x27, 0x51, 0xa0, 0xc4, 0x75, 0x52, 0x21, 0x47, 0xe0, 0x04, 0x9c, 0x23, 0xd0, 0xe1, 0xfc, 
    0xff, 0x2e, 0x1b, 0x09, 0xdb, 0x3f, 0x3c, 0x70, 0x7f, 0xff, 0xe0, 0xd0, 0xf6, 0x00, 0xa3, 0xee, 
    0xd7, 0x35, 0x34, 0xda, 0xf5, 0xfe, 0x3e, 0x9b, 0x89, 0x4e, 0x60, 0x62, 0xee, 0x39, 0x63, 0x65, 
    0x04, 0x7c, 0xf2, 0xc1, 0x3b, 0x08, 0x68, 0x76, 0x01, 0xda, 0x78, 0x75, 0x69, 0xc1, 0xf9, 0x08, 
    0xd1, 0xe5, 0x51, 0x2e, 0x19, 0xe1, 0x37, 0x26, 0xef, 0xac, 0x5a, 0xf0, 0xc5, 0xaa, 0x62, 0x4c, 
    0x77, 0x6f, 0x8a, 0xc8, 0x8a, 0x27, 0x30, 0x59, 0x59, 0xc0, 0x5d, 0x4b, 0xb4, 0x84, 0x02, 0x58, 
    0x69, 0x2b, 0x2f, 0x09, 0x38, 0x9b, 0xe4, 0x85, 0xee, 0xbe, 0x7e, 0x05, 0x36, 0x3d, 0x3e, 0x66, 
    0xdb, 0x12, 0x30, 0x5f, 0x41, 0xc0, 0xc7, 0xef, 0x4b, 0x40, 0x13, 0xd7, 0x1c, 0x27, 0x40, 0x5d, 
    0x59, 0x2c, 0x08, 0xf8, 0xfd, 0xc9, 0xef, 0x66, 0xf7, 0x6c, 0x87, 0x0f, 0x3e, 0xa3, 0x76, 0xbe, 
    0x36, 0x1e, 0x5d, 0x9a, 0x8c, 0xa9, 0xd2, 0xe9, 0xbe, 0x58, 0x55, 0x8c, 0x71, 0x30, 0xff, 0x72, 
    0x74, 0x02, 0xd3, 0x63, 0x19, 0xdb, 0xe6, 0x66, 0x32, 0x35, 0xcf, 0x17, 0x2c, 0xe5, 0x84, 0x80, 
    0x8f, 0xde, 0x1b, 0xb4, 0x44, 0x73, 0xa3, 0x35, 0x27, 0xdb, 0x59, 0x6c, 0x08, 0x98, 0x87, 0x7f, 
    0x5f, 0xf2, 0xba, 0x09, 0x2c, 0x2c, 0xaf, 0x71, 0x4d, 0x1f, 0xf0, 0xaf, 0xc0, 0x98, 0x27, 0xa2, 
    0x31, 0xdd, 0x65, 0x92, 0xad, 0x8d, 0x7c, 0x48, 0xc3, 0x3b, 0x0f, 0x8d, 0x31, 0xaa, 0x18, 0xe3, 
    0xd0, 0x5c, 0xf8, 0x32, 0x27, 0x00, 0x71, 0x02, 0xa3, 0x9c, 0xc0, 0x9e, 0x4d, 0x2f, 0x54, 0x10, 
    0x70, 0xff, 0xde, 0x6d, 0x04, 0x70, 0x02, 0xc9, 0x0e, 0xad, 0xb4, 0x17, 0x8b, 0x3c, 0xb6, 0xc2, 
    0x7a, 0x41, 0x6d, 0xf4, 0x6b, 0x93, 0xd7, 0x7c, 0xbd, 0x5b, 0x85, 0xe4, 0x75, 0xfb, 0x54, 0xc9, 
    0xe6, 0xf6, 0x2d, 0xcf, 0x58, 0xbc, 0xaa, 0xda, 0x2e, 0x25, 0x79, 0xf2, 0xd5, 0x52, 0x55, 0x31, 
    0xc6, 0xc1, 0x3c, 0x67, 0x1c, 0x09, 0x20, 0xb2, 0xa9, 0x31, 0x4e, 0x80, 0x4b, 0x68, 0x66, 0xf1, 
    0x05, 0x71, 0x39, 0x01, 0xef, 0xde, 0xb6, 0x56, 0x4e, 0xa0, 0x05, 0x01, 0x2c, 0xb5, 0x95, 0x85, 
    0xb9, 0x97, 0x92, 0x09, 0x39, 0xc2, 0x29, 0x92, 0x17, 0x4f, 0xf1, 0x6e, 0xe9, 0x4e, 0x82, 0x02, 
    0x2e, 0x9d, 0x50, 0xc0, 0xae, 0x2e, 0x25, 0xe6, 0x55, 0x73, 0x0a, 0x97, 0xda, 0x78, 0x6c, 0x51, 
    0xd5, 0x16, 0x18, 0x07, 0x73, 0x9c, 0x71, 0xc4, 0x57, 0x52, 0x9c, 0x00, 0x7d, 0x53, 0x99, 0x51, 
    0xdb, 0xe1, 0x52, 0xac, 0x28, 0xe0, 0xc3, 0x77, 0xde, 0x0e, 0x05, 0xb4, 0x47, 0x27, 0x30, 0x8f, 
    0x00, 0xb8, 0x90, 0x4c, 0x11, 0xa7, 0x4c, 0x5e, 0xc8, 0x71, 0x7b, 0x5c, 0x78, 0xb1, 0xee, 0x22, 
    0x74, 0x0a, 0xf4, 0xfa, 0x3c, 0x25, 0x9f, 0xe4, 0xb5, 0xe2, 0xf1, 0x2a, 0xe6, 0xb1, 0x05, 0xc6, 
    0x41, 0x1e, 0xce, 0x38, 0xce, 0xd4, 0x2b, 0xa9, 0xb4, 0xfb, 0x53, 0x99, 0x0c, 0x9f, 0xa3, 0x9c, 
    0xcd, 0x2e, 0xae, 0x30, 0xab, 0x8c, 0x80, 0x0f, 0xee, 0xbe, 0x85, 0x80, 0x8b, 0xd6, 0xda, 0xde, 
    0xe9, 0x0b, 0x42, 0x01, 0x47, 0xc9, 0x38, 0x7e, 0x45, 0xf2, 0x8c, 0x86, 0x8c, 0xa3, 0x77, 0x7d, 
    0x97, 0xcf, 0x83, 0xfc, 0xf3, 0x7c, 0x9f, 0xe8, 0x7b, 0x85, 0x11, 0x8f, 0xc3, 0x39, 0xe0, 0xd8, 
    0x7c, 0x67, 0x55, 0x7c, 0x9d, 0x00, 0xae, 0x4d, 0x8e, 0x8d, 0xfa, 0xcd, 0x60, 0x76, 0xa9, 0x82, 
    0x80, 0xf7, 0xef, 0xde, 0xb2, 0x44, 0xd3, 0x45, 0x4e, 0xa0, 0xd3, 0x17, 0x2c, 0xcf, 0xcf, 0xb2, 
    0x81, 0x36, 0x89, 0xf0, 0x1b, 0x93, 0x77, 0x56, 0x2d, 0xf8, 0x62, 0x55, 0x31, 0xc6, 0xf1, 0x8a, 
    0xf9, 0x3d, 0x3a, 0x01, 0xc6, 0xa7, 0x32, 0x23, 0x5c, 0x42, 0xfb, 0xf6, 0xec, 0x79, 0x25, 0x01, 
    0x83, 0x6f, 0x5a, 0x6b, 0x23, 0x27, 0xd0, 0xd1, 0xc5, 0xc2, 0x3c, 0x02, 0x9e, 0xc1, 0xda, 0x08, 
    0x9c, 0x51, 0xf2, 0x34, 0xeb, 0xe9, 0x4f, 0x6b, 0x86, 0x4d, 0x8e, 0x86, 0x9f, 0x81, 0xb9, 0xe5, 
    0xf0, 0xcf, 0x2c, 0x27, 0x05, 0xdc, 0x7e, 0xc3, 0x5a, 0x38, 0x81, 0xd6, 0x8e, 0x4e, 0x7b, 0xf2, 
    0xdf, 0x9f, 0xad, 0x2a, 0xaf, 0xaf, 0xf6, 0xc0, 0x1a, 0xea, 0xce, 0x39, 0x5f, 0x38, 0x1f, 0x32, 
    0x59, 0x3b, 0xff, 0x51, 0xc9, 0xe7, 0xf6, 0xc2, 0xd7, 0xcd, 0x8a, 0xa9, 0x75, 0xf5, 0x17, 0x2d, 
    0xd5, 0x77, 0x15, 0x01, 0x23, 0x5c, 0x8a, 0xfb, 0x95, 0x05, 0xbc, 0x77, 0xfb, 0xa6, 0xb5, 0x34, 
    0x36, 0x58, 0x6b, 0xe7, 0x25, 0x7b, 0xf2, 0x9f, 0xa7, 0xb6, 0xb4, 0xa8, 0x87, 0xa6, 0x00, 0x50, 
    0x20, 0x1a, 0x25, 0xb0, 0xfa, 0xba, 0xf3, 0x50, 0xe0, 0x5f, 0x46, 0x55, 0x55, 0xea, 0xd2, 0xcb, 
    0x40, 0x40, 0x7e, 0xdd, 0xb9, 0x5a, 0x28, 0xea, 0x8b, 0x8c, 0xc8, 0xbf, 0xc8, 0xe4, 0x10, 0x15, 
    0xc6, 0xf3, 0x87, 0x79, 0x6e, 0xb3, 0x87, 0x1e, 0x67, 0xf7, 0xc2, 0x87, 0x3c, 0x0d, 0xd0, 0x28, 
    0xa1, 0x4d, 0xb6, 0xb7, 0x5b, 0x7f, 0x6f, 0x8f, 0x4d, 0x70, 0x17, 0xd2, 0x67, 0x69, 0x9e, 0xef, 
    0x15, 0x95, 0x13, 0x02, 0xee, 0xbd, 0x7d, 0xc3, 0x05, 0x24, 0x10, 0xc0, 0x7e, 0xf6, 0xfc, 0xd9, 
    0x34, 0x1c, 0xf0, 0x00, 0xb5, 0x5b, 0x64, 0xed, 0xb9, 0xcd, 0x63, 0xb3, 0x62, 0xb1, 0x0a, 0x5d, 
    0x61, 0xc1, 0xa1, 0x51, 0x42, 0x2b, 0xa2, 0x45, 0x85, 0x84, 0x8f, 0x02, 0x2f, 0xf4, 0xc8, 0x14, 
    0xbf, 0x1f, 0xfc, 0x61, 0x51, 0xb1, 0x98, 0x5a, 0x1b, 0xaf, 0xf6, 0xf8, 0x2a, 0x97, 0x10, 0x64, 
    0x13, 0x7e, 0x02, 0x7c, 0x31, 0x72, 0x57, 0x53, 0x39, 0x21, 0xe0, 0xdd, 0xb7, 0x06, 0x22, 0x01, 
    0xdd, 0x2c, 0xcc, 0x23, 0x60, 0x06, 0x66, 0x2b, 0xc0, 0xf5, 0xe2, 0x7c, 0x9a, 0xcb, 0x46, 0xb7, 
    0x3a, 0xc8, 0xa1, 0x41, 0x46, 0xdc, 0x3f, 0xc7, 0x23, 0x84, 0xc6, 0x71, 0x43, 0xc6, 0x71, 0x56, 
    0x2d, 0xf8, 0x62, 0xaa, 0x1c, 0x1a, 0x08, 0xec, 0x6a, 0xfa, 0x9a, 0x7a, 0x6c, 0x62, 0x64, 0x18, 
    0x01, 0xfb, 0xfc, 0x81, 0xb7, 0x92, 0x80, 0x5b, 0xd7, 0xad, 0xd9, 0x05, 0x5c, 0x62, 0xa5, 0xd9, 
    0x52, 0x74, 0x02, 0x64, 0xed, 0x7c, 0x9a, 0xe4, 0xbd, 0x16, 0x7c, 0xb1, 0xaa, 0x18, 0xe3, 0x38, 
    0xc5, 0x7c, 0x39, 0x34, 0x00, 0x33, 0x5f, 0x02, 0x08, 0x6c, 0x7c, 0x64, 0xc4, 0x2f, 0xb3, 0x8a, 
    0x02, 0xde, 0x91, 0x80, 0x86, 0x0b, 0xd6, 0xd6, 0x75, 0x99, 0x85, 0x81, 0x2d, 0xcd, 0x4e, 0xb3, 
    0x30, 0x4a, 0xf6, 0x8c, 0x92, 0x17, 0xf7, 0x22, 0x00, 0xb2, 0xf1, 0xd1, 0x61, 0x04, 0x1c, 0xd8, 
    0x52, 0x25, 0x01, 0x77, 0xdf, 0x48, 0x5b, 0xf3, 0xc5, 0x7a, 0x6b, 0xbb, 0x74, 0x59, 0x2b, 0x11, 
    0x30, 0x05, 0xb1, 0xd1, 0x19, 0x26, 0x2f, 0xf4, 0xa6, 0xaf, 0x13, 0x1f, 0x9d, 0xc0, 0xf3, 0xe8, 
    0xcf, 0xeb, 0x27, 0x04, 0x0c, 0xde, 0xec, 0x77, 0x01, 0x49, 0x09, 0x60, 0xc1, 0xe2, 0x0c, 0x02, 
    0xce, 0x38, 0x79, 0x9a, 0xf5, 0x5e, 0xe3, 0x12, 0xa2, 0x8c, 0x0d, 0x87, 0x27, 0xb0, 0xbc, 0xf6, 
    0x0a, 0x01, 0x4d, 0x5c, 0x42, 0xed, 0xdd, 0x5c, 0x42, 0xac, 0x5c, 0x9c, 0x46, 0x00, 0x7c, 0x96, 
    0xc9, 0x63, 0xad, 0xef, 0x1a, 0x27, 0x80, 0x2f, 0x01, 0x39, 0xfe, 0x3d, 0xbd, 0xbc, 0xb6, 0xc9, 
    0xac, 0x32, 0x02, 0xee, 0xdc, 0x48, 0xf1, 0x19, 0xa8, 0xb3, 0x64, 0xf7, 0x15, 0x5f, 0xb0, 0x38, 
    0x3d, 0x09, 0x9f, 0x6d, 0xf2, 0x62, 0x09, 0xc0, 0xb5, 0xcc, 0xc8, 0x2f, 0x7c, 0xc9, 0xed, 0xdb, 
    0x8b, 0xf5, 0x2d, 0x66, 0x96, 0x13, 0x30, 0xd0, 0xeb, 0x27, 0x90, 0xec, 0xee, 0x61, 0x41, 0x60, 
    0x0b, 0xd3, 0x13, 0x50, 0x10, 0x82, 0x71, 0x67, 0x1c, 0x67, 0xd5, 0x82, 0x2f, 0x56, 0x15, 0x63, 
    0x1c, 0xa7, 0x98, 0x2f, 0x87, 0x06, 0xe0, 0xe2, 0x7c, 0x01, 0x5f, 0x55, 0x8c, 0x49, 0x5d, 0x1b, 
    0x50, 0x64, 0x99, 0x61, 0x04, 0xf0, 0x74, 0xbb, 0x52, 0x49, 0xc0, 0xed, 0xeb, 0x08, 0xa8, 0xaf, 
    0xb3, 0xad, 0xfa, 0x36, 0xfe, 0x12, 0xd0, 0x60, 0x36, 0x97, 0xf1, 0x0d, 0x02, 0xc6, 0x9c, 0x71, 
    0x9c, 0x55, 0x0b, 0xbe, 0x58, 0x55, 0x8c, 0x71, 0x9c, 0x62, 0xbe, 0x1c, 0x1a, 0x80, 0x8b, 0xf3, 
    0x05, 0x7c, 0x55, 0x31, 0x86, 0x66, 0x1d, 0xb7, 0x06, 0x6d, 0x7d, 0x6d, 0xcd, 0xb6, 0xa7, 0xc7, 
    0x5c, 0xc0, 0xea, 0x46, 0x25, 0x01, 0xd7, 0xae, 0xda, 0x76, 0x4d, 0xbd, 0xfd, 0xb4, 0x53, 0x45, 
    0x64, 0xf6, 0x68, 0xe0, 0xb2, 0x75, 0xf0, 0xc3, 0x1a, 0x5b, 0xf9, 0x46, 0xda, 0x50, 0x45, 0xd6, 
    0x7d, 0x6f, 0xaa, 0x14, 0x8c, 0xfa, 0x20, 0x0a, 0x2c, 0x07, 0xe0, 0x51, 0x29, 0x74, 0xd0, 0x42, 
    0x5f, 0x56, 0x4d, 0x20, 0x92, 0x3d, 0x5a, 0x4b, 0x84, 0xa3, 0x58, 0x65, 0xb3, 0xe6, 0x82, 0xfd, 
    0x73, 0x22, 0xfc, 0x4b, 0x5c, 0x22, 0xbb, 0x62, 0x35, 0x3b, 0x1b, 0x25, 0x02, 0x8e, 0xfd, 0xc8, 
    0xf7, 0x76, 0xba, 0xc7, 0xb6, 0x6b, 0x2f, 0xd8, 0xd3, 0x9d, 0x38, 0x11, 0x0f, 0x77, 0xdd, 0x4d, 
    0xd6, 0xdb, 0x54, 0x87, 0x17, 0x6e, 0xe8, 0x5b, 0x62, 0xe4, 0x11, 0x52, 0x0a, 0x8c, 0x87, 0xe3, 
    0x6e, 0xc4, 0x10, 0xa5, 0xe0, 0x63, 0xc3, 0x46, 0xa1, 0x4f, 0x0e, 0xc6, 0x09, 0xb8, 0x8f, 0x83, 
    0x25, 0x80, 0x45, 0x40, 0xf1, 0xdc, 0xce, 0xbe, 0x3d, 0x5d, 0xcd, 0xd1, 0x61, 0xd6, 0x8a, 0x80, 
    0xf8, 0xd6, 0x1a, 0x3f, 0x33, 0xed, 0x10, 0x21, 0x40, 0x3f, 0xf2, 0xc1, 0xc5, 0x9f, 0x59, 0x3b, 
    0x5a, 0x1b, 0x2d, 0x7d, 0xb9, 0xc3, 0xe6, 0xf7, 0xaa, 0x58, 0x4a, 0x1c, 0x3f, 0xf0, 0xcd, 0x94, 
    0x80, 0xd7, 0x82, 0x2f, 0x56, 0x15, 0x63, 0x1c, 0xcc, 0x77, 0xc6, 0x71, 0x56, 0x2d, 0xf8, 0x62, 
    0xaa, 0x1c, 0x1a, 0x80, 0x8b, 0xf3, 0x05, 0x7c, 0x55, 0x31, 0x86, 0xa6, 0x08, 0x16, 0xcc, 0xb6, 
    0x38, 0x05, 0xc8, 0x2e, 0xe4, 0xb6, 0x6c, 0x6d, 0x73, 0x87, 0x7f, 0xdd, 0x1d, 0x10, 0x45, 0x3f, 
    0xb3, 0xc2, 0x12, 0xf0, 0x2d, 0xf4, 0x15, 0xb0, 0xf6, 0x16, 0xfe, 0x49, 0xd9, 0x58, 0x6f, 0xd5, 
    0x55, 0xe1, 0x65, 0xe4, 0x9b, 0xa8, 0x6a, 0x07, 0x8c, 0x93, 0x10, 0x99, 0x70, 0x1c, 0x97, 0xea, 
    0x4d, 0x50, 0x85, 0xdd, 0x83, 0xb1, 0x32, 0xee, 0x63, 0xa9, 0x58, 0x02, 0x41, 0x01, 0x2d, 0x44, 
    0x31, 0xa6, 0xe2, 0xe3, 0x2a, 0x50, 0xe3, 0x97, 0xd8, 0xbc, 0xff, 0x5b, 0xa0, 0x90, 0xbc, 0x1d, 
    0xff, 0xa1, 0x5b, 0xe5, 0xc1, 0x40, 0xfa, 0x47, 0x96, 0xdc, 0xc6, 0x7d, 0xed, 0x4b, 0xcc, 0x62, 
    0x4f, 0x1e, 0x0f, 0x67, 0xee, 0xe0, 0xe2, 0x1f, 0x2b, 0x43, 0x37, 0xd2, 0x5f, 0x23, 0xfd, 0x2f, 
    0xf6, 0x3a, 0x97, 0xe8, 0x9d, 0xb7, 0xa8, 0xbc, 0x24, 0xa0, 0x50, 0xf4, 0xc1, 0xb6, 0xc3, 0xa0, 
    0x19, 0xf7, 0xf5, 0x29, 0xd5, 0xb1, 0xb5, 0x72, 0xff, 0xdd, 0xe6, 0x7f, 0xcf, 0xa6, 0x09, 0x51, 
    0xae, 0xd8, 0xcf, 0x7c, 0x00, 0x00, 0x00, 0x00, 0x49, 0x45, 0x4e, 0x44, 0xae, 0x42, 0x60, 0x82, 
    
};

static const uint8_t ASSET_WOOD_BEAM_H_PNG[] = {
    0x89, 0x50, 0x4e, 0x47, 0x0d, 0x0a, 0x1a, 0x0a, 0x00, 0x00, 0x00, 0x0d, 0x49, 0x48, 0x44, 0x52, 
    0x00, 0x00, 0x00, 0x78, 0x00, 0x00, 0x00, 0x1c, 0x08, 0x06, 0x00, 0x00, 0x00, 0xaa, 0x01, 0x7b, 
    0x9e, 0x00, 0x00, 0x02, 0x7b, 0x49, 0x44, 0x41, 0x54, 0x78, 0x9c, 0xed, 0x9a, 0xdd, 0x4b, 0x53, 
    0x61, 0x1c, 0xc7, 0x7f, 0x67, 0x73, 0x9a, 0xad, 0xb6, 0x65, 0xca, 0x2a, 0x84, 0x5d, 0x6c, 0x99, 
    0x4a, 0xd6, 0x46, 0x42, 0x92, 0xd4, 0x34, 0xc2, 0x2e, 0xa2, 0x37, 0xe8, 0x8d, 0xa0, 0xd0, 0x9b, 
    0xba, 0xac, 0x3f, 0xa1, 0xfe, 0x8c, 0xba, 0x11, 0xa2, 0x32, 0x2c, 0x88, 0x8a, 0x2e, 0x92, 0xa8, 
    0xcd, 0x30, 0x0c, 0x8c, 0x15, 0xe6, 0x9a, 0x7b, 0xb9, 0x18, 0x48, 0xb1, 0x94, 0x72, 0xa6, 0xdb, 
    0x72, 0xdb, 0x79, 0xfa, 0x6e, 0x27, 0x16, 0x83, 0x07, 0xaf, 0xf7, 0x8c, 0xdf, 0x07, 0xf6, 0x39, 
    0xdf, 0x1d, 0xce, 0xdd, 0x67, 0x67, 0xb0, 0x71, 0x34, 0x62, 0xea, 0x9a, 0x4a, 0xe0, 0x81, 0x2e, 
    0xf7, 0x19, 0x21, 0xb4, 0x1b, 0x42, 0x08, 0x2f, 0xde, 0x3a, 0xf0, 0x62, 0x14, 0x44, 0xd3, 0xb4, 
    0x00, 0xa2, 0xde, 0x0e, 0x44, 0xe2, 0x01, 0x02, 0xd8, 0x46, 0x5c, 0x5d, 0xa7, 0xa7, 0x98, 0x4c, 
    0x9d, 0x60, 0xd2, 0xb4, 0xc1, 0x52, 0xe4, 0x72, 0xe0, 0x23, 0x9d, 0x9e, 0x00, 0x09, 0xe1, 0xf7, 
    0xec, 0xf6, 0xd0, 0xd9, 0x8b, 0x17, 0xc8, 0x66, 0xdb, 0x8a, 0xb3, 0x8c, 0x6a, 0x64, 0xb3, 0x39, 
    0x1a, 0xbf, 0xff, 0x80, 0xe2, 0xb1, 0x38, 0x6e, 0x5d, 0x2d, 0x38, 0x19, 0x89, 0x0f, 0x18, 0x81, 
    0xf7, 0xb8, 0x05, 0x0e, 0x34, 0x3c, 0x7c, 0x85, 0x5c, 0x1e, 0x0f, 0x16, 0xa3, 0x2a, 0xd1, 0xb9, 
    0x39, 0x1a, 0x1b, 0x1b, 0xc7, 0xa2, 0xe5, 0xc9, 0xf9, 0xc4, 0xb6, 0xaa, 0xc0, 0xd7, 0xaf, 0x8d, 
    0xc0, 0x8c, 0xea, 0xdc, 0xb9, 0x3b, 0x0a, 0x13, 0x21, 0xb0, 0xa6, 0xe1, 0x58, 0x09, 0x3c, 0x72, 
    0xf5, 0x12, 0xcc, 0xa8, 0xce, 0xe8, 0xbd, 0x47, 0xb0, 0x24, 0xf0, 0xe5, 0xf3, 0xa7, 0x61, 0x46, 
    0x75, 0x1e, 0x3e, 0x7e, 0x06, 0x4b, 0x02, 0x9f, 0x3b, 0x39, 0x04, 0x33, 0xaa, 0xf3, 0xe4, 0xc5, 
    0x04, 0x2c, 0x09, 0x7c, 0x6a, 0xc8, 0x4f, 0xa9, 0xc5, 0x9f, 0x58, 0x8c, 0xaa, 0x38, 0xdb, 0x5a, 
    0xe8, 0xf9, 0x44, 0x10, 0x4b, 0x12, 0xf8, 0xc4, 0xd1, 0x7e, 0x4a, 0x2d, 0x71, 0x60, 0x95, 0x71, 
    0xb6, 0xb6, 0xd0, 0xcb, 0x37, 0x53, 0x58, 0x92, 0xc0, 0xc7, 0xfd, 0x7d, 0x30, 0xa3, 0x3a, 0xaf, 
    0x82, 0xd3, 0xb0, 0x24, 0xf0, 0xb1, 0xfe, 0x5e, 0xd8, 0x60, 0x25, 0x2f, 0x28, 0xf6, 0xbb, 0x80, 
    0x45, 0xb4, 0xcf, 0x61, 0x21, 0x8b, 0x09, 0x83, 0xa9, 0x19, 0xb2, 0x45, 0x41, 0xe1, 0xb4, 0xbc, 
    0xcf, 0xeb, 0xa9, 0x19, 0x58, 0x12, 0x78, 0xb0, 0xcf, 0x07, 0x1b, 0x84, 0x96, 0x8b, 0x94, 0xca, 
    0xe9, 0x58, 0xb8, 0xed, 0x37, 0x99, 0xc8, 0xe7, 0x30, 0x63, 0x31, 0xb5, 0xc2, 0x46, 0x7d, 0xde, 
    0x4e, 0x87, 0x60, 0x49, 0xe0, 0xc3, 0xbd, 0x3d, 0xb0, 0xc1, 0xe7, 0x15, 0x41, 0x8b, 0xeb, 0x18, 
    0xa0, 0xad, 0x91, 0x68, 0xbf, 0xad, 0x7c, 0x29, 0x53, 0x23, 0x6c, 0xd4, 0xe7, 0xdd, 0xcc, 0x2c, 
    0x2c, 0x09, 0x7c, 0xc8, 0xd7, 0x0d, 0x1b, 0x94, 0x3e, 0x1c, 0xb1, 0x8c, 0x71, 0xdf, 0x77, 0x59, 
    0x75, 0x6a, 0x28, 0x5f, 0xc9, 0xd4, 0x0a, 0x05, 0x14, 0xfb, 0xba, 0x26, 0xef, 0xf3, 0x3e, 0x14, 
    0x86, 0x25, 0x81, 0x0f, 0xf6, 0x74, 0xc0, 0x8c, 0xea, 0x7c, 0x98, 0x8d, 0xc2, 0x92, 0xc0, 0x07, 
    0xba, 0xdd, 0x94, 0x5e, 0xcd, 0x60, 0x31, 0xaa, 0x62, 0xdf, 0xb2, 0x99, 0x3e, 0x86, 0x13, 0x58, 
    0x92, 0xc0, 0xde, 0x0e, 0x17, 0xa5, 0xd7, 0xb2, 0x58, 0x8c, 0xaa, 0xd8, 0xad, 0xcd, 0xf4, 0x29, 
    0x9a, 0xc4, 0x92, 0x04, 0xde, 0xeb, 0x6e, 0x87, 0x19, 0xd5, 0xf9, 0x92, 0x58, 0x80, 0x25, 0x81, 
    0x3b, 0x5d, 0xbb, 0x60, 0x46, 0x75, 0x22, 0xc9, 0x6f, 0xb0, 0x24, 0xb0, 0xbb, 0xdd, 0x09, 0x33, 
    0xaa, 0x93, 0x58, 0x48, 0xc1, 0x92, 0xc0, 0xae, 0x9d, 0xad, 0x30, 0xa3, 0x3a, 0xc9, 0xef, 0x4b, 
    0xb0, 0x24, 0xf0, 0x8e, 0xed, 0x0e, 0x32, 0x9b, 0x8c, 0xdf, 0x56, 0x8c, 0x9a, 0xe4, 0x0b, 0x45, 
    0xfa, 0xf1, 0x2b, 0x4d, 0x08, 0x9b, 0x0e, 0xce, 0x27, 0x1c, 0x38, 0x22, 0xf0, 0xbf, 0x87, 0xee, 
    0x9a, 0x1a, 0x2d, 0x64, 0x6d, 0x6e, 0xa2, 0x06, 0xf3, 0xff, 0xbf, 0xbd, 0x18, 0x75, 0x28, 0xea, 
    0x3a, 0xad, 0x66, 0x72, 0xf4, 0x67, 0x3d, 0x5f, 0xfd, 0xd0, 0x1d, 0x3f, 0x36, 0x5b, 0x7f, 0x54, 
    0x3d, 0x36, 0x5b, 0xa2, 0x1c, 0x59, 0x68, 0x37, 0x35, 0x21, 0xbc, 0xf8, 0xbe, 0xb6, 0xe3, 0x14, 
    0xa3, 0x22, 0xb8, 0x73, 0x4d, 0x44, 0xb7, 0x4a, 0x71, 0x09, 0x54, 0x02, 0x33, 0xf5, 0xc9, 0x5f, 
    0xee, 0xaa, 0x10, 0x2c, 0x90, 0x9c, 0x06, 0x6b, 0x00, 0x00, 0x00, 0x00, 0x49, 0x45, 0x4e, 0x44, 
    0xae, 0x42, 0x60, 0x82, 
};

static const uint8_t ASSET_WOOD_BEAM_V_PNG[] = {
    0x89, 0x50, 0x4e, 0x47, 0x0d, 0x0a, 0x1a, 0x0a, 0x00, 0x00, 0x00, 0x0d, 0x49, 0x48, 0x44, 0x52, 
    0x00, 0x00, 0x00, 0x1c, 0x00, 0x00, 0x00, 0x78, 0x08, 0x06, 0x00, 0x00, 0x00, 0xe1, 0x68, 0x92, 
    0xd8, 0x00, 0x00, 0x01, 0xc1, 0x49, 0x44, 0x41, 0x54, 0x78, 0x9c, 0xed, 0xdb, 0xb9, 0x4a, 0x04, 
    0x41, 0x10, 0x06, 0xe0, 0xbf, 0x05, 0xc5, 0x03, 0x2f, 0xf4, 0x0d, 0x5c, 0xcf, 0x48, 0x3c, 0x52, 
    0x8f, 0x37, 0xf0, 0x25, 0x04, 0x33, 0x05, 0x05, 0x53, 0x7d, 0x22, 0x5f, 0x61, 0x35, 0x33, 0x34, 
    0x10, 0x54, 0x34, 0x11, 0x11, 0x14, 0x74, 0x5d, 0x0f, 0x66, 0xa7, 0xe7, 0x68, 0xab, 0x6a, 0x0f, 
    0x35, 0x14, 0x76, 0x07, 0x94, 0xbf, 0x60, 0xf8, 0xab, 0x87, 0xa5, 0x3e, 0x66, 0x98, 0xcd, 0xba, 
    0x1d, 0x0a, 0xae, 0x16, 0xb8, 0x36, 0x3b, 0xb1, 0x11, 0x82, 0xdb, 0x0e, 0x21, 0xcc, 0xcb, 0x72, 
    0x44, 0xae, 0xb6, 0x94, 0x73, 0xae, 0x2c, 0xc8, 0x61, 0xf9, 0xe2, 0xba, 0x0c, 0x29, 0xe9, 0xeb, 
    0x58, 0x9e, 0xe3, 0x48, 0xda, 0x8e, 0x55, 0x97, 0x73, 0xeb, 0x8a, 0x1a, 0xb8, 0x32, 0x53, 0x2a, 
    0x23, 0x84, 0xd5, 0xd2, 0x64, 0x09, 0xcb, 0x4b, 0x0b, 0x18, 0x1a, 0x1c, 0x80, 0xaf, 0x45, 0x88, 
    0xa3, 0xc8, 0xd2, 0xc7, 0x31, 0xb2, 0x34, 0x45, 0x9a, 0x65, 0x96, 0x99, 0x64, 0xda, 0x48, 0x5d, 
    0x37, 0xef, 0x6b, 0xa6, 0x69, 0x8e, 0x44, 0x53, 0xae, 0xd8, 0xa7, 0xa8, 0xbc, 0x7d, 0x48, 0x26, 
    0xf2, 0x68, 0xee, 0xf8, 0xe4, 0xe2, 0x7a, 0xad, 0x0e, 0x4e, 0x4f, 0x04, 0x09, 0x6c, 0x6e, 0x6d, 
    0xa2, 0xaf, 0xa7, 0x1b, 0xb1, 0x22, 0x72, 0x35, 0xc1, 0xdb, 0xbb, 0x7b, 0xe4, 0x32, 0x60, 0x6c, 
    0x74, 0xd8, 0x06, 0x2b, 0xf4, 0x1d, 0x7c, 0xaa, 0xbe, 0x59, 0x3f, 0xd0, 0xdb, 0x23, 0xf7, 0xbf, 
    0x40, 0xed, 0x23, 0xef, 0xf1, 0x5c, 0x7d, 0x97, 0xe9, 0x78, 0x39, 0xb9, 0xbc, 0x19, 0xfd, 0x01, 
    0xee, 0xed, 0xef, 0xc2, 0x0b, 0xd2, 0x4e, 0x50, 0xfb, 0xc7, 0xe7, 0xaa, 0x4c, 0x07, 0x04, 0x74, 
    0xbf, 0x06, 0x2b, 0x51, 0x82, 0xab, 0xd7, 0x04, 0x21, 0x0f, 0x98, 0xee, 0xcf, 0xe0, 0xb2, 0x0e, 
    0x83, 0xa7, 0x8f, 0x11, 0x1e, 0xa2, 0x4c, 0x7e, 0x0d, 0x8c, 0x77, 0x03, 0x73, 0xbd, 0xfe, 0x9f, 
    0x81, 0xef, 0x71, 0x82, 0xf3, 0x97, 0x04, 0xb9, 0xfc, 0x8f, 0x66, 0xfa, 0xf3, 0xce, 0xbf, 0x52, 
    0xfd, 0x48, 0x74, 0x78, 0x61, 0x1f, 0x8d, 0x02, 0x3a, 0x9c, 0x20, 0x41, 0x82, 0x04, 0xad, 0x27, 
    0x48, 0x90, 0xa0, 0xa5, 0xae, 0x09, 0x12, 0x24, 0x68, 0xc3, 0x09, 0x12, 0x24, 0x48, 0xd0, 0x7a, 
    0x82, 0x04, 0x09, 0x5a, 0xea, 0x9a, 0x20, 0x41, 0x82, 0x36, 0x9c, 0x20, 0x41, 0x82, 0x04, 0xad, 
    0x27, 0x48, 0x90, 0xa0, 0xa5, 0xae, 0x09, 0x12, 0x24, 0x68, 0xc3, 0x09, 0x12, 0x24, 0x48, 0xd0, 
    0x7a, 0x82, 0x04, 0x09, 0x5a, 0xea, 0x9a, 0x20, 0x41, 0x82, 0x36, 0x9c, 0x20, 0x41, 0x82, 0x2d, 
    0xb0, 0xb9, 0x29, 0x99, 0xfb, 0xbc, 0xdb, 0x06, 0xd6, 0x7c, 0x8a, 0xb3, 0x8a, 0xff, 0xa3, 0xfb, 
    0xbc, 0x3b, 0x79, 0xfc, 0x41, 0xa0, 0xea, 0xf1, 0xe5, 0xcd, 0x88, 0xa4, 0x80, 0x8d, 0x03, 0x1e, 
    0x93, 0x53, 0x25, 0x2c, 0x2d, 0x16, 0x70, 0xc0, 0xa3, 0xf0, 0x23, 0x2c, 0x5a, 0x86, 0x06, 0xb7, 
    0xe3, 0x42, 0x98, 0x97, 0xf7, 0x3b, 0x2c, 0xb7, 0xda, 0x53, 0xf2, 0x64, 0x5d, 0xc0, 0x81, 0x62, 
    0x90, 0x6a, 0x81, 0x45, 0xd5, 0x27, 0xec, 0xbb, 0x7c, 0x1d, 0xb4, 0xd6, 0x6e, 0x61, 0x00, 0x00, 
    0x00, 0x00, 0x49, 0x45, 0x4e, 0x44, 0xae, 0x42, 0x60, 0x82, 
};

static const uint8_t ASSET_STONE_BLOCK_PNG[] = {
    0x89, 0x50, 0x4e, 0x47, 0x0d, 0x0a, 0x1a, 0x0a, 0x00, 0x00, 0x00, 0x0d, 0x49, 0x48, 0x44, 0x52, 
    0x00, 0x00, 0x00, 0x30, 0x00, 0x00, 0x00, 0x30, 0x08, 0x06, 0x00, 0x00, 0x00, 0x57, 0x02, 0xf9, 
    0x87, 0x00, 0x00, 0x08, 0xfc, 0x49, 0x44, 0x41, 0x54, 0x78, 0x9c, 0xd5, 0x5a, 0xf9, 0x6f, 0x54, 
    0xd7, 0x15, 0x3e, 0x63, 0x0a, 0x18, 0x6c, 0xcf, 0x10, 0x28, 0xc1, 0x59, 0x80, 0x04, 0x8c, 0x97, 
    0xd0, 0xc6, 0x8e, 0x29, 0x8b, 0x81, 0x52, 0x9c, 0xa4, 0x91, 0xaa, 0x4a, 0xfd, 0x57, 0x68, 0x55, 
    0x55, 0x55, 0xa5, 0x4a, 0x25, 0x3f, 0x14, 0x30, 0xd8, 0x60, 0x92, 0x6e, 0x52, 0xab, 0x46, 0x5d, 
    0xd2, 0x25, 0x4a, 0x83, 0x68, 0x68, 0x4a, 0x20, 0x06, 0x83, 0x77, 0x9b, 0xb1, 0xc7, 0xeb, 0x78, 
    0xc6, 0xf6, 0x78, 0x03, 0x6c, 0x93, 0xb4, 0x04, 0xb2, 0x80, 0x59, 0xe6, 0xe5, 0x3b, 0xe7, 0xbe, 
    0x77, 0xef, 0x1b, 0xbf, 0x37, 0x4c, 0x36, 0x11, 0x73, 0x78, 0xdf, 0x3b, 0xdf, 0xb9, 0xe7, 0x9e, 
    0x73, 0xbf, 0xe3, 0xe7, 0x31, 0x78, 0x86, 0x00, 0xf9, 0xd8, 0xc6, 0xcd, 0xdb, 0xcb, 0xee, 0x92, 
    0x15, 0x02, 0x9d, 0x37, 0xb6, 0x80, 0x02, 0xd7, 0xfa, 0x3b, 0x9a, 0x23, 0xa0, 0x29, 0x96, 0x32, 
    0x40, 0x51, 0x79, 0xc5, 0x11, 0x8b, 0xac, 0x1f, 0x82, 0xce, 0x67, 0xdb, 0x1b, 0xef, 0x6c, 0x7d, 
    0x11, 0x5e, 0x2c, 0x00, 0x88, 0x15, 0x6e, 0xaa, 0xe8, 0x22, 0xcb, 0x2a, 0x03, 0x9d, 0xff, 0x16, 
    0x08, 0x44, 0xe2, 0xe1, 0x96, 0x67, 0xc0, 0xd4, 0x00, 0x45, 0x9b, 0x2a, 0x6a, 0x2d, 0xcb, 0xda, 
    0xf3, 0x83, 0xef, 0x7f, 0x8f, 0xca, 0xcb, 0xca, 0x68, 0x55, 0x7e, 0x3e, 0x59, 0x58, 0x27, 0xbe, 
    0xab, 0x4b, 0x6e, 0x78, 0x3a, 0x7c, 0xe3, 0x0b, 0x86, 0x48, 0x88, 0xe3, 0x85, 0xf1, 0x8d, 0x2f, 
    0x65, 0x48, 0x28, 0x6e, 0xdf, 0xe1, 0x70, 0xe1, 0x26, 0x77, 0xcd, 0x95, 0xe7, 0x4b, 0x6e, 0x7c, 
    0xc1, 0x10, 0x29, 0x02, 0x53, 0xfc, 0xda, 0xd5, 0xff, 0x53, 0x55, 0x75, 0x0d, 0x62, 0xb1, 0x17, 
    0xf1, 0x24, 0xf6, 0xca, 0x00, 0x85, 0xe5, 0xdb, 0x90, 0xc6, 0xb3, 0xf9, 0xf9, 0xcf, 0xa8, 0xb4, 
    0xb4, 0x94, 0x3e, 0xbe, 0x39, 0x8b, 0x08, 0x65, 0xb2, 0xaa, 0x8a, 0x1d, 0x8f, 0x41, 0xc1, 0x53, 
    0xbd, 0x30, 0xdb, 0x73, 0xcc, 0xc6, 0x77, 0x87, 0x73, 0xc0, 0x59, 0x15, 0xa6, 0x7a, 0xdc, 0xf9, 
    0x06, 0x2e, 0x0c, 0x84, 0x2f, 0xfc, 0x81, 0x67, 0xc6, 0xe6, 0xe4, 0x7e, 0xb4, 0x67, 0x0f, 0xee, 
    0xc6, 0x30, 0x40, 0x20, 0xc0, 0x2f, 0xd8, 0xdb, 0x77, 0x93, 0x5d, 0x88, 0xe9, 0xb7, 0x2f, 0x1f, 
    0xa5, 0xe0, 0xb2, 0x65, 0x34, 0x3c, 0x71, 0x09, 0x45, 0xaa, 0x30, 0x09, 0xb0, 0xb7, 0x92, 0x2e, 
    0x6e, 0xc3, 0x3f, 0x9e, 0x53, 0x67, 0x23, 0x6d, 0x9c, 0xd2, 0xf7, 0xde, 0xb5, 0x6f, 0xfc, 0xf9, 
    0x0f, 0x50, 0x69, 0x6c, 0xe1, 0x82, 0xac, 0x67, 0x02, 0xc5, 0xdf, 0xda, 0xb6, 0x3b, 0x99, 0xa4, 
    0xb3, 0x88, 0xe9, 0x37, 0x18, 0x20, 0x84, 0x01, 0x86, 0xc6, 0x79, 0x00, 0x53, 0x98, 0x7a, 0x88, 
    0x82, 0x7f, 0x7c, 0x6f, 0x01, 0x0e, 0x74, 0x9c, 0xd2, 0x37, 0x43, 0x2d, 0x44, 0x1e, 0xfb, 0xeb, 
    0x1f, 0xa1, 0xd2, 0x58, 0x56, 0x16, 0x55, 0xce, 0x19, 0xa0, 0x96, 0x82, 0xa1, 0x87, 0x30, 0xc0, 
    0x45, 0x57, 0xa1, 0xab, 0x89, 0x0d, 0xff, 0x38, 0x83, 0x00, 0x1b, 0x3a, 0x4e, 0xe9, 0x9b, 0xa1, 
    0x16, 0x02, 0x99, 0x1f, 0x7f, 0xf5, 0x15, 0xa8, 0x34, 0xe6, 0x19, 0xe0, 0xd7, 0x2f, 0xd5, 0xca, 
    0x13, 0x88, 0x8d, 0x5d, 0xb4, 0x0b, 0x5d, 0x4d, 0x6c, 0xf8, 0xc7, 0x19, 0x04, 0xd8, 0xd0, 0x71, 
    0x4a, 0xdf, 0x0c, 0xb5, 0x10, 0x27, 0x1c, 0xfe, 0xdf, 0x7f, 0xff, 0x13, 0x54, 0x1a, 0xf3, 0x1d, 
    0x20, 0x18, 0xe2, 0x01, 0x26, 0x51, 0xa0, 0x9a, 0x74, 0xb4, 0xb5, 0xd0, 0xc6, 0x6f, 0x96, 0xd2, 
    0xe2, 0xc5, 0x8b, 0x25, 0x96, 0xa6, 0x36, 0x54, 0x9c, 0x41, 0x80, 0x0d, 0x1d, 0xdb, 0x7d, 0x85, 
    0x67, 0xaa, 0x85, 0x30, 0xe1, 0xec, 0x81, 0x13, 0xff, 0xfc, 0x0b, 0x54, 0x1a, 0xf3, 0x0c, 0xf0, 
    0x2b, 0x0c, 0x10, 0x0a, 0x85, 0x68, 0x30, 0x31, 0x29, 0x85, 0xd3, 0x53, 0x53, 0xf4, 0xca, 0xef, 
    0x7f, 0x47, 0xd9, 0xd9, 0xd9, 0x54, 0xf9, 0xdd, 0x17, 0xe8, 0xa9, 0x6f, 0x3c, 0xad, 0x1a, 0x03, 
    0x9c, 0xc7, 0x05, 0x38, 0xdc, 0x20, 0x6d, 0xfc, 0x05, 0xc4, 0x5b, 0x56, 0x92, 0xfe, 0xf3, 0xda, 
    0xab, 0x50, 0x69, 0xcc, 0x77, 0x80, 0x60, 0x30, 0x44, 0xd1, 0xc4, 0x04, 0x0a, 0x50, 0x0c, 0xcc, 
    0x4c, 0x4f, 0x51, 0xdd, 0xa9, 0xb7, 0x69, 0x72, 0x62, 0x9c, 0x56, 0xaf, 0x59, 0x4b, 0xdf, 0x79, 
    0xee, 0x79, 0x5a, 0xb1, 0xf2, 0x61, 0xe4, 0x32, 0x08, 0xb0, 0xa1, 0xe3, 0x2f, 0x28, 0x3e, 0x89, 
    0xfa, 0xff, 0xbe, 0xfe, 0x37, 0xa8, 0x34, 0xe6, 0x19, 0xe0, 0xe5, 0xa3, 0x47, 0x3c, 0x03, 0x48, 
    0x23, 0xa0, 0xaf, 0xa7, 0x9b, 0xea, 0xdf, 0x39, 0x45, 0xb3, 0xb3, 0xb3, 0x54, 0xb6, 0x69, 0x33, 
    0x6d, 0xd9, 0xbe, 0x83, 0x16, 0x2e, 0x5a, 0x2c, 0x39, 0x07, 0xce, 0x5e, 0x07, 0x3a, 0xc6, 0xe1, 
    0x9a, 0x5b, 0x9f, 0x4f, 0x3c, 0xc7, 0x27, 0xdf, 0xf8, 0x07, 0x54, 0x1a, 0xf3, 0x0e, 0x50, 0x8b, 
    0x01, 0xf0, 0x2d, 0x34, 0x30, 0x32, 0x8e, 0x42, 0x57, 0x53, 0x1b, 0x37, 0x6e, 0xdc, 0xa0, 0xd6, 
    0xa6, 0x46, 0x8a, 0x84, 0x3b, 0xf0, 0x9a, 0xc8, 0xa6, 0x9d, 0x95, 0xcf, 0x52, 0x61, 0xc9, 0x46, 
    0xc9, 0x39, 0x7b, 0xaf, 0x5f, 0xbb, 0x46, 0x9d, 0xed, 0x2d, 0x50, 0x49, 0xb4, 0xe3, 0xd9, 0xe7, 
    0x71, 0xb0, 0xc9, 0xe1, 0x02, 0xdc, 0xb1, 0x82, 0x8e, 0x21, 0x44, 0x38, 0x7b, 0xc0, 0x2d, 0x3e, 
    0x09, 0x7e, 0xea, 0xd8, 0x6b, 0x50, 0x69, 0xcc, 0x33, 0xc0, 0x4b, 0x3c, 0x40, 0x30, 0x28, 0x03, 
    0x48, 0x23, 0x17, 0x54, 0xac, 0x04, 0x5c, 0x99, 0x99, 0xa1, 0x86, 0xb3, 0xef, 0xd0, 0xe5, 0x8b, 
    0x93, 0xf4, 0xe8, 0xe3, 0xab, 0xa9, 0x62, 0xd7, 0x6e, 0x79, 0x1a, 0x9d, 0x6d, 0x2d, 0x14, 0x8f, 
    0xf6, 0xa3, 0x93, 0xb2, 0x82, 0xa2, 0x12, 0xaa, 0xd8, 0xfd, 0x9c, 0xd4, 0xe0, 0x02, 0x9c, 0x3e, 
    0x06, 0x3a, 0x86, 0x08, 0xe1, 0xec, 0x81, 0xb9, 0xe2, 0xd9, 0x9f, 0x3e, 0xfe, 0x3a, 0xba, 0x1a, 
    0xf3, 0x19, 0xe0, 0x30, 0x06, 0x08, 0x51, 0xdf, 0xf0, 0x18, 0x1a, 0xa0, 0xd8, 0x86, 0x34, 0xb6, 
    0x08, 0x70, 0xb8, 0xc2, 0x60, 0x7f, 0x2f, 0x35, 0x9d, 0x3b, 0x4b, 0xb7, 0xf0, 0x6d, 0xe5, 0x58, 
    0x41, 0x71, 0x09, 0x95, 0x6d, 0xde, 0x4a, 0x91, 0xf6, 0x36, 0x1a, 0x8e, 0x45, 0x69, 0x7d, 0x51, 
    0x31, 0x6d, 0xdb, 0xa5, 0x86, 0x70, 0xd7, 0x32, 0x74, 0x0c, 0x01, 0xc2, 0xd9, 0x03, 0x7e, 0xe2, 
    0x39, 0xae, 0x7b, 0xf3, 0x5f, 0x38, 0xc1, 0x98, 0x67, 0x80, 0xa3, 0x47, 0x78, 0x80, 0x60, 0xca, 
    0x00, 0xd2, 0xd8, 0x22, 0xc0, 0xe1, 0x06, 0x1c, 0xcf, 0xde, 0xbc, 0x49, 0xe1, 0xb6, 0x66, 0x78, 
    0xbc, 0x36, 0xb6, 0x6c, 0xa5, 0x9c, 0xdc, 0x3c, 0x1c, 0xa8, 0x72, 0x4d, 0x78, 0x4a, 0x89, 0xf8, 
    0x20, 0xad, 0x2b, 0x2c, 0xa6, 0x2d, 0xdf, 0xae, 0x94, 0x1a, 0x07, 0x9c, 0x67, 0x2f, 0xe2, 0x1c, 
    0x0f, 0xa4, 0x13, 0xcf, 0xeb, 0x67, 0x4e, 0x1c, 0x83, 0x4a, 0x63, 0xbe, 0x03, 0xe4, 0xf1, 0x00, 
    0x43, 0xa3, 0x28, 0x70, 0x0e, 0x49, 0x2f, 0x9e, 0xbd, 0x03, 0x1d, 0xe3, 0x30, 0xcd, 0x51, 0xdb, 
    0x52, 0x5f, 0x47, 0x89, 0xa1, 0x41, 0x7a, 0x72, 0x43, 0x11, 0x6d, 0xde, 0xb9, 0x1b, 0x6b, 0xae, 
    0x3c, 0x0e, 0x16, 0xce, 0x1e, 0x60, 0x91, 0x22, 0x16, 0x7c, 0xae, 0x78, 0xce, 0xd7, 0xbf, 0x75, 
    0x1c, 0x2a, 0x8d, 0xf9, 0x0c, 0x50, 0x43, 0x79, 0x79, 0x41, 0xea, 0xc5, 0x00, 0xd2, 0xd8, 0x22, 
    0xc0, 0xb2, 0xb9, 0x41, 0xda, 0x18, 0x87, 0x69, 0xee, 0xaa, 0x6d, 0x3b, 0x7f, 0x86, 0x46, 0x87, 
    0x62, 0xf4, 0x44, 0x41, 0x11, 0x6d, 0xda, 0xb1, 0x4b, 0xd6, 0x45, 0x9c, 0xe3, 0x01, 0x25, 0xd2, 
    0x8e, 0xc1, 0xc5, 0x73, 0x0c, 0x2e, 0x79, 0xe0, 0xdc, 0xc9, 0x37, 0xa1, 0xd2, 0x98, 0x67, 0x80, 
    0xda, 0xc3, 0x18, 0x00, 0x4f, 0xa0, 0x27, 0x9e, 0x40, 0xa1, 0x11, 0xc0, 0xde, 0x41, 0xda, 0x18, 
    0x87, 0x69, 0xee, 0x53, 0xdb, 0xde, 0x70, 0x96, 0xc6, 0x86, 0xe3, 0xb4, 0xb6, 0xa0, 0x90, 0xca, 
    0xb7, 0xed, 0x54, 0x39, 0x1c, 0x2c, 0xe2, 0x44, 0xa4, 0x1d, 0x83, 0x8b, 0xe7, 0x18, 0x5c, 0xf2, 
    0x00, 0xef, 0x6f, 0x78, 0xfb, 0x04, 0x54, 0x1a, 0xf3, 0x19, 0xa0, 0x9a, 0x72, 0xf1, 0x04, 0x7a, 
    0xe2, 0xa3, 0x28, 0x4e, 0x15, 0xc0, 0x48, 0x1b, 0xe3, 0x30, 0xcd, 0x2d, 0xaf, 0x78, 0x06, 0xc7, 
    0x17, 0x1a, 0xeb, 0x69, 0x7c, 0x64, 0x88, 0xd6, 0xac, 0xdb, 0x40, 0x65, 0x5b, 0xb7, 0x93, 0x88, 
    0x13, 0x91, 0xd8, 0x03, 0x7e, 0x2f, 0xf1, 0xec, 0x1b, 0x4f, 0xbf, 0x05, 0x95, 0xc6, 0x3c, 0x03, 
    0x1c, 0xa9, 0xa9, 0x96, 0x27, 0xd0, 0x1d, 0x4b, 0xa8, 0x22, 0x17, 0xd2, 0xc6, 0x38, 0x4c, 0x73, 
    0x2b, 0xbd, 0x78, 0xf6, 0x2c, 0x22, 0xdc, 0x7c, 0x9e, 0x26, 0x12, 0xc3, 0x54, 0x51, 0xf9, 0x02, 
    0x2d, 0x5f, 0xb9, 0x92, 0x44, 0x2c, 0xd6, 0x33, 0x89, 0xe7, 0xb8, 0xb9, 0xee, 0x24, 0x54, 0x1a, 
    0xf3, 0x1d, 0x20, 0x17, 0x03, 0x44, 0x06, 0x47, 0xd0, 0x04, 0x85, 0x36, 0xa4, 0x89, 0x0b, 0x3a, 
    0xc6, 0x61, 0x9a, 0x5b, 0x99, 0xc5, 0x0b, 0x87, 0x7f, 0x77, 0x7a, 0xea, 0x33, 0x8b, 0xe7, 0xf5, 
    0x96, 0x33, 0xa7, 0xa0, 0xd2, 0x98, 0xef, 0x00, 0x39, 0x79, 0x79, 0x29, 0x03, 0x48, 0x13, 0x17, 
    0x74, 0x8c, 0xc3, 0x34, 0xb7, 0x3e, 0xbd, 0x78, 0x47, 0x8c, 0x88, 0x05, 0xff, 0xb4, 0xe2, 0x39, 
    0xdf, 0x56, 0x7f, 0x1a, 0x2a, 0x8d, 0x79, 0x06, 0x38, 0x5c, 0x7d, 0x48, 0x9e, 0x40, 0x57, 0x74, 
    0x18, 0x45, 0x2e, 0x01, 0x36, 0x74, 0x8c, 0x66, 0x9a, 0x5b, 0xf7, 0x47, 0x3c, 0xc7, 0xed, 0xe7, 
    0xeb, 0xa0, 0xd2, 0x98, 0x67, 0x80, 0x1a, 0x0c, 0xc0, 0x3f, 0x46, 0x3b, 0xa3, 0x43, 0xaa, 0x89, 
    0x0b, 0x3a, 0x46, 0x33, 0xcd, 0xad, 0xfb, 0x27, 0x9e, 0xf7, 0x5f, 0xc0, 0x4f, 0x32, 0xb7, 0xf9, 
    0x0e, 0x90, 0x8b, 0x6f, 0xa1, 0xf0, 0xc0, 0x10, 0x8a, 0x51, 0x68, 0x43, 0x9a, 0x32, 0xd0, 0x4c, 
    0x73, 0xeb, 0xfe, 0x8a, 0x67, 0x1f, 0x6e, 0x3a, 0x07, 0x95, 0xc6, 0xbc, 0x03, 0x1c, 0x3a, 0x88, 
    0xd7, 0x40, 0x10, 0x03, 0xc4, 0xd1, 0x00, 0xc5, 0x80, 0x34, 0x65, 0xa0, 0x99, 0xe6, 0xd6, 0xfd, 
    0x17, 0xcf, 0x7d, 0x3b, 0xf1, 0x13, 0xcc, 0x6d, 0x9e, 0x01, 0xaa, 0x31, 0x00, 0x3f, 0x81, 0x0b, 
    0xfd, 0x6a, 0x00, 0x69, 0xca, 0x40, 0x33, 0xcd, 0xad, 0xaf, 0x46, 0x3c, 0xe7, 0x22, 0xad, 0x8d, 
    0x50, 0x69, 0xcc, 0x3b, 0xc0, 0xc1, 0x2a, 0x79, 0x02, 0x17, 0xfa, 0x63, 0x28, 0x46, 0x13, 0x06, 
    0x9a, 0x69, 0x6e, 0x7d, 0x75, 0xe2, 0x99, 0x77, 0xb7, 0x37, 0x43, 0xa5, 0x31, 0xcf, 0x00, 0x87, 
    0x30, 0x00, 0x3f, 0x81, 0xf6, 0xbe, 0x98, 0x14, 0xce, 0x27, 0xf1, 0xbc, 0xd6, 0xdb, 0xd1, 0x0a, 
    0x95, 0xc6, 0x7c, 0x07, 0xe0, 0x7f, 0x0e, 0xb7, 0xf7, 0x0d, 0xa2, 0x08, 0xc5, 0x68, 0xc0, 0x4d, 
    0x70, 0x01, 0xee, 0x58, 0x41, 0xc7, 0x68, 0x20, 0x9c, 0x3d, 0xe0, 0x27, 0x46, 0x62, 0xf0, 0xcb, 
    0x93, 0xe3, 0xb4, 0xea, 0x91, 0xc7, 0xb0, 0x8e, 0x58, 0xd6, 0x91, 0xc7, 0xba, 0xe4, 0xc1, 0x9d, 
    0xfd, 0xdc, 0x57, 0x72, 0x80, 0x5a, 0xc3, 0xaf, 0xb5, 0xe1, 0x36, 0xa8, 0x34, 0xe6, 0x19, 0xe0, 
    0x60, 0xd5, 0x01, 0x7c, 0x0b, 0x61, 0x80, 0x9e, 0x41, 0x14, 0xa1, 0xa1, 0xe0, 0xcb, 0x13, 0x7f, 
    0xfd, 0xfd, 0xab, 0xf2, 0xef, 0xa1, 0x5c, 0xfc, 0xd2, 0x54, 0xf2, 0x74, 0x39, 0x2d, 0xc4, 0x5b, 
    0x35, 0xbc, 0x2e, 0x79, 0xde, 0x07, 0xce, 0x9e, 0xfb, 0x4a, 0x2f, 0x40, 0xad, 0xa9, 0x78, 0xa0, 
    0xab, 0x03, 0x2a, 0x8d, 0xf9, 0x0f, 0x80, 0x27, 0xd0, 0xda, 0x13, 0x95, 0x26, 0xb8, 0x00, 0x14, 
    0x03, 0xec, 0x1d, 0xe8, 0x18, 0x85, 0xc2, 0xd9, 0x03, 0x7e, 0x62, 0x24, 0x06, 0x97, 0x3c, 0xf0, 
    0xee, 0xcc, 0x14, 0xc5, 0x7b, 0xbb, 0x71, 0x1a, 0xd1, 0xfa, 0x92, 0x8d, 0xb4, 0x6c, 0xc5, 0x4a, 
    0x59, 0x77, 0xf6, 0x73, 0x5f, 0x67, 0x2f, 0xaf, 0xdd, 0xb9, 0x7d, 0x87, 0xae, 0x5f, 0xfd, 0x1f, 
    0x05, 0x1f, 0x5a, 0x4e, 0xd1, 0x48, 0x18, 0x55, 0xc6, 0x3c, 0x03, 0x54, 0xf1, 0x00, 0x39, 0xb9, 
    0xf6, 0x00, 0x5f, 0xbe, 0x78, 0x67, 0xff, 0x8d, 0x8f, 0x3f, 0xa2, 0xc1, 0xee, 0x4e, 0xfa, 0xe8, 
    0xc3, 0x0f, 0x28, 0xff, 0xb1, 0x35, 0xf4, 0xf8, 0xba, 0xf5, 0xb2, 0xce, 0x7d, 0xcd, 0xde, 0x24, 
    0x7d, 0x88, 0x37, 0x08, 0x2e, 0x8d, 0x25, 0xe8, 0xd6, 0xad, 0x59, 0x7a, 0x62, 0x43, 0x31, 0x8d, 
    0xe1, 0x17, 0x23, 0xb7, 0x79, 0x07, 0x38, 0xb0, 0x9f, 0x96, 0xf2, 0x13, 0xe8, 0xe6, 0x01, 0xd0, 
    0x0c, 0x60, 0xef, 0x40, 0xc7, 0x28, 0x10, 0xce, 0x1e, 0x50, 0x22, 0xed, 0x18, 0x5c, 0x3c, 0xc7, 
    0xe0, 0x92, 0x07, 0xfc, 0xf6, 0x8f, 0x43, 0xd0, 0xf4, 0xa5, 0x49, 0x5a, 0x8a, 0x2f, 0xda, 0xba, 
    0xe2, 0xa7, 0xe8, 0x6b, 0x0b, 0x17, 0xc9, 0x9e, 0xdb, 0x77, 0x6e, 0xd3, 0x15, 0xac, 0xbf, 0x37, 
    0x33, 0x8d, 0x37, 0x0b, 0x16, 0x51, 0xfe, 0xea, 0xb5, 0xb4, 0x64, 0x49, 0x0e, 0xc5, 0xfb, 0x22, 
    0x50, 0x69, 0xcc, 0x7f, 0x80, 0x9c, 0x3c, 0x6a, 0xe9, 0x1e, 0x50, 0x07, 0xba, 0xa0, 0x63, 0x6c, 
    0x16, 0xce, 0x1e, 0x70, 0xc4, 0x48, 0x0c, 0x2e, 0x9e, 0x63, 0x70, 0xc9, 0x03, 0xf7, 0xda, 0x7f, 
    0xf5, 0xbd, 0x2b, 0xf8, 0xca, 0xc6, 0x70, 0x3a, 0xd1, 0xea, 0x27, 0x0b, 0x28, 0x6b, 0x41, 0x16, 
    0x5d, 0x1c, 0x1d, 0x91, 0x37, 0x0a, 0x96, 0xe3, 0x0d, 0xb4, 0x15, 0x0f, 0xe7, 0xe3, 0x03, 0x99, 
    0x2c, 0xd9, 0x3b, 0xdc, 0xdf, 0x83, 0x5d, 0xc6, 0x3c, 0x03, 0x1c, 0x90, 0x01, 0x72, 0xa9, 0x39, 
    0x32, 0x80, 0x83, 0x70, 0x88, 0x0d, 0x11, 0xc0, 0xc0, 0x46, 0xe1, 0xec, 0x81, 0xb9, 0x62, 0xc4, 
    0x73, 0x0c, 0x2e, 0x79, 0x20, 0xd3, 0x7e, 0xee, 0x7b, 0x13, 0xef, 0x37, 0x8d, 0xc6, 0x06, 0xe4, 
    0x5b, 0x8b, 0x8d, 0xdf, 0xa2, 0x79, 0x14, 0xef, 0x02, 0x66, 0x2f, 0xcd, 0xc1, 0x1e, 0x3e, 0x1f, 
    0xfb, 0xb0, 0x77, 0x24, 0xda, 0x87, 0xac, 0x31, 0xef, 0x00, 0xfb, 0xf7, 0xd3, 0x12, 0x19, 0xa0, 
    0x5f, 0x1a, 0x33, 0x44, 0x00, 0x03, 0x9b, 0x84, 0xb3, 0x07, 0xfc, 0xc4, 0x48, 0x0c, 0x2e, 0x79, 
    0x20, 0xd3, 0x7e, 0xee, 0x2b, 0x39, 0x80, 0xd7, 0x2e, 0x8f, 0x8f, 0x11, 0x5e, 0x79, 0xf4, 0xf5, 
    0x55, 0x8f, 0xe0, 0xc3, 0xaf, 0x00, 0xd6, 0x91, 0xc7, 0xba, 0xe4, 0x01, 0x1e, 0xd2, 0x6d, 0x9e, 
    0x01, 0xf6, 0x63, 0x80, 0xa5, 0x39, 0x39, 0xd4, 0xd4, 0xa5, 0x06, 0x10, 0x01, 0x0c, 0x6c, 0x10, 
    0xce, 0x1e, 0xf0, 0x13, 0x23, 0x31, 0xb8, 0xe4, 0x81, 0x4c, 0xfb, 0xb9, 0xaf, 0xe4, 0x00, 0xb5, 
    0x66, 0xc7, 0xe0, 0xe2, 0x39, 0x06, 0x97, 0x3c, 0xc0, 0xfb, 0xc7, 0xe2, 0x51, 0xa8, 0x34, 0xe6, 
    0x1d, 0x60, 0xdf, 0x3e, 0xbc, 0x88, 0x73, 0xa9, 0xb1, 0xb3, 0x0f, 0xc5, 0x38, 0x90, 0x81, 0xa4, 
    0x70, 0xf6, 0x80, 0x3a, 0xc0, 0x8e, 0xc1, 0xc5, 0x73, 0x0c, 0x2e, 0x79, 0x20, 0xd3, 0x7e, 0xee, 
    0x2b, 0x39, 0x40, 0xad, 0xd9, 0x31, 0xb8, 0x78, 0x8e, 0xc1, 0x25, 0x0f, 0x38, 0xfb, 0x27, 0x86, 
    0x63, 0x50, 0x69, 0xcc, 0x77, 0x80, 0x25, 0x78, 0x02, 0x0d, 0x18, 0x80, 0x8b, 0xa4, 0x81, 0xe3, 
    0x01, 0x75, 0x80, 0x1d, 0x83, 0x8b, 0xe7, 0x18, 0x5c, 0xf2, 0x40, 0xa6, 0xfd, 0xdc, 0x57, 0x72, 
    0x80, 0x5a, 0xb3, 0x63, 0x70, 0xf1, 0x1c, 0x83, 0x4b, 0x1e, 0x70, 0xef, 0x9f, 0x4c, 0x0c, 0x41, 
    0xa5, 0x31, 0x19, 0xc0, 0xfd, 0x21, 0xdf, 0xbe, 0x7d, 0xbf, 0xc4, 0x00, 0xb9, 0xd4, 0x10, 0xee, 
    0x95, 0x82, 0x4c, 0x62, 0x24, 0x06, 0x97, 0x3c, 0x90, 0x69, 0xbf, 0x5b, 0x8c, 0x5a, 0xb3, 0x63, 
    0x70, 0xf1, 0x1c, 0x83, 0x4b, 0x1e, 0x98, 0xbb, 0xff, 0x12, 0x7e, 0x3a, 0xb9, 0x4d, 0x3e, 0xe4, 
    0x83, 0xd7, 0x1f, 0xb3, 0xfe, 0xf4, 0x27, 0x3f, 0xa6, 0xaa, 0x43, 0x35, 0x60, 0x0f, 0x86, 0xc9, 
    0xc7, 0xac, 0xf0, 0xfa, 0x83, 0x6e, 0xd0, 0x07, 0xc9, 0xcc, 0x07, 0xdd, 0x6c, 0x78, 0x0a, 0xfc, 
    0xd7, 0x5c, 0x29, 0xf0, 0x20, 0x58, 0x37, 0xc4, 0x97, 0xc1, 0x93, 0x1e, 0x80, 0x0d, 0x43, 0xec, 
    0x25, 0xa2, 0x5f, 0x00, 0xf3, 0xd9, 0xe4, 0x2b, 0x4f, 0xb6, 0xa5, 0x0c, 0xe0, 0x18, 0xbf, 0xb0, 
    0xef, 0x5a, 0xc9, 0x65, 0xa0, 0xf3, 0xc6, 0x16, 0x04, 0xb2, 0xde, 0xf7, 0xfb, 0xef, 0x36, 0x9f, 
    0x00, 0xe2, 0x6c, 0x9d, 0x94, 0xb6, 0x87, 0xad, 0x90, 0x00, 0x00, 0x00, 0x00, 0x49, 0x45, 0x4e, 
    0x44, 0xae, 0x42, 0x60, 0x82, 
};

static const uint8_t ASSET_STONE_BEAM_H_PNG[] = {
    0x89, 0x50, 0x4e, 0x47, 0x0d, 0x0a, 0x1a, 0x0a, 0x00, 0x00, 0x00, 0x0d, 0x49, 0x48, 0x44, 0x52, 
    0x00, 0x00, 0x00, 0x78, 0x00, 0x00, 0x00, 0x1c, 0x08, 0x06, 0x00, 0x00, 0x00, 0xaa, 0x01, 0x7b, 
    0x9e, 0x00, 0x00, 0x04, 0x39, 0x49, 0x44, 0x41, 0x54, 0x78, 0x9c, 0xed, 0x9a, 0x7f, 0x4c, 0x94, 
    0x65, 0x00, 0xc7, 0xbf, 0x2f, 0x0e, 0x98, 0x07, 0xee, 0x8e, 0xb5, 0x52, 0xdc, 0x9a, 0x77, 0x19, 
    0x6a, 0xb9, 0xca, 0xa0, 0x92, 0x7e, 0x2c, 0xad, 0x5c, 0x99, 0xab, 0x66, 0x6d, 0xb6, 0xe5, 0x5a, 
    0xb5, 0xe6, 0x9a, 0x9b, 0x13, 0x9c, 0xab, 0x56, 0x73, 0x2e, 0x15, 0x2d, 0x22, 0x8c, 0x90, 0x2e, 
    0x41, 0xc0, 0x90, 0x2e, 0x20, 0x44, 0x10, 0x35, 0x14, 0x06, 0x7a, 0x97, 0x84, 0x27, 0x03, 0xae, 
    0x70, 0x34, 0x0e, 0x3c, 0x7e, 0x08, 0xa4, 0x44, 0x1b, 0xb0, 0xc0, 0x11, 0xb4, 0xbd, 0x7d, 0xdf, 
    0xbb, 0x74, 0xb9, 0x7b, 0x9d, 0x8a, 0xca, 0xf3, 0xc0, 0xee, 0xb3, 0xbd, 0x9f, 0x7b, 0xde, 0x1f, 
    0x7f, 0x7c, 0xb7, 0xef, 0x3d, 0xef, 0x3d, 0xf7, 0xee, 0x55, 0x10, 0x60, 0x4a, 0x73, 0xb9, 0xe0, 
    0x79, 0x31, 0x8f, 0xaf, 0x54, 0xa0, 0xc6, 0xab, 0xaa, 0xb2, 0x08, 0x50, 0x4d, 0x3c, 0x14, 0x60, 
    0x12, 0xa2, 0x28, 0xb0, 0x73, 0xdb, 0xda, 0x5c, 0xe7, 0xb4, 0x83, 0x78, 0x0b, 0xd6, 0xca, 0x85, 
    0xaa, 0x96, 0x70, 0x18, 0x60, 0x8a, 0x10, 0x14, 0x84, 0x67, 0xb4, 0x92, 0xbd, 0x05, 0xcf, 0x8f, 
    0x8e, 0xb5, 0xab, 0xc0, 0x92, 0xf7, 0x37, 0xc4, 0x61, 0xf1, 0xa3, 0x31, 0x08, 0x0f, 0x0f, 0xe7, 
    0xd1, 0x00, 0x93, 0x8d, 0x91, 0x91, 0x11, 0x6c, 0x4b, 0x4c, 0x86, 0xcb, 0xe5, 0x02, 0x8b, 0x75, 
    0xb8, 0x1b, 0x9c, 0x4b, 0xf9, 0xc9, 0x19, 0x1c, 0x1d, 0xcb, 0x7e, 0x81, 0xa2, 0x7c, 0x1b, 0x8c, 
    0x33, 0xc2, 0xf1, 0xf7, 0xe8, 0x3f, 0xdc, 0x13, 0xcf, 0xc7, 0x9b, 0x3f, 0xa1, 0x81, 0xcf, 0x12, 
    0xb6, 0xd2, 0xf2, 0x21, 0x63, 0x3e, 0x67, 0xbd, 0x0b, 0xdb, 0x77, 0xec, 0xe0, 0x48, 0x19, 0x68, 
    0x69, 0x38, 0x15, 0xa1, 0x70, 0x74, 0xb9, 0xe0, 0xd2, 0xa2, 0x42, 0x1a, 0xe8, 0x3c, 0xdf, 0x4b, 
    0x8b, 0x67, 0x57, 0x6a, 0x2a, 0x0d, 0xc4, 0xc5, 0xc7, 0xd3, 0xf2, 0x21, 0x6b, 0xbe, 0xb8, 0xf5, 
    0xeb, 0x69, 0xa0, 0xa5, 0xc1, 0xc9, 0x9f, 0x63, 0x72, 0xa9, 0xe0, 0xe2, 0xc2, 0x02, 0x1a, 0xf0, 
    0x74, 0xff, 0x4e, 0x8b, 0x27, 0xdd, 0x6a, 0xa5, 0x81, 0xb5, 0xeb, 0xd6, 0xd1, 0xf2, 0x21, 0x6b, 
    0xbe, 0x0f, 0x36, 0x6e, 0xa4, 0x75, 0x0a, 0x2e, 0x2a, 0xc8, 0xa3, 0x01, 0x77, 0x47, 0x37, 0x2d, 
    0x9e, 0xac, 0x3d, 0xe9, 0x34, 0xb0, 0xe6, 0xbd, 0xb5, 0xb4, 0x7c, 0xc8, 0x9a, 0x6f, 0xd3, 0x47, 
    0x1f, 0xd2, 0x3a, 0x05, 0xff, 0x90, 0x67, 0xa3, 0x81, 0x26, 0x4f, 0x27, 0x2d, 0x9e, 0x7d, 0x7b, 
    0xb3, 0x68, 0xe0, 0xed, 0x77, 0xd7, 0xd0, 0xf2, 0x21, 0x6b, 0xbe, 0x6d, 0x9b, 0x37, 0xd1, 0x3a, 
    0x05, 0xe7, 0xd9, 0x72, 0x69, 0xa0, 0xd1, 0xdd, 0x46, 0x8b, 0x27, 0x2f, 0x37, 0x07, 0x1a, 0xab, 
    0xdf, 0x7a, 0x07, 0x57, 0xa3, 0xc5, 0xed, 0xc6, 0x1c, 0xb3, 0x19, 0xa1, 0xa1, 0xa1, 0xdc, 0x9b, 
    0x58, 0xae, 0x27, 0x9f, 0x08, 0x12, 0x13, 0xb6, 0x40, 0xc3, 0xaf, 0x60, 0x5b, 0x6e, 0x0e, 0x34, 
    0xea, 0x7f, 0x6b, 0xa5, 0xc5, 0xb3, 0xff, 0xbf, 0x3b, 0xca, 0xaa, 0xd5, 0x6f, 0xd2, 0xfe, 0x8c, 
    0x8e, 0x8e, 0xe2, 0x50, 0x49, 0x31, 0x86, 0x86, 0x86, 0x70, 0x6f, 0xd4, 0x3c, 0x6e, 0x51, 0x98, 
    0x15, 0x19, 0xc9, 0x33, 0x13, 0xc3, 0xb5, 0xf2, 0x89, 0x22, 0x25, 0x51, 0x5b, 0x45, 0xeb, 0x14, 
    0xbc, 0x2f, 0x67, 0x2f, 0x0d, 0xd4, 0x9e, 0x69, 0xa6, 0xc5, 0x73, 0xb0, 0x30, 0x9f, 0x06, 0x56, 
    0xbe, 0xfe, 0x06, 0x7d, 0x75, 0x7a, 0x2f, 0x5c, 0x40, 0xbb, 0xe7, 0x2c, 0xda, 0x3c, 0x1e, 0xef, 
    0x7f, 0xf8, 0xf9, 0xf7, 0xdd, 0x0f, 0xcb, 0xdc, 0xb9, 0x08, 0x09, 0x09, 0xe1, 0x59, 0x7d, 0x86, 
    0xf9, 0xa5, 0xf8, 0xa3, 0xb7, 0xd7, 0x7b, 0xdd, 0x78, 0xb9, 0xde, 0x7c, 0x13, 0x8d, 0x75, 0x67, 
    0x12, 0xad, 0x53, 0xf0, 0xb7, 0xd9, 0x59, 0x34, 0x50, 0xf3, 0x4b, 0x13, 0x2d, 0x9e, 0x23, 0xc5, 
    0xfb, 0x69, 0xe0, 0xa5, 0xd7, 0x56, 0xd1, 0xd7, 0x66, 0x8c, 0x33, 0xba, 0xa3, 0xbd, 0x0d, 0xad, 
    0x2d, 0x6e, 0x5c, 0x1c, 0x1e, 0x86, 0xd9, 0x72, 0x0f, 0xe6, 0x58, 0x2c, 0xb8, 0xf3, 0xae, 0x99, 
    0x3c, 0xcb, 0x52, 0x79, 0xec, 0x7c, 0x4f, 0xb7, 0xf7, 0x9a, 0x81, 0xfe, 0x7e, 0x98, 0x4c, 0x11, 
    0x58, 0xb6, 0xfc, 0x45, 0x9e, 0x19, 0x1f, 0x37, 0x9a, 0x6f, 0xa2, 0xc8, 0x4c, 0x4b, 0xa1, 0x75, 
    0x0a, 0xce, 0xce, 0xdc, 0x43, 0x03, 0x27, 0xeb, 0x1b, 0x69, 0xf1, 0x1c, 0x3b, 0x54, 0x42, 0x03, 
    0xcb, 0x5f, 0x79, 0x95, 0xbe, 0x31, 0xfe, 0xec, 0xeb, 0x43, 0x57, 0x67, 0x07, 0xce, 0x71, 0x33, 
    0x84, 0x85, 0x21, 0x38, 0x38, 0x18, 0x83, 0x03, 0x03, 0x30, 0x1a, 0x4d, 0xb8, 0xdb, 0x6c, 0x46, 
    0xe4, 0xec, 0xd9, 0x30, 0x18, 0xc2, 0x78, 0xe5, 0xf8, 0xb9, 0x99, 0x7c, 0xb7, 0x93, 0x9c, 0xf4, 
    0xaf, 0x69, 0x9d, 0x82, 0x33, 0x33, 0xd2, 0x69, 0xc0, 0x5e, 0xeb, 0xa2, 0xc5, 0x53, 0x59, 0x76, 
    0x98, 0x06, 0x96, 0xad, 0x78, 0x99, 0x1e, 0x1f, 0x63, 0x63, 0x63, 0xe8, 0xe9, 0x3a, 0xc7, 0x11, 
    0x30, 0x73, 0x56, 0x24, 0xa6, 0x1b, 0x0c, 0x1c, 0xdd, 0x1a, 0x6e, 0x45, 0xbe, 0xdb, 0xc1, 0xf7, 
    0xd9, 0x19, 0xb4, 0x4e, 0xc1, 0x19, 0xbb, 0xbf, 0xa1, 0x81, 0xaa, 0x53, 0x75, 0xb4, 0x78, 0xec, 
    0xe5, 0x65, 0x34, 0xb0, 0xf4, 0x85, 0x15, 0xb4, 0x7c, 0xc8, 0x9a, 0xaf, 0x30, 0xd7, 0xb7, 0x96, 
    0xf2, 0x2b, 0x78, 0xb7, 0xd5, 0x37, 0xb5, 0xcb, 0xab, 0x4f, 0xd3, 0xe2, 0xa9, 0xae, 0xaa, 0xa0, 
    0x81, 0xa7, 0x9e, 0x7b, 0x9e, 0x96, 0x0f, 0x59, 0xf3, 0x1d, 0xcc, 0xff, 0x8e, 0xd6, 0x29, 0xd8, 
    0x9a, 0xb6, 0x8b, 0x06, 0xca, 0x1c, 0x35, 0xb4, 0x78, 0x9c, 0x8e, 0xe3, 0x34, 0x10, 0xbb, 0xe4, 
    0x59, 0x5a, 0x3e, 0x64, 0xcd, 0xf7, 0x63, 0x51, 0x01, 0xad, 0x53, 0x70, 0x5a, 0xea, 0x57, 0x34, 
    0x70, 0xf8, 0xf8, 0x49, 0x5a, 0x3c, 0x75, 0x3f, 0xff, 0x44, 0x03, 0x8f, 0x3c, 0xf9, 0x34, 0x2d, 
    0x1f, 0xb2, 0xe6, 0xab, 0x28, 0x3d, 0x40, 0xeb, 0x14, 0x9c, 0x9a, 0xf2, 0x25, 0xcd, 0x29, 0x5e, 
    0x71, 0x82, 0x16, 0x8f, 0xeb, 0xb4, 0xef, 0x4e, 0xf2, 0xf0, 0xe2, 0x27, 0x68, 0xf9, 0x90, 0x35, 
    0xdf, 0x89, 0xa3, 0xbe, 0xc5, 0x9f, 0x5f, 0xc1, 0x29, 0x3b, 0x93, 0x69, 0xe0, 0xc0, 0xd1, 0x4a, 
    0x5a, 0x3c, 0x67, 0xea, 0x6b, 0x69, 0xe0, 0x81, 0x98, 0xc7, 0x68, 0xf9, 0x90, 0x35, 0x5f, 0x75, 
    0xe5, 0x31, 0x5a, 0xa7, 0xe0, 0xe4, 0x2f, 0x92, 0x68, 0xae, 0xc2, 0x8e, 0x94, 0xd3, 0xe2, 0x69, 
    0xfe, 0xb5, 0x81, 0x06, 0x16, 0x3c, 0x14, 0x4d, 0xcb, 0x87, 0xac, 0xf9, 0x6a, 0x1d, 0x55, 0xb4, 
    0x4e, 0xc1, 0x49, 0x9f, 0x27, 0xd2, 0x40, 0x7e, 0x69, 0x19, 0x2d, 0x9e, 0xd6, 0xa6, 0x46, 0x1a, 
    0x88, 0x5a, 0xf8, 0x20, 0x2d, 0x1f, 0xb2, 0xe6, 0x73, 0xd5, 0xf8, 0xd6, 0x06, 0x7e, 0x05, 0x7f, 
    0xba, 0x3d, 0x01, 0x41, 0xd3, 0xa6, 0xc1, 0x56, 0xec, 0xbb, 0x87, 0x8b, 0xa6, 0xbd, 0xb9, 0x89, 
    0x06, 0x2c, 0x0b, 0x16, 0xd2, 0xf2, 0x21, 0x63, 0xbe, 0x91, 0x8b, 0xc3, 0x38, 0xeb, 0xfb, 0xe2, 
    0x0d, 0xb2, 0x60, 0x93, 0xb7, 0xe0, 0x4b, 0x2f, 0xdd, 0xcd, 0x30, 0x46, 0xe0, 0x0e, 0x3e, 0xed, 
    0x09, 0x9d, 0x6e, 0xe0, 0xd1, 0x00, 0x93, 0x0d, 0xed, 0x59, 0x7c, 0x5f, 0x4f, 0x17, 0xfe, 0x1a, 
    0xec, 0x07, 0x8b, 0xfd, 0xdf, 0x4b, 0x77, 0x81, 0xd7, 0x66, 0xa7, 0x1c, 0x57, 0xbc, 0x36, 0xab, 
    0xa1, 0x95, 0xac, 0xa8, 0xea, 0x06, 0xce, 0xe4, 0x45, 0xdc, 0x35, 0x72, 0x0b, 0x30, 0x09, 0x61, 
    0xa1, 0x0e, 0x25, 0x08, 0x5b, 0xb4, 0x72, 0x41, 0xb8, 0x1f, 0x60, 0x2a, 0xf3, 0x2f, 0x46, 0xbf, 
    0xcc, 0x2c, 0xcc, 0x47, 0x35, 0xe1, 0x00, 0x00, 0x00, 0x00, 0x49, 0x45, 0x4e, 0x44, 0xae, 0x42, 
    0x60, 0x82, 
};

static const uint8_t ASSET_STONE_BEAM_V_PNG[] = {
    0x89, 0x50, 0x4e, 0x47, 0x0d, 0x0a, 0x1a, 0x0a, 0x00, 0x00, 0x00, 0x0d, 0x49, 0x48, 0x44, 0x52, 
    0x00, 0x00, 0x00, 0x1c, 0x00, 0x00, 0x00, 0x78, 0x08, 0x06, 0x00, 0x00, 0x00, 0xe1, 0x68, 0x92, 
    0xd8, 0x00, 0x00, 0x01, 0xed, 0x49, 0x44, 0x41, 0x54, 0x78, 0x9c, 0xed, 0x9b, 0x3b, 0x4e, 0x5b, 
    0x51, 0x14, 0x45, 0xcf, 0xf3, 0x00, 0x80, 0x34, 0x11, 0x05, 0x55, 0xa2, 0x90, 0x16, 0x3b, 0x0d, 
    0xa9, 0x92, 0x94, 0x71, 0x9a, 0xcc, 0x24, 0x19, 0x02, 0x54, 0xfc, 0xc6, 0x00, 0x0c, 0x81, 0x29, 
    0x98, 0x0a, 0x17, 0xc8, 0xa2, 0x42, 0x98, 0x82, 0x4f, 0x01, 0x2d, 0x18, 0x2c, 0x24, 0x6c, 0xf4, 
    0x2e, 0x67, 0x1d, 0xfb, 0x81, 0x41, 0x88, 0x02, 0x8c, 0x0b, 0xb4, 0xaf, 0xb4, 0xb4, 0xef, 0xdb, 
    0xf0, 0xce, 0x92, 0xaf, 0x3b, 0x4b, 0x37, 0xb3, 0x11, 0xaf, 0x3b, 0xe1, 0xf4, 0xb7, 0xef, 0x7f, 
    0x33, 0x4b, 0xff, 0x52, 0xca, 0x66, 0xcc, 0xd2, 0x84, 0x57, 0x43, 0x59, 0x59, 0x66, 0x35, 0x67, 
    0x7e, 0x6f, 0xbb, 0x5e, 0x33, 0x5f, 0x21, 0x44, 0x66, 0x29, 0x6d, 0xf8, 0xf6, 0xcd, 0x56, 0xa9, 
    0x64, 0xbf, 0x90, 0x86, 0xf0, 0x6b, 0x65, 0xb6, 0x96, 0xcc, 0x7e, 0x94, 0xcb, 0x65, 0xfb, 0x53, 
    0xad, 0xda, 0xc7, 0xc9, 0x49, 0xbb, 0xee, 0x76, 0xad, 0xd3, 0xb9, 0xe9, 0x67, 0xb7, 0x97, 0xe0, 
    0xfb, 0xae, 0x67, 0x01, 0x1d, 0x19, 0x74, 0x3a, 0x91, 0x45, 0x77, 0xd5, 0x6e, 0xdb, 0xc9, 0xf1, 
    0x81, 0xb5, 0x5b, 0xe7, 0xe6, 0xa2, 0xcd, 0x66, 0xa3, 0xfe, 0xd3, 0xd3, 0x3f, 0x61, 0x65, 0xd6, 
    0x7d, 0x66, 0x2b, 0xcb, 0x4b, 0x36, 0x36, 0x36, 0x1e, 0xc3, 0xe1, 0xb5, 0x42, 0x68, 0x5f, 0xb4, 
    0xec, 0xa8, 0xb9, 0xeb, 0xd3, 0xb3, 0xf3, 0xfd, 0xc6, 0xd6, 0x87, 0x07, 0xc2, 0xf5, 0xb5, 0xd5, 
    0x18, 0xc8, 0x70, 0x18, 0x86, 0x10, 0x9a, 0x3b, 0xdb, 0x3e, 0xdd, 0x6c, 0xbf, 0x51, 0xf7, 0xaf, 
    0xd3, 0x97, 0x84, 0x45, 0xc7, 0x20, 0xf6, 0x0c, 0x29, 0xa0, 0x23, 0x03, 0x09, 0x25, 0x94, 0x10, 
    0xe8, 0xc8, 0x40, 0x42, 0x09, 0x25, 0x04, 0x3a, 0x32, 0x90, 0x50, 0x42, 0x09, 0x81, 0x8e, 0x0c, 
    0x24, 0x94, 0x50, 0x42, 0xa0, 0x23, 0x03, 0x09, 0x9f, 0x12, 0x2e, 0x2e, 0x2e, 0x59, 0x9e, 0x52, 
    0x90, 0xf2, 0x5e, 0xe6, 0x29, 0xbf, 0xdb, 0x27, 0x27, 0xcf, 0xfd, 0xd9, 0x13, 0xa2, 0x1b, 0x7c, 
    0x1e, 0xdc, 0x3b, 0x53, 0x9f, 0xbe, 0x3c, 0x2f, 0x5c, 0x40, 0xd8, 0x7f, 0x89, 0x17, 0xe0, 0x5e, 
    0x96, 0xfb, 0xdf, 0xc8, 0x3e, 0xfe, 0x7f, 0xbd, 0xbe, 0x47, 0xf1, 0x1e, 0x44, 0xef, 0xcf, 0x53, 
    0x9f, 0xa7, 0x9f, 0x17, 0x72, 0x64, 0x1c, 0x1f, 0x8c, 0xe4, 0x48, 0x19, 0xc8, 0x70, 0x90, 0x10, 
    0xe8, 0xc8, 0x40, 0x42, 0x09, 0x25, 0x04, 0x3a, 0x32, 0x90, 0x50, 0x42, 0x09, 0x81, 0x8e, 0x0c, 
    0x24, 0x94, 0x50, 0x42, 0xa0, 0x23, 0x03, 0x09, 0x25, 0x94, 0x10, 0xe8, 0xc8, 0x40, 0x42, 0x09, 
    0xdf, 0xa7, 0x50, 0xbf, 0xd3, 0xb0, 0xe7, 0x98, 0x0a, 0xe8, 0xc8, 0xe0, 0x25, 0x47, 0xca, 0x40, 
    0x86, 0x83, 0x84, 0x40, 0x47, 0x06, 0x12, 0x4a, 0x28, 0x21, 0xd0, 0x91, 0x81, 0x84, 0x12, 0x4a, 
    0x08, 0x74, 0x64, 0x20, 0xa1, 0x84, 0x12, 0x02, 0x1d, 0x19, 0x48, 0x28, 0xa1, 0x84, 0x40, 0x47, 
    0x06, 0x12, 0x3e, 0x16, 0xbe, 0xed, 0xf5, 0x07, 0x6b, 0xb9, 0x70, 0x22, 0x84, 0xc5, 0x05, 0x8f, 
    0x4a, 0xa5, 0x6c, 0xd5, 0xdf, 0xc3, 0xbd, 0xe0, 0x71, 0x7a, 0x7c, 0x68, 0x97, 0xad, 0x33, 0x73, 
    0xd1, 0xc0, 0x05, 0x8f, 0x51, 0x5f, 0x61, 0x61, 0x21, 0xcd, 0x52, 0xfa, 0xef, 0x9f, 0x74, 0xc6, 
    0x1f, 0xc7, 0x9d, 0xa1, 0x2c, 0x17, 0x6c, 0x66, 0x25, 0x9b, 0x43, 0x66, 0xbe, 0xfc, 0x79, 0xb4, 
    0xeb, 0x16, 0x9c, 0x39, 0x37, 0x4a, 0xf8, 0x1a, 0xc1, 0x25, 0x00, 0x00, 0x00, 0x00, 0x49, 0x45, 
    0x4e, 0x44, 0xae, 0x42, 0x60, 0x82, 
};

static const uint8_t ASSET_GLASS_BLOCK_PNG[] = {
    0x89, 0x50, 0x4e, 0x47, 0x0d, 0x0a, 0x1a, 0x0a, 0x00, 0x00, 0x00, 0x0d, 0x49, 0x48, 0x44, 0x52, 
    0x00, 0x00, 0x00, 0x30, 0x00, 0x00, 0x00, 0x30, 0x08, 0x06, 0x00, 0x00, 0x00, 0x57, 0x02, 0xf9, 
    0x87, 0x00, 0x00, 0x0a, 0x4f, 0x49, 0x44, 0x41, 0x54, 0x78, 0x9c, 0xd5, 0x9a, 0x69, 0x70, 0x53, 
    0xd7, 0x15, 0xc7, 0xef, 0x93, 0xde, 0xd3, 0xd3, 0x66, 0x4b, 0xf2, 0x02, 0xc6, 0x66, 0xb1, 0x81, 
    0x40, 0x42, 0x21, 0x10, 0x76, 0x28, 0x6b, 0x9a, 0xb6, 0x74, 0xfa, 0xa9, 0x33, 0xfd, 0xe8, 0x7a, 
    0x70, 0x30, 0xeb, 0x34, 0x74, 0x32, 0xfd, 0xdc, 0x29, 0x1d, 0x3a, 0xd3, 0xc9, 0xb4, 0x1d, 0xd2, 
    0x76, 0xda, 0x26, 0x29, 0x93, 0xa6, 0xc9, 0xb4, 0x03, 0x21, 0x6c, 0x05, 0x0c, 0x66, 0xb5, 0x31, 
    0xd8, 0x06, 0x63, 0x70, 0x08, 0x65, 0x09, 0xb1, 0x65, 0x83, 0x37, 0x6c, 0x6c, 0xed, 0xd2, 0x93, 
    0xa5, 0x27, 0xf5, 0x7f, 0xae, 0xec, 0x56, 0xf2, 0x13, 0x04, 0x7b, 0x6c, 0x62, 0x1e, 0x1c, 0xbd, 
    0x73, 0xcf, 0x3d, 0xf7, 0x9c, 0xdf, 0x79, 0xba, 0xf7, 0xea, 0xca, 0xb6, 0xc0, 0x5e, 0xf0, 0x2b, 
    0xb5, 0x80, 0xdd, 0x7b, 0xd6, 0x31, 0xc6, 0x7e, 0x09, 0x59, 0x00, 0xb1, 0x43, 0xc6, 0xd3, 0xe5, 
    0x86, 0x34, 0x42, 0x7e, 0xc5, 0x7e, 0xf1, 0x76, 0x25, 0x1b, 0xb8, 0xfe, 0x5f, 0xc0, 0xee, 0x3d, 
    0xbb, 0x58, 0x02, 0xfe, 0x45, 0xb8, 0xa8, 0x88, 0x5d, 0x0c, 0x57, 0xa2, 0x80, 0xc4, 0x93, 0xbf, 
    0x60, 0x31, 0x18, 0xd4, 0x6d, 0xcb, 0x16, 0x7a, 0x7f, 0x3c, 0xf7, 0x95, 0x80, 0xd5, 0x28, 0xc7, 
    0xd4, 0x18, 0x8b, 0xc7, 0xe3, 0x2c, 0x1e, 0x65, 0xb8, 0xe3, 0xbf, 0x4a, 0x77, 0x28, 0x2a, 0x8b, 
    0xc5, 0x63, 0x71, 0xc6, 0x78, 0x3f, 0xfe, 0xc7, 0x60, 0xe7, 0x82, 0x06, 0xf9, 0xc4, 0x62, 0xdc, 
    0x06, 0x2f, 0xe8, 0x78, 0x25, 0x1b, 0x39, 0xaa, 0x10, 0x6e, 0x13, 0xd0, 0xc4, 0x3d, 0x8a, 0x18, 
    0x14, 0x09, 0xbe, 0x5c, 0xc8, 0x46, 0xbe, 0x31, 0xc4, 0xe5, 0x39, 0x48, 0xe7, 0x3e, 0xd4, 0x66, 
    0xf1, 0x4b, 0x77, 0x6f, 0x4f, 0x38, 0xdf, 0x78, 0x73, 0x46, 0x7f, 0x34, 0x2a, 0x21, 0xfc, 0x7a, 
    0x14, 0x51, 0x39, 0x58, 0x40, 0x25, 0x63, 0x6c, 0xed, 0xcf, 0x57, 0x2f, 0x77, 0xbd, 0xb9, 0x78, 
    0x81, 0x9f, 0x06, 0x72, 0x38, 0x0c, 0x1c, 0x2f, 0xf0, 0x30, 0x53, 0x3b, 0x5e, 0x73, 0xe7, 0x4e, 
    0xde, 0xe9, 0xeb, 0xd7, 0x5f, 0x46, 0x8a, 0x2a, 0x14, 0xb0, 0x6e, 0xb0, 0x00, 0x17, 0x5e, 0xed, 
    0xb5, 0xdb, 0x4b, 0xdb, 0xc6, 0xe3, 0x93, 0x87, 0x99, 0xda, 0x78, 0xa8, 0x31, 0xc1, 0xa7, 0x28, 
    0xe2, 0xbb, 0x87, 0x0f, 0x7f, 0x1b, 0x69, 0xdc, 0x28, 0xc0, 0x31, 0x58, 0x00, 0xdc, 0x19, 0xfb, 
    0xe2, 0xed, 0x6d, 0x0f, 0x38, 0x1c, 0x9c, 0xa7, 0x98, 0xa4, 0x6c, 0x26, 0x70, 0x3d, 0xf1, 0x22, 
    0x20, 0x3b, 0x7c, 0xb8, 0x8e, 0x1b, 0x92, 0x30, 0xae, 0xe1, 0xe6, 0x8e, 0xa8, 0xc1, 0xa6, 0x60, 
    0xbf, 0x8b, 0x6c, 0x94, 0x68, 0xac, 0xe0, 0x55, 0x38, 0xc3, 0x26, 0xbc, 0xb3, 0x6f, 0xdf, 0x1a, 
    0xa4, 0x62, 0x28, 0x40, 0x48, 0x29, 0xa0, 0xf1, 0x67, 0xdb, 0x5a, 0xe1, 0xc3, 0x9f, 0x7c, 0x91, 
    0x59, 0xca, 0x86, 0x8e, 0xe1, 0x78, 0x79, 0x0e, 0xf0, 0x3a, 0x5d, 0x5c, 0x97, 0x67, 0x10, 0x4d, 
    0xce, 0x50, 0xc4, 0x47, 0x63, 0xb8, 0x1d, 0x2e, 0x5c, 0x4f, 0x82, 0x57, 0x61, 0xf8, 0xdd, 0xa7, 
    0xfb, 0xd7, 0x20, 0x9d, 0xb6, 0x80, 0x1b, 0x3b, 0xb7, 0xb5, 0x10, 0x3c, 0xc6, 0xc4, 0x8b, 0x4c, 
    0x86, 0x1c, 0xca, 0xf0, 0x3c, 0xe0, 0xe9, 0xc9, 0x2f, 0xb7, 0x59, 0x26, 0x4d, 0x91, 0x25, 0xfb, 
    0x9d, 0x60, 0xb8, 0xbb, 0xde, 0x1b, 0xea, 0x86, 0x19, 0xde, 0xe8, 0x1b, 0x02, 0x0f, 0x5d, 0xd8, 
    0x73, 0xe0, 0xd3, 0xd5, 0x48, 0xa9, 0x2d, 0xa0, 0x7e, 0xe7, 0x36, 0x27, 0xc6, 0x20, 0x20, 0x8b, 
    0xcf, 0x30, 0x4a, 0xb9, 0xcf, 0x0b, 0x7e, 0xba, 0x49, 0xb6, 0x2d, 0xca, 0x30, 0xe5, 0x47, 0x90, 
    0xfa, 0x4c, 0x5f, 0xc0, 0xd9, 0x1d, 0x89, 0x84, 0x68, 0x7c, 0x3a, 0x78, 0xac, 0x33, 0xe1, 0x0f, 
    0x07, 0x0f, 0xac, 0x42, 0x5a, 0x6d, 0x01, 0x57, 0x77, 0x6e, 0x6d, 0x86, 0x33, 0x4f, 0x30, 0xd3, 
    0x6c, 0xc8, 0x25, 0x23, 0x35, 0x70, 0x51, 0xe2, 0x31, 0x81, 0x77, 0x48, 0xa2, 0xbc, 0xd6, 0x6e, 
    0x99, 0x26, 0x0a, 0x4c, 0x5f, 0xef, 0x53, 0xda, 0x6e, 0x07, 0x14, 0x17, 0x8d, 0x7f, 0x12, 0x3c, 
    0x72, 0xb1, 0x3f, 0x1d, 0x3c, 0x98, 0xbe, 0x80, 0xda, 0x9d, 0x5b, 0x9b, 0x30, 0x86, 0x07, 0x9e, 
    0x65, 0x36, 0x4e, 0xa0, 0x6c, 0xb8, 0x28, 0xf1, 0x98, 0xc0, 0x4b, 0x3a, 0x41, 0xf7, 0xba, 0xc3, 
    0x3a, 0x2d, 0x43, 0xaf, 0x33, 0x3e, 0x08, 0x47, 0x5d, 0x17, 0x5c, 0xfe, 0x36, 0x1a, 0xff, 0x34, 
    0x78, 0xc4, 0x14, 0xfe, 0x7a, 0xe8, 0x20, 0xed, 0x42, 0xda, 0x02, 0x6a, 0xde, 0xda, 0xfa, 0x15, 
    0x05, 0xc6, 0x18, 0x36, 0xdb, 0x2c, 0x4f, 0x80, 0x89, 0x12, 0x8f, 0x09, 0x3c, 0xd9, 0x56, 0xd8, 
    0x2c, 0xf9, 0x53, 0x64, 0xd1, 0xee, 0x55, 0x63, 0xa1, 0xf2, 0x5e, 0xaf, 0x33, 0xa4, 0xb2, 0x68, 
    0x3a, 0xf8, 0x15, 0x36, 0xf3, 0xe4, 0xab, 0x9e, 0x40, 0x57, 0x00, 0x9d, 0x30, 0xb1, 0xf7, 0x0f, 
    0x3f, 0xa1, 0x80, 0xea, 0xb7, 0x36, 0xdf, 0x27, 0x07, 0xda, 0x4a, 0xe7, 0x58, 0xe5, 0x09, 0x48, 
    0x32, 0x66, 0xf0, 0x33, 0x8d, 0xb2, 0x7d, 0x61, 0xa6, 0x11, 0xf3, 0x9e, 0xa9, 0x67, 0xfb, 0x7c, 
    0xcd, 0x5d, 0xfd, 0x6a, 0x08, 0x7c, 0x1a, 0xf8, 0x79, 0xe0, 0x68, 0x0b, 0x47, 0xfc, 0x9d, 0x4a, 
    0x44, 0x81, 0x89, 0xdb, 0xf6, 0x1e, 0x39, 0xb4, 0x12, 0x18, 0xda, 0x02, 0xaa, 0x7e, 0xba, 0xf9, 
    0x3e, 0xc1, 0x23, 0x5f, 0xfc, 0x15, 0xab, 0x71, 0x22, 0x37, 0x22, 0xd9, 0x68, 0xc3, 0x67, 0x89, 
    0xa2, 0x71, 0x9d, 0x83, 0xe6, 0xbd, 0xa0, 0xbb, 0xe2, 0x0d, 0xb4, 0xdf, 0x0e, 0xf4, 0xf7, 0xa5, 
    0x83, 0x2f, 0x32, 0x49, 0x76, 0x15, 0x8f, 0xf0, 0x4b, 0x7f, 0xd8, 0x0b, 0x13, 0xb7, 0x91, 0xfc, 
    0xfd, 0xe8, 0xe1, 0x15, 0x40, 0xd1, 0x16, 0x70, 0x7e, 0xc7, 0xe6, 0x2f, 0x91, 0x8f, 0x27, 0x99, 
    0x63, 0x35, 0xe6, 0xc1, 0x34, 0xea, 0xf0, 0x12, 0x13, 0xf4, 0xaf, 0x67, 0x59, 0xa6, 0xd9, 0x44, 
    0x51, 0x6e, 0x55, 0xfa, 0xdd, 0xe7, 0x5d, 0x81, 0x87, 0xe9, 0xe0, 0x73, 0x24, 0xd1, 0x3c, 0x51, 
    0xd6, 0x5b, 0x1b, 0x3c, 0xc1, 0xc7, 0x30, 0x71, 0x1b, 0x49, 0x14, 0x49, 0x3f, 0x39, 0x7e, 0x24, 
    0x7d, 0x01, 0xe7, 0x76, 0x94, 0xdd, 0xa3, 0x24, 0x24, 0x73, 0x51, 0xc0, 0x68, 0xc3, 0xc3, 0x9f, 
    0xad, 0xb4, 0x99, 0xf3, 0xa7, 0x1a, 0x0d, 0x36, 0x8f, 0x1a, 0x55, 0x4e, 0xf4, 0xf8, 0x9b, 0x83, 
    0xaa, 0x1a, 0x03, 0x58, 0x0a, 0x3c, 0x4e, 0x6a, 0xe2, 0x22, 0x9b, 0x29, 0xaf, 0xb2, 0xcf, 0xdf, 
    0x01, 0x13, 0xb7, 0x91, 0x10, 0x3c, 0xdd, 0xff, 0x75, 0xe2, 0xe8, 0x72, 0x20, 0x69, 0x0b, 0x38, 
    0xb3, 0xa3, 0xec, 0xee, 0x40, 0xa2, 0xf8, 0x54, 0xa3, 0x64, 0x1b, 0x6d, 0xf8, 0x97, 0x68, 0xbf, 
    0xcf, 0x34, 0xe5, 0xf7, 0xe3, 0xb4, 0x75, 0xc6, 0x15, 0x6c, 0xea, 0x54, 0xfa, 0xc3, 0x00, 0x4a, 
    0x81, 0xc7, 0x2a, 0x15, 0x56, 0x3a, 0xcc, 0x05, 0x75, 0xee, 0xe0, 0xa3, 0x20, 0x6a, 0x23, 0x1b, 
    0xc9, 0x20, 0x3c, 0xe2, 0xb1, 0xfd, 0x27, 0x8e, 0xa5, 0x2f, 0xa0, 0x62, 0x47, 0xd9, 0x1d, 0xc4, 
    0x41, 0x52, 0x24, 0x1c, 0xe5, 0x83, 0x19, 0xe6, 0xbd, 0xbc, 0xde, 0x61, 0x29, 0x94, 0x74, 0x4c, 
    0x57, 0xe7, 0x09, 0xb6, 0xdd, 0xf2, 0x2b, 0x6e, 0x00, 0x69, 0xe0, 0xe7, 0x65, 0x1a, 0x73, 0x1f, 
    0x2a, 0x91, 0x40, 0x97, 0x12, 0x09, 0x91, 0x8d, 0x24, 0x19, 0x9e, 0xee, 0x9f, 0x95, 0x1f, 0x5f, 
    0x06, 0x34, 0x6d, 0x01, 0x27, 0xb7, 0x97, 0xdd, 0x46, 0x40, 0x24, 0x1f, 0x5d, 0x78, 0x49, 0x10, 
    0x74, 0x6f, 0x64, 0x5b, 0xa7, 0xd9, 0xb0, 0xdf, 0xb7, 0x28, 0x11, 0xd7, 0xd9, 0x5e, 0x5f, 0x3b, 
    0x40, 0x34, 0xf0, 0x85, 0x16, 0xc9, 0x86, 0xa6, 0x80, 0x45, 0xeb, 0x21, 0x1b, 0xc9, 0x50, 0x78, 
    0xf4, 0xb3, 0x43, 0x27, 0x9f, 0x50, 0xc0, 0xf1, 0xed, 0x65, 0xff, 0x41, 0x20, 0x4a, 0x8c, 0xf4, 
    0x48, 0x8e, 0x57, 0x24, 0x49, 0x80, 0x41, 0xb8, 0x6d, 0x98, 0xf0, 0x90, 0xf8, 0x2a, 0x87, 0x25, 
    0x7f, 0x2a, 0xf6, 0x7b, 0x77, 0x54, 0x55, 0x8e, 0xf5, 0xf8, 0x9c, 0x98, 0xf7, 0x2a, 0x7c, 0x53, 
    0xe0, 0xb3, 0x65, 0xbd, 0x09, 0x87, 0xb9, 0x8c, 0x06, 0x4f, 0xa8, 0x87, 0x6c, 0x24, 0xe9, 0xe0, 
    0x81, 0x27, 0x1c, 0x39, 0x75, 0x62, 0x29, 0x10, 0xb5, 0x05, 0xfc, 0x7b, 0xeb, 0xa6, 0x5b, 0x48, 
    0x0c, 0x27, 0x24, 0xc7, 0x2b, 0x92, 0x24, 0xc0, 0x20, 0xdc, 0x36, 0x02, 0xf8, 0x97, 0x2c, 0xb2, 
    0x6d, 0x49, 0x86, 0xb1, 0x80, 0xf6, 0xfb, 0x93, 0xbd, 0x3e, 0x27, 0xe6, 0xbd, 0x02, 0xdf, 0x14, 
    0x78, 0x4c, 0x2b, 0xfd, 0xc2, 0x4c, 0xf3, 0xa4, 0xaa, 0x3e, 0x3f, 0xbd, 0x33, 0x4f, 0x85, 0x8f, 
    0x42, 0x8e, 0x57, 0x94, 0x2f, 0x01, 0xa6, 0xb6, 0x80, 0x23, 0x54, 0x00, 0x92, 0x8e, 0x16, 0x3c, 
    0x9d, 0x73, 0xde, 0xc8, 0xb2, 0x14, 0x8a, 0x8c, 0xe9, 0x6b, 0x3c, 0x81, 0x76, 0xcc, 0x7b, 0x17, 
    0x7c, 0x53, 0xe0, 0x91, 0x8b, 0xad, 0xb0, 0x5b, 0x27, 0x63, 0x5d, 0x74, 0x05, 0xf1, 0x39, 0x4c, 
    0xf6, 0xa7, 0xc1, 0x63, 0x55, 0xb3, 0x93, 0x67, 0x4f, 0xa6, 0x2f, 0xe0, 0xd0, 0x96, 0x4d, 0x5f, 
    0x20, 0x20, 0x40, 0x06, 0xc0, 0x20, 0x18, 0x3c, 0x22, 0x78, 0x11, 0x8b, 0xf5, 0x7b, 0x59, 0xd6, 
    0x42, 0x9b, 0x5e, 0x6f, 0x74, 0x2a, 0x61, 0xf7, 0x99, 0x5e, 0x7f, 0x1b, 0x7c, 0x35, 0xf0, 0xf3, 
    0x32, 0x4c, 0x13, 0xda, 0x94, 0xa8, 0xbf, 0x83, 0xde, 0x19, 0xd8, 0xbf, 0x0e, 0x9e, 0x6c, 0xa7, 
    0xcf, 0x9d, 0x5a, 0x0c, 0x5c, 0x6d, 0x01, 0x9f, 0x6d, 0x29, 0xbd, 0x89, 0x24, 0x09, 0x30, 0x08, 
    0x06, 0x8f, 0x08, 0x9e, 0xec, 0x6b, 0x1c, 0xd8, 0xef, 0x0d, 0x92, 0xc3, 0xad, 0xaa, 0xca, 0xd1, 
    0x6e, 0xaf, 0x33, 0x88, 0x63, 0xcc, 0x50, 0xf8, 0x42, 0xb3, 0x6c, 0xc7, 0x78, 0x76, 0x2f, 0xa0, 
    0x78, 0xc9, 0xfe, 0x2c, 0xf0, 0x48, 0xc7, 0xce, 0x9e, 0xab, 0x48, 0x5f, 0xc0, 0xfe, 0x2d, 0xa5, 
    0x9f, 0x73, 0x30, 0x08, 0x06, 0x8f, 0x18, 0x7e, 0x96, 0x59, 0xb2, 0x2f, 0xcd, 0x30, 0x17, 0xf4, 
    0xc3, 0xa3, 0xbc, 0xd7, 0xdf, 0xdc, 0x19, 0x8e, 0x84, 0x87, 0xc2, 0x67, 0x19, 0x24, 0x73, 0xbe, 
    0x41, 0xb4, 0xd6, 0xe3, 0x93, 0x96, 0xec, 0xcf, 0x0a, 0x1f, 0x8d, 0x31, 0xa1, 0xf2, 0x42, 0xc5, 
    0x22, 0xe0, 0x6a, 0x0b, 0xd8, 0xb7, 0xb9, 0xb4, 0x11, 0xbe, 0x04, 0x33, 0x62, 0xf8, 0x1c, 0x49, 
    0x27, 0x7f, 0xc7, 0x61, 0x29, 0x92, 0x04, 0x9d, 0xfe, 0xb2, 0xc7, 0xdf, 0x7e, 0xd3, 0x1f, 0x76, 
    0x0f, 0x85, 0x17, 0x05, 0x9d, 0xb8, 0x38, 0xd3, 0x9c, 0x77, 0xa1, 0xcf, 0xd7, 0x41, 0xf6, 0xe1, 
    0xc0, 0x93, 0x5e, 0x5d, 0x79, 0x7a, 0x21, 0x70, 0xb5, 0x05, 0xfc, 0xb3, 0xac, 0xf4, 0x06, 0x06, 
    0x8f, 0x18, 0x5e, 0xc2, 0xf7, 0xda, 0x0d, 0xd9, 0x19, 0x85, 0x36, 0x9d, 0xde, 0xd4, 0x8c, 0x79, 
    0x5f, 0xd1, 0x8b, 0x5d, 0x05, 0x9d, 0x94, 0x74, 0x10, 0x1e, 0x31, 0x85, 0x55, 0x76, 0x6b, 0x01, 
    0x16, 0xf5, 0x23, 0x5a, 0xb4, 0xc3, 0x85, 0x27, 0xbf, 0x9a, 0xca, 0xb3, 0xe9, 0x0b, 0xf8, 0x64, 
    0x53, 0xe9, 0xf5, 0x91, 0xc2, 0xc3, 0x1c, 0x5f, 0x63, 0xb7, 0x14, 0x14, 0xca, 0x92, 0xc3, 0x15, 
    0x8d, 0x2a, 0x87, 0x7b, 0x7c, 0x2d, 0x00, 0x04, 0x03, 0x00, 0x92, 0xe0, 0x17, 0x64, 0x98, 0x72, 
    0x1f, 0xe0, 0x93, 0x96, 0x16, 0xed, 0x48, 0xe0, 0xa9, 0xbf, 0xae, 0xea, 0xdc, 0x6b, 0xc0, 0xd5, 
    0x16, 0xf0, 0x8f, 0xb2, 0x8d, 0x0d, 0x04, 0x8a, 0x44, 0x70, 0xc4, 0x3f, 0x0e, 0x06, 0x32, 0xd8, 
    0x38, 0x24, 0xa2, 0x21, 0x08, 0xb7, 0x25, 0x92, 0x51, 0x1b, 0x3a, 0x5c, 0x66, 0x9b, 0x0c, 0xf6, 
    0x65, 0x99, 0xe6, 0xc9, 0x61, 0x2c, 0xd5, 0x13, 0xf8, 0x5e, 0xdb, 0x11, 0x4a, 0xec, 0x2a, 0xc9, 
    0xf0, 0xf4, 0xdd, 0x97, 0x00, 0xee, 0x62, 0xd1, 0x8e, 0x14, 0x3e, 0x0a, 0xc7, 0x6b, 0xd5, 0xe7, 
    0xd3, 0x17, 0xf0, 0xd1, 0xa6, 0x8d, 0xd7, 0x90, 0x08, 0x8e, 0xf8, 0xc7, 0xc1, 0x40, 0x36, 0x08, 
    0x89, 0x68, 0x08, 0xc2, 0x6d, 0x88, 0x01, 0x8d, 0xda, 0xd0, 0xe1, 0x82, 0xa3, 0xaf, 0xfc, 0x5d, 
    0x87, 0x79, 0x3a, 0xe6, 0xb6, 0xbe, 0x1a, 0xfb, 0xfd, 0x4d, 0x6f, 0xc8, 0x4d, 0x49, 0x93, 0xe1, 
    0x73, 0x0d, 0x92, 0x29, 0x4f, 0xc6, 0xa2, 0x75, 0x07, 0x7a, 0x87, 0x0b, 0x5f, 0x68, 0x31, 0x18, 
    0xef, 0xfb, 0x43, 0x61, 0x82, 0xa7, 0xf6, 0x8d, 0x4b, 0x17, 0x16, 0x00, 0x57, 0x5b, 0xc0, 0xde, 
    0x37, 0x37, 0x5e, 0x03, 0x22, 0xa0, 0x08, 0x0c, 0x64, 0x83, 0x90, 0x88, 0x86, 0x64, 0xdc, 0x86, 
    0x18, 0xd0, 0xa8, 0x0d, 0x1d, 0x2e, 0x38, 0xdf, 0xeb, 0x36, 0xe4, 0x58, 0xa6, 0xdb, 0xf5, 0xa2, 
    0xb1, 0x09, 0xf3, 0xfe, 0x54, 0x0f, 0x3f, 0xe7, 0xa4, 0xc0, 0x4b, 0x3a, 0x9d, 0x7e, 0x29, 0x16, 
    0xed, 0xb9, 0x5e, 0x6f, 0xe7, 0x48, 0xe0, 0x97, 0xd8, 0x2c, 0x19, 0x1f, 0x3f, 0xec, 0xe1, 0xbb, 
    0x15, 0xa0, 0x84, 0xc6, 0xcb, 0x95, 0xf3, 0x81, 0xab, 0x2d, 0xe0, 0x83, 0xd2, 0x92, 0x7a, 0x0e, 
    0x09, 0x79, 0x16, 0x78, 0xd2, 0xd7, 0x3a, 0x2c, 0x93, 0xf9, 0xbc, 0xc7, 0x7e, 0x7f, 0xa8, 0xcb, 
    0xd3, 0x12, 0xc0, 0xf9, 0x3e, 0x19, 0x1e, 0x3e, 0x6c, 0xb5, 0xc3, 0x5a, 0x70, 0xc9, 0xed, 0xef, 
    0x0e, 0xf4, 0x27, 0xd6, 0x04, 0xe2, 0x25, 0x40, 0xd1, 0xf7, 0x2c, 0xf0, 0xd0, 0x19, 0x0a, 0xe8, 
    0x05, 0x14, 0x7c, 0x19, 0xbb, 0x55, 0xf3, 0x84, 0x02, 0xde, 0x2b, 0x2d, 0xb9, 0x4a, 0xa0, 0xf0, 
    0x4f, 0x40, 0x22, 0x1a, 0x92, 0x01, 0x16, 0x3a, 0x3c, 0x20, 0x68, 0x43, 0x87, 0x0b, 0xe9, 0xb3, 
    0x4c, 0x52, 0x16, 0xbe, 0x98, 0xf3, 0xfd, 0xfe, 0x58, 0xb7, 0xcf, 0xd9, 0x1e, 0xee, 0x0f, 0x0f, 
    0x85, 0x9f, 0x9f, 0x99, 0x58, 0xb4, 0xed, 0x81, 0x30, 0x5f, 0x13, 0x88, 0x97, 0x00, 0x45, 0xdf, 
    0xb3, 0xc2, 0xc7, 0xc1, 0xf6, 0xf1, 0x83, 0xee, 0x3e, 0xc4, 0xe4, 0x7e, 0x77, 0x6a, 0xab, 0x5e, 
    0x85, 0x49, 0x5b, 0xc0, 0x5f, 0x4a, 0x4b, 0xae, 0x90, 0x3f, 0x87, 0x44, 0x34, 0x24, 0x03, 0x2c, 
    0x74, 0xf4, 0x42, 0xd0, 0x86, 0x3e, 0x00, 0x9f, 0x2d, 0xe9, 0x4d, 0xdf, 0xcf, 0x4a, 0xec, 0xf7, 
    0x17, 0x5d, 0xfe, 0xf6, 0x46, 0x5f, 0xc8, 0x33, 0x14, 0x7e, 0x86, 0x59, 0xb6, 0x51, 0xc2, 0xdb, 
    0xde, 0x10, 0xff, 0xa4, 0x45, 0x3c, 0x0e, 0x40, 0x7d, 0xc3, 0x81, 0x27, 0xdf, 0x8f, 0x1e, 0xf4, 
    0xf4, 0xa2, 0x8d, 0xb1, 0x71, 0x76, 0xaf, 0xee, 0x62, 0xfa, 0x02, 0xfe, 0xbc, 0xb1, 0xa4, 0x8e, 
    0x43, 0x22, 0x1a, 0x92, 0x01, 0x16, 0x3a, 0x7a, 0x20, 0x68, 0x43, 0x1f, 0x80, 0xc7, 0xe1, 0x4c, 
    0xfc, 0x61, 0x8e, 0xb5, 0xc8, 0x8e, 0x2f, 0xe7, 0x5f, 0x05, 0xc3, 0xee, 0xf2, 0xc7, 0xde, 0x8e, 
    0xa1, 0xf0, 0x39, 0x06, 0xd1, 0x9c, 0x8f, 0x45, 0x5b, 0xd7, 0x17, 0xe0, 0x73, 0x17, 0xf1, 0x12, 
    0xa0, 0xe8, 0x03, 0xc4, 0xb0, 0xe0, 0xa1, 0xb2, 0x0f, 0xf1, 0x0e, 0x40, 0x47, 0xfc, 0xb8, 0xd0, 
    0x74, 0xa5, 0x7a, 0x1e, 0xba, 0xb4, 0x05, 0xfc, 0x71, 0x63, 0x49, 0xed, 0xd7, 0xc1, 0x63, 0x86, 
    0x0b, 0xeb, 0xb3, 0x2c, 0x05, 0x45, 0x46, 0xd9, 0xd1, 0x87, 0xfd, 0xfe, 0x40, 0xa7, 0xbb, 0x95, 
    0x7e, 0x1e, 0x92, 0x0c, 0x2f, 0xea, 0x04, 0x11, 0x5b, 0x6a, 0xde, 0x99, 0x1e, 0x2f, 0xff, 0xa4, 
    0x45, 0xbc, 0x04, 0x28, 0xfa, 0x00, 0x31, 0x6c, 0x78, 0xb0, 0xb0, 0x0f, 0x5b, 0x1f, 0x61, 0x0a, 
    0xc1, 0x1f, 0x0f, 0xca, 0x59, 0x7f, 0x69, 0x2e, 0x4c, 0xda, 0x02, 0xde, 0x2d, 0x29, 0xa9, 0x41, 
    0x32, 0xc0, 0x02, 0x18, 0x16, 0x88, 0x06, 0xfe, 0x65, 0x8b, 0xc1, 0xb1, 0xd2, 0x66, 0x2d, 0xa0, 
    0xfd, 0xfe, 0x48, 0xb7, 0xaf, 0x05, 0xe7, 0xfb, 0x70, 0x32, 0x3c, 0x92, 0x0b, 0x6b, 0xb0, 0x68, 
    0x31, 0xad, 0x1e, 0x05, 0x23, 0x38, 0x1e, 0xa3, 0x8f, 0x6c, 0xd4, 0x47, 0x40, 0x04, 0x31, 0x5c, 
    0x78, 0xdc, 0xd8, 0xdf, 0x5a, 0xba, 0x5c, 0x04, 0x4f, 0x5b, 0xe9, 0xc3, 0x86, 0xcb, 0xe9, 0x0b, 
    0xf8, 0x7d, 0x49, 0xf1, 0x65, 0x0c, 0x20, 0x58, 0x04, 0x00, 0x30, 0xe9, 0x49, 0xf0, 0xd9, 0x06, 
    0xd1, 0xb8, 0x21, 0xcb, 0x32, 0xdd, 0xa0, 0xd3, 0xeb, 0xaa, 0x70, 0x8e, 0x69, 0xf4, 0x62, 0xde, 
    0x23, 0x45, 0x32, 0xfc, 0x6b, 0x58, 0xb4, 0xad, 0xc1, 0x88, 0xbf, 0x2d, 0x14, 0x0e, 0x8f, 0x16, 
    0x3c, 0xec, 0xc2, 0x5e, 0x67, 0x97, 0x8b, 0xe0, 0xf1, 0x73, 0x22, 0xa1, 0xa3, 0xa1, 0xe6, 0x5b, 
    0x30, 0x6b, 0x0b, 0xf8, 0x6d, 0x49, 0xf1, 0x25, 0xf8, 0x20, 0x00, 0x80, 0x31, 0x16, 0x49, 0xfe, 
    0x07, 0x8f, 0x20, 0x6c, 0xa9, 0xcd, 0x3c, 0xf1, 0x55, 0xab, 0x29, 0xf7, 0x7e, 0x40, 0xf1, 0x94, 
    0x63, 0x7a, 0x0c, 0x85, 0x1f, 0x58, 0xb4, 0x0c, 0x8b, 0xd6, 0x37, 0x9a, 0xf0, 0xf4, 0xe4, 0x3f, 
    0x70, 0x76, 0xf5, 0x11, 0x3c, 0x74, 0xd6, 0x75, 0xa3, 0x36, 0x7d, 0x01, 0xef, 0xfc, 0x84, 0x17, 
    0x90, 0x16, 0x1e, 0x36, 0xfe, 0x65, 0x64, 0xa6, 0x59, 0xce, 0x6c, 0x0e, 0x28, 0xa1, 0x10, 0x7e, 
    0xe2, 0x91, 0x0c, 0x9f, 0x23, 0x4b, 0xa6, 0x7c, 0x49, 0xb4, 0xd6, 0xb9, 0xfc, 0xbd, 0xa3, 0x0d, 
    0x4f, 0x63, 0xde, 0xc7, 0x3b, 0x00, 0x9d, 0x45, 0xc1, 0xf1, 0xf8, 0x46, 0xed, 0x1c, 0x74, 0x6b, 
    0x0b, 0xf8, 0x4d, 0x71, 0x71, 0x35, 0x40, 0x9f, 0x08, 0x0f, 0x7d, 0x20, 0x60, 0xea, 0x93, 0xa7, 
    0x45, 0xbb, 0x22, 0xd3, 0x3c, 0xb1, 0xa2, 0xc7, 0xdb, 0x39, 0x16, 0xf0, 0xd4, 0x7e, 0xaf, 0xa9, 
    0xd3, 0x45, 0xf0, 0xb0, 0xb1, 0xbe, 0xcf, 0xeb, 0x34, 0x05, 0xb8, 0xf1, 0x6a, 0xfb, 0x75, 0x71, 
    0xf1, 0x45, 0x0c, 0x18, 0x16, 0x3c, 0xc9, 0x70, 0x8f, 0x07, 0xe4, 0xc7, 0xfb, 0xe1, 0x48, 0x6d, 
    0x7c, 0x72, 0xc2, 0x37, 0x11, 0x0f, 0x76, 0xc4, 0xc7, 0x1d, 0xb9, 0x78, 0xff, 0xc0, 0xb4, 0x19, 
    0x84, 0x57, 0xd5, 0x88, 0xde, 0x73, 0xab, 0x61, 0x36, 0x78, 0x3d, 0x28, 0xc0, 0x3e, 0x58, 0x40, 
    0x25, 0xc3, 0xaf, 0x59, 0x7f, 0xb4, 0x72, 0xf9, 0xad, 0xf9, 0x45, 0x33, 0x1e, 0x8f, 0x5b, 0x78, 
    0xb4, 0xc3, 0x3d, 0x5d, 0x76, 0xa5, 0xa3, 0x75, 0x12, 0x78, 0x53, 0x7e, 0xcd, 0xba, 0x8e, 0xe1, 
    0x17, 0xdd, 0x06, 0x49, 0x8c, 0xfc, 0x60, 0xd1, 0xe2, 0x7b, 0x45, 0x93, 0x26, 0x79, 0x64, 0x59, 
    0xc6, 0xa9, 0x06, 0x83, 0x06, 0x02, 0x22, 0x2d, 0x82, 0x23, 0xd0, 0x40, 0x32, 0x92, 0x6f, 0x02, 
    0x3e, 0xdc, 0xd5, 0x96, 0x1b, 0x8f, 0xa9, 0xf8, 0x2c, 0x4d, 0xfe, 0x45, 0x37, 0x5d, 0xbb, 0xf7, 
    0xec, 0x62, 0x2f, 0xec, 0x9f, 0x1a, 0x0c, 0x5e, 0x89, 0x77, 0x62, 0x17, 0x4b, 0xfc, 0xb1, 0x87, 
    0x0d, 0x32, 0x9e, 0x2e, 0x0f, 0xa4, 0x11, 0xb2, 0x0b, 0xf0, 0x95, 0x6c, 0xe0, 0x4a, 0x2d, 0xe0, 
    0x05, 0xbc, 0xfe, 0x0b, 0x35, 0xe3, 0xa6, 0x30, 0xc2, 0x7f, 0xf7, 0x93, 0x00, 0x00, 0x00, 0x00, 
    0x49, 0x45, 0x4e, 0x44, 0xae, 0x42, 0x60, 0x82, 
};

static const uint8_t ASSET_GLASS_BEAM_V_PNG[] = {
    0x89, 0x50, 0x4e, 0x47, 0x0d, 0x0a, 0x1a, 0x0a, 0x00, 0x00, 0x00, 0x0d, 0x49, 0x48, 0x44, 0x52, 
    0x00, 0x00, 0x00, 0x18, 0x00, 0x00, 0x00, 0x78, 0x08, 0x06, 0x00, 0x00, 0x00, 0xe8, 0x83, 0x32, 
    0xa2, 0x00, 0x00, 0x06, 0xcc, 0x49, 0x44, 0x41, 0x54, 0x78, 0x9c, 0xed, 0xda, 0x59, 0x6c, 0x5c, 
    0x57, 0x19, 0x07, 0xf0, 0xbb, 0xcd, 0xdd, 0xe6, 0xce, 0xee, 0x19, 0xcf, 0x78, 0x62, 0x7b, 0xec, 
    0xc4, 0x76, 0x62, 0x13, 0x3b, 0x8d, 0x95, 0x16, 0x25, 0x2d, 0x6e, 0x2b, 0x04, 0x12, 0x05, 0x54, 
    0x15, 0x21, 0x01, 0x7d, 0x20, 0xa5, 0x2f, 0x54, 0x42, 0x0a, 0x79, 0x00, 0x09, 0x51, 0x36, 0x81, 
    0x08, 0x48, 0x05, 0x1e, 0x58, 0xc4, 0x22, 0x2a, 0xa5, 0x3c, 0xb4, 0x12, 0x15, 0x29, 0xad, 0x42, 
    0x1b, 0x55, 0x04, 0x37, 0x45, 0x75, 0x20, 0x49, 0x1b, 0xdb, 0x75, 0x6c, 0x8f, 0x67, 0x3c, 0x5b, 
    0x66, 0xbf, 0xb3, 0xdd, 0x3b, 0x77, 0x9f, 0x85, 0x73, 0x88, 0x22, 0xc4, 0x23, 0xe5, 0x1c, 0xa9, 
    0x0f, 0x3d, 0xd2, 0x37, 0x23, 0x7d, 0x0f, 0xff, 0x9f, 0x34, 0x9a, 0x33, 0xf7, 0x3b, 0x73, 0x2f, 
    0x49, 0x60, 0x5e, 0xff, 0x01, 0xbe, 0xff, 0xb3, 0x47, 0xc1, 0xeb, 0x19, 0x50, 0xc7, 0x40, 0xf9, 
    0x41, 0xbd, 0xd7, 0xb5, 0x4a, 0x10, 0xc4, 0xf7, 0x88, 0x6f, 0x9d, 0x5d, 0x25, 0xc0, 0xba, 0x03, 
    0xdc, 0x09, 0xbf, 0x00, 0x0a, 0xe5, 0x7a, 0x08, 0x22, 0x77, 0x81, 0x55, 0x82, 0x20, 0x56, 0xee, 
    0x4f, 0x8c, 0x6b, 0x4f, 0xdc, 0xbb, 0x2c, 0x4f, 0x85, 0xc3, 0x5d, 0xa3, 0x3f, 0x74, 0xb4, 0xfe, 
    0xc0, 0x31, 0x07, 0x03, 0xf0, 0x3e, 0x74, 0x8c, 0xe1, 0xc0, 0x81, 0x3d, 0xdd, 0xe9, 0x0d, 0x15, 
    0xcb, 0x64, 0x54, 0xcb, 0x66, 0xba, 0x96, 0x4d, 0x2b, 0x96, 0xc5, 0x68, 0xa6, 0xc9, 0x28, 0xb6, 
    0xcd, 0x34, 0xd5, 0xae, 0x58, 0xab, 0x96, 0xe2, 0x8e, 0x61, 0x78, 0x41, 0xde, 0x1b, 0x00, 0x78, 
    0xf0, 0x2e, 0x30, 0x04, 0xaf, 0xc4, 0xc5, 0xd3, 0x8f, 0x17, 0x42, 0x5e, 0xc9, 0xd0, 0x41, 0x30, 
    0x0c, 0xfb, 0x5f, 0x01, 0xd8, 0x6b, 0x29, 0x1d, 0x77, 0xa7, 0x52, 0x3a, 0x04, 0xe2, 0xda, 0x00, 
    0x08, 0xfc, 0x17, 0xb0, 0x71, 0xe6, 0xa9, 0x8c, 0x0e, 0x82, 0xfe, 0x1f, 0x40, 0xb5, 0x4c, 0xba, 
    0x91, 0xcb, 0x7c, 0x08, 0xc4, 0x11, 0x00, 0x20, 0x3f, 0x00, 0xde, 0xa7, 0xc0, 0x38, 0xef, 0x1a, 
    0xe1, 0x48, 0x92, 0xb9, 0xdc, 0xd4, 0x76, 0xb1, 0x00, 0x71, 0x96, 0x09, 0x0a, 0x34, 0xc5, 0xbe, 
    0xd9, 0x36, 0xf6, 0xd4, 0x5e, 0xcf, 0x42, 0x0e, 0x04, 0x5d, 0xb4, 0x14, 0x64, 0x68, 0x69, 0x5d, 
    0x35, 0xf3, 0x45, 0xcb, 0x51, 0x90, 0x03, 0x7e, 0x86, 0x12, 0x47, 0x5c, 0x8c, 0x17, 0x1b, 0x20, 
    0x82, 0x8f, 0x67, 0x0c, 0x7c, 0x4c, 0x59, 0xc3, 0x96, 0x6f, 0x69, 0x56, 0x05, 0x39, 0x40, 0x13, 
    0x04, 0x3d, 0x25, 0xb0, 0x61, 0x6c, 0x40, 0x7f, 0x48, 0x0c, 0xe7, 0x44, 0x36, 0xd6, 0x76, 0xfa, 
    0xda, 0x5b, 0x1d, 0x3d, 0x83, 0x1c, 0x80, 0xfb, 0x60, 0x51, 0xe2, 0xc7, 0xb1, 0x02, 0x73, 0x02, 
    0x17, 0x73, 0xd1, 0x24, 0xf5, 0x9a, 0xac, 0xde, 0xc2, 0x02, 0x4c, 0x0b, 0xdc, 0x88, 0x48, 0x93, 
    0x1c, 0x36, 0x60, 0x92, 0x77, 0x05, 0x3d, 0x0c, 0x2d, 0xac, 0xb5, 0xb5, 0xfd, 0x92, 0xd5, 0x57, 
    0x91, 0x03, 0x61, 0xb0, 0xd1, 0x46, 0x79, 0x97, 0xef, 0xba, 0x6a, 0x64, 0x73, 0xba, 0xd3, 0x41, 
    0x0e, 0x04, 0x18, 0x5a, 0x8c, 0xf3, 0xae, 0x40, 0x52, 0xb7, 0x2b, 0x9b, 0xaa, 0x59, 0x45, 0x0e, 
    0x70, 0x14, 0x45, 0xcf, 0x88, 0x6c, 0x34, 0x63, 0x38, 0xb5, 0xb7, 0x15, 0xa3, 0x8c, 0x1c, 0xa0, 
    0x09, 0x92, 0x3c, 0x22, 0x71, 0x63, 0x75, 0xbb, 0xa7, 0x5c, 0x69, 0xe9, 0x19, 0xe4, 0x00, 0x0c, 
    0x3b, 0xe1, 0x13, 0x12, 0x2d, 0xa7, 0xa7, 0x5d, 0x6e, 0xea, 0x29, 0x6c, 0x80, 0xde, 0x1b, 0xd8, 
    0xaf, 0x36, 0xba, 0xdb, 0x58, 0x00, 0xf0, 0x73, 0x31, 0xea, 0x66, 0x28, 0xfe, 0xa5, 0x9a, 0xba, 
    0x81, 0x15, 0x78, 0x5d, 0xd6, 0x76, 0xe4, 0x7e, 0x4f, 0x83, 0x3d, 0xa4, 0xc0, 0x28, 0x4b, 0x7b, 
    0xe1, 0x57, 0xf5, 0x6a, 0x47, 0x4f, 0x67, 0x4c, 0xa7, 0x0d, 0x7b, 0x58, 0x80, 0x75, 0xc5, 0x2c, 
    0xdc, 0x32, 0xac, 0x1a, 0xec, 0x21, 0x05, 0x78, 0x8a, 0x64, 0xe6, 0x25, 0x2e, 0x9e, 0x32, 0xec, 
    0xca, 0x35, 0xc5, 0x28, 0xc2, 0x1e, 0x16, 0x20, 0x67, 0x38, 0xf5, 0xb7, 0x14, 0x3d, 0x0f, 0x7b, 
    0x48, 0x01, 0x7b, 0x48, 0xf4, 0x3f, 0xec, 0xe3, 0xa7, 0x9b, 0x4e, 0x5f, 0xbd, 0xd4, 0xec, 0x26, 
    0x61, 0x0f, 0x29, 0x00, 0x07, 0xaf, 0x07, 0x02, 0xe2, 0x21, 0xa5, 0xd7, 0xd7, 0x2f, 0xc2, 0xbd, 
    0x00, 0x7a, 0xc8, 0x81, 0x65, 0x2f, 0x7f, 0x00, 0xce, 0x48, 0x2f, 0x54, 0x3b, 0xef, 0xc0, 0x1e, 
    0x72, 0x60, 0xc9, 0xc3, 0x8d, 0x81, 0xeb, 0x02, 0x7f, 0xa1, 0xae, 0x6e, 0x80, 0x4b, 0xa8, 0x89, 
    0x1c, 0x98, 0x16, 0xd8, 0xe0, 0x18, 0xcf, 0xf8, 0xaf, 0xb4, 0xb5, 0xbd, 0xb4, 0xee, 0xb4, 0x90, 
    0x03, 0x93, 0x02, 0xeb, 0x1b, 0xe7, 0x99, 0x10, 0x36, 0x20, 0xcc, 0xd2, 0xe2, 0x9c, 0x9b, 0x8b, 
    0xee, 0x68, 0x56, 0x79, 0xad, 0x63, 0x14, 0x90, 0x03, 0x92, 0x8b, 0x72, 0x1d, 0x03, 0x23, 0x0c, 
    0x36, 0x80, 0xa2, 0x08, 0xe2, 0xa4, 0x4f, 0x9c, 0x96, 0x9d, 0x9e, 0xfa, 0x4a, 0xbd, 0xbb, 0x8d, 
    0x1c, 0x80, 0xe7, 0x83, 0x8f, 0x86, 0xa4, 0x39, 0xac, 0xc0, 0xfd, 0x7e, 0x71, 0x9a, 0x05, 0x07, 
    0x92, 0xf3, 0x95, 0xce, 0x35, 0x2c, 0xc0, 0xb2, 0x57, 0x38, 0xe0, 0xa3, 0x29, 0x11, 0x1b, 0xb0, 
    0xe4, 0x15, 0x62, 0x21, 0x9a, 0xf2, 0xfc, 0xa5, 0xd1, 0xdd, 0xca, 0xe9, 0x96, 0x86, 0x1c, 0x98, 
    0x12, 0xd9, 0xc0, 0x14, 0xe7, 0x0a, 0xff, 0xb5, 0xa5, 0xed, 0x24, 0xbb, 0xa6, 0x82, 0x1c, 0x38, 
    0xc0, 0xbb, 0xbc, 0xb3, 0x02, 0x1b, 0xbd, 0xa9, 0xd9, 0xb9, 0xb5, 0xa6, 0x5a, 0x45, 0x0e, 0x78, 
    0x18, 0x8a, 0x3d, 0xe1, 0x11, 0x12, 0x5b, 0xba, 0x5d, 0xbc, 0xd2, 0x50, 0x8b, 0xc8, 0x01, 0x1e, 
    0x4c, 0x79, 0x27, 0x7d, 0xc2, 0xc1, 0x92, 0xdd, 0x6f, 0xfe, 0xb9, 0xda, 0x4e, 0x21, 0x07, 0xe0, 
    0xf8, 0xfe, 0xa9, 0x11, 0x69, 0xa1, 0xde, 0x1b, 0x74, 0x5e, 0x2c, 0xb7, 0x76, 0xb1, 0x01, 0xda, 
    0x60, 0x60, 0x3e, 0x57, 0x6c, 0x6d, 0x60, 0x01, 0x4e, 0x05, 0x84, 0xc9, 0x00, 0xcd, 0x88, 0xbf, 
    0x2e, 0xc8, 0xd7, 0xb1, 0x02, 0xcf, 0x97, 0x9b, 0x9b, 0x05, 0x4d, 0xef, 0xc3, 0x30, 0xa4, 0xc0, 
    0x9c, 0x9b, 0x0d, 0xcd, 0x08, 0x5c, 0xe4, 0x55, 0x59, 0xd9, 0xdd, 0x6c, 0x2b, 0x06, 0x0c, 0xc3, 
    0x02, 0xbc, 0xd9, 0xea, 0x66, 0xd7, 0x1a, 0xed, 0x36, 0x0c, 0x43, 0x0a, 0x04, 0x58, 0x8a, 0x3b, 
    0xe5, 0x75, 0x4f, 0xaf, 0xab, 0x7a, 0xe9, 0x52, 0xb5, 0x59, 0x83, 0x61, 0x58, 0x80, 0x6d, 0xdd, 
    0xac, 0xbe, 0x52, 0x92, 0xcb, 0x30, 0x0c, 0x29, 0x30, 0x20, 0x89, 0xc1, 0xa7, 0x43, 0x9e, 0x85, 
    0xaa, 0xed, 0xa8, 0xe7, 0xf3, 0xd5, 0x34, 0x0c, 0x43, 0x0a, 0xc0, 0xf3, 0xc1, 0x67, 0xc3, 0xbe, 
    0xc5, 0x86, 0xd3, 0xd3, 0x7f, 0x9f, 0xab, 0x24, 0x61, 0x18, 0x72, 0xe0, 0x63, 0x41, 0x69, 0x46, 
    0xa2, 0x28, 0xe1, 0x27, 0xe9, 0xe2, 0x4d, 0x18, 0x86, 0x1c, 0x78, 0x28, 0x20, 0x4d, 0x05, 0xc0, 
    0x75, 0xe1, 0x57, 0x99, 0xf2, 0x66, 0xcd, 0x30, 0x49, 0xe4, 0xc0, 0x3d, 0x12, 0x1f, 0x9d, 0xe2, 
    0xd9, 0xc8, 0x9f, 0xca, 0x72, 0x6a, 0xa3, 0xa5, 0x9a, 0xc8, 0x81, 0x05, 0x37, 0x1f, 0x9e, 0x13, 
    0xd8, 0x18, 0x36, 0x20, 0xc1, 0xb1, 0xde, 0xe3, 0x1e, 0x3e, 0x71, 0xad, 0xad, 0x56, 0x2f, 0x96, 
    0xe4, 0x3a, 0x72, 0x20, 0x04, 0x86, 0xe0, 0x15, 0xbf, 0x7b, 0x16, 0x1b, 0xc0, 0x92, 0x34, 0xf9, 
    0xc9, 0x90, 0xfb, 0x68, 0xc9, 0x34, 0xb5, 0xdf, 0xee, 0x97, 0x33, 0xc8, 0x01, 0xd8, 0x7b, 0x7c, 
    0xd4, 0xb7, 0x8c, 0x15, 0x78, 0x74, 0x44, 0x3a, 0xca, 0x91, 0x04, 0xf7, 0x83, 0x9d, 0xfc, 0x26, 
    0x16, 0xe0, 0xe3, 0x41, 0xf7, 0xac, 0x9f, 0x26, 0xbd, 0xd8, 0x80, 0x07, 0xfd, 0xc2, 0xc1, 0x51, 
    0x17, 0x1d, 0x78, 0x36, 0x57, 0x49, 0x25, 0xdb, 0x5d, 0x1b, 0x39, 0xb0, 0xe4, 0x66, 0x63, 0x87, 
    0x45, 0x36, 0xfe, 0x7c, 0xbe, 0x9e, 0x59, 0x6f, 0x75, 0x0c, 0xe4, 0xc0, 0x11, 0xd1, 0x15, 0x59, 
    0x74, 0x73, 0x13, 0xab, 0xf5, 0x4e, 0xf9, 0xb5, 0x52, 0xbd, 0x85, 0x1c, 0x08, 0x33, 0x94, 0xf4, 
    0x70, 0x40, 0x3c, 0x7c, 0xb5, 0xa9, 0xd4, 0x5e, 0x2a, 0xd4, 0x64, 0xe4, 0x80, 0x87, 0x24, 0x84, 
    0x4f, 0x80, 0x11, 0x26, 0xdd, 0x35, 0xd4, 0xdf, 0xa5, 0x8b, 0x05, 0xe4, 0x00, 0x1c, 0xdf, 0x9f, 
    0x18, 0xf3, 0x9f, 0x28, 0x18, 0x96, 0xfe, 0xcb, 0x64, 0x21, 0x8b, 0x0d, 0xe8, 0x38, 0x7d, 0xe7, 
    0xdc, 0xad, 0xcc, 0x1e, 0x16, 0xe0, 0x91, 0x11, 0xf7, 0x91, 0x90, 0x8b, 0xf1, 0x7c, 0x73, 0x23, 
    0xbd, 0x85, 0x15, 0xf8, 0xe9, 0x76, 0x6e, 0x2f, 0xd3, 0xd5, 0x06, 0xc8, 0x81, 0x63, 0x12, 0x3b, 
    0xbe, 0xe8, 0x11, 0x62, 0xe7, 0x33, 0xe5, 0xec, 0x75, 0xb9, 0x65, 0x61, 0x03, 0x5e, 0xbe, 0x5d, 
    0x2b, 0xbd, 0x5e, 0x96, 0x55, 0xe4, 0x40, 0x88, 0x1e, 0xfa, 0x1f, 0x89, 0xf8, 0x67, 0xaf, 0xd4, 
    0xdb, 0xf5, 0x3f, 0x66, 0x4b, 0x4d, 0x6c, 0xc0, 0x3f, 0xe5, 0x4e, 0xf3, 0x0f, 0x99, 0x62, 0x1d, 
    0x39, 0xe0, 0x38, 0x36, 0xf7, 0xe4, 0x44, 0x78, 0x29, 0xd7, 0x35, 0xf5, 0x67, 0xb6, 0xf7, 0x0b, 
    0xc8, 0x01, 0x78, 0x3e, 0xf8, 0x4a, 0x62, 0xf4, 0x78, 0xd9, 0xb0, 0xac, 0x1f, 0xbe, 0x9b, 0xce, 
    0x62, 0x01, 0x3e, 0x1f, 0x0b, 0xcd, 0xfb, 0x5c, 0x94, 0x70, 0xf6, 0xc6, 0xce, 0x0e, 0x16, 0xe0, 
    0xb1, 0x68, 0x60, 0x2e, 0xc2, 0x32, 0xd2, 0xd3, 0x37, 0x93, 0x7b, 0x35, 0x4d, 0x27, 0x91, 0x03, 
    0x1f, 0x09, 0x48, 0x13, 0xf3, 0x1e, 0x21, 0xfc, 0x9b, 0xbd, 0x42, 0xfe, 0x46, 0xad, 0x61, 0x23, 
    0x07, 0xee, 0xf3, 0x89, 0xf1, 0x7b, 0x7c, 0xee, 0x28, 0x36, 0x60, 0x56, 0xe0, 0xc2, 0x0f, 0x87, 
    0xbd, 0x13, 0x97, 0xcb, 0x72, 0xe3, 0x85, 0xfd, 0xdb, 0x2d, 0xe4, 0x40, 0x84, 0xa6, 0xfd, 0x8f, 
    0xc5, 0x83, 0x07, 0xb1, 0x01, 0xae, 0xc1, 0x40, 0x7c, 0x32, 0x31, 0x7a, 0x24, 0xa3, 0x1a, 0xc6, 
    0xb9, 0x8d, 0xdd, 0x22, 0x72, 0x00, 0x86, 0x7d, 0x6d, 0x26, 0xbe, 0x84, 0x15, 0xf8, 0x72, 0x22, 
    0x3a, 0x0f, 0x6f, 0x0d, 0x3f, 0xb5, 0xb6, 0xbe, 0x87, 0x05, 0xf8, 0x42, 0x3c, 0x7c, 0x28, 0xca, 
    0xbb, 0x24, 0x6c, 0xc0, 0x67, 0xc6, 0x82, 0x53, 0x93, 0x02, 0xef, 0xfb, 0xf1, 0xbb, 0x7b, 0xf9, 
    0x8d, 0x46, 0xbb, 0x0f, 0x7b, 0x48, 0x81, 0x53, 0x41, 0x4f, 0xec, 0xbe, 0x80, 0x67, 0xf4, 0xe7, 
    0xdb, 0xfb, 0xc5, 0xab, 0x60, 0x2f, 0xc0, 0x1e, 0x52, 0x60, 0xd9, 0xe7, 0x8e, 0xac, 0x8c, 0xf8, 
    0xc6, 0x2e, 0xe4, 0x4a, 0xf2, 0x8b, 0xd9, 0xa2, 0x0a, 0x7b, 0x48, 0x01, 0x70, 0xdf, 0xdf, 0xfb, 
    0xb9, 0xf1, 0xc8, 0xf4, 0xa5, 0x62, 0xb5, 0xf9, 0x5c, 0x2a, 0xdf, 0x81, 0x3d, 0xa4, 0x80, 0x9f, 
    0xa6, 0xdc, 0x5f, 0x4a, 0x44, 0x67, 0x36, 0x9b, 0x1d, 0xfd, 0x47, 0x9b, 0xc9, 0x2a, 0xec, 0x21, 
    0x05, 0xe0, 0xf8, 0xfe, 0xed, 0xf9, 0xc4, 0xd1, 0x94, 0xd2, 0x35, 0xbf, 0xf3, 0xce, 0xf6, 0xbf, 
    0xff, 0x5e, 0xc0, 0x02, 0xc8, 0xa6, 0xd9, 0x3f, 0xf3, 0x8f, 0xcd, 0x3c, 0xec, 0x21, 0x07, 0x4e, 
    0x4f, 0x46, 0x0f, 0xc6, 0xc0, 0x5e, 0x38, 0xfd, 0xf7, 0xb7, 0xd3, 0xb0, 0x87, 0x0d, 0xf8, 0xfa, 
    0x8d, 0xad, 0x5c, 0xba, 0xad, 0x12, 0xc8, 0x81, 0x95, 0x90, 0x27, 0x76, 0x72, 0xc4, 0x1f, 0x79, 
    0x66, 0x2b, 0x55, 0x5a, 0xab, 0xc8, 0x0e, 0x36, 0xe0, 0x7c, 0x3a, 0x5f, 0x7b, 0x39, 0x5b, 0x02, 
    0x7f, 0xb5, 0x21, 0x06, 0xc6, 0x38, 0xc6, 0xfb, 0xc5, 0x44, 0x6c, 0xea, 0xe2, 0xed, 0x4a, 0xeb, 
    0xd9, 0xdd, 0xac, 0x82, 0x0d, 0xf8, 0x5b, 0x45, 0xee, 0xfc, 0x62, 0x2b, 0xd5, 0x46, 0x0e, 0xf4, 
    0x7b, 0x0e, 0xf7, 0xf4, 0xc2, 0xf4, 0xe1, 0xa4, 0xa2, 0x9a, 0xdf, 0xb8, 0xb6, 0x05, 0x36, 0x1b, 
    0x62, 0x00, 0x9e, 0x0f, 0xce, 0x2d, 0x1e, 0x5a, 0xc8, 0x6b, 0x86, 0x7d, 0xf6, 0xea, 0x3a, 0xd8, 
    0x6c, 0x18, 0x00, 0x2c, 0x83, 0x17, 0x0c, 0xfb, 0x00, 0x00, 0xc1, 0x88, 0x01, 0xc4, 0x8f, 0x83, 
    0x76, 0x00, 0xe0, 0xbf, 0x0b, 0xac, 0x12, 0x04, 0xb1, 0xf2, 0x40, 0x62, 0x42, 0x3b, 0x7d, 0xef, 
    0x71, 0x2c, 0x0f, 0xb4, 0x62, 0x7e, 0x24, 0x17, 0xae, 0x3b, 0xc8, 0x57, 0x41, 0x1d, 0x03, 0xe5, 
    0x03, 0xf5, 0x5e, 0xd7, 0x1b, 0xa0, 0xbe, 0x0b, 0xc3, 0x09, 0xb0, 0x48, 0x50, 0x58, 0xd7, 0xbf, 
    0x00, 0x56, 0x15, 0xb4, 0x0e, 0x8a, 0xc1, 0xb0, 0x71, 0x00, 0x00, 0x00, 0x00, 0x49, 0x45, 0x4e, 
    0x44, 0xae, 0x42, 0x60, 0x82, 
};

static const uint8_t ASSET_METAL_GIRDER_PNG[] = {
    0x89, 0x50, 0x4e, 0x47, 0x0d, 0x0a, 0x1a, 0x0a, 0x00, 0x00, 0x00, 0x0d, 0x49, 0x48, 0x44, 0x52, 
    0x00, 0x00, 0x00, 0x78, 0x00, 0x00, 0x00, 0x20, 0x08, 0x06, 0x00, 0x00, 0x00, 0xd9, 0xb9, 0xbc, 
    0x48, 0x00, 0x00, 0x05, 0x06, 0x49, 0x44, 0x41, 0x54, 0x78, 0x9c, 0xed, 0x9b, 0x5b, 0x6c, 0x5a, 
    0x65, 0x1c, 0xc0, 0xff, 0x2d, 0x97, 0x72, 0x87, 0x01, 0x3d, 0xd0, 0xd2, 0x0b, 0xd8, 0x4b, 0xd6, 
    0x36, 0x2b, 0x76, 0xe9, 0x66, 0xa7, 0x46, 0x5d, 0x96, 0x18, 0xeb, 0xc3, 0xb2, 0x64, 0x0f, 0x36, 
    0xce, 0xeb, 0x83, 0x4b, 0x7c, 0xd3, 0xc4, 0x57, 0x7d, 0xd0, 0x57, 0x13, 0xf7, 0xa6, 0xd1, 0x27, 
    0x63, 0xa6, 0xf3, 0xc1, 0xc4, 0xec, 0x41, 0xe7, 0x92, 0x45, 0x67, 0xbc, 0x2c, 0xb5, 0x59, 0xbb, 
    0x2e, 0x6d, 0x97, 0x5e, 0x84, 0x95, 0xd2, 0x16, 0x28, 0x94, 0x5e, 0xb8, 0x14, 0x28, 0xf8, 0xff, 
    0x38, 0x72, 0x29, 0x1c, 0x98, 0x7c, 0x34, 0x96, 0x43, 0xce, 0xef, 0xe1, 0xcf, 0xff, 0xcf, 0xc3, 
    0xe1, 0xcf, 0xf7, 0xe3, 0x7c, 0x7c, 0xe7, 0x7c, 0xd0, 0x00, 0x02, 0x75, 0x4d, 0x56, 0x70, 0x8f, 
    0x7d, 0xf4, 0x9b, 0x44, 0x52, 0x33, 0x02, 0x49, 0x91, 0x39, 0x05, 0x0d, 0x32, 0x7c, 0x4a, 0x80, 
    0x87, 0x34, 0x34, 0x26, 0x9c, 0x62, 0x51, 0xf0, 0x97, 0x85, 0xa9, 0x9f, 0xde, 0xc4, 0x92, 0x15, 
    0x4c, 0xe4, 0x32, 0x16, 0xd9, 0x98, 0xd1, 0xd4, 0x82, 0x95, 0x00, 0xdf, 0xd9, 0xf0, 0xac, 0x81, 
    0x77, 0x35, 0xf4, 0xe5, 0xc2, 0xd4, 0xcd, 0x37, 0xd2, 0x82, 0x6d, 0x27, 0x5e, 0x72, 0x0c, 0x0e, 
    0x1b, 0xac, 0x7d, 0xf6, 0x93, 0x58, 0xb1, 0x30, 0x7a, 0x1d, 0x9c, 0xb1, 0xf7, 0x63, 0x06, 0x70, 
    0xe3, 0xf7, 0xbf, 0x60, 0x2f, 0x16, 0xc7, 0x4c, 0xa0, 0x56, 0xd0, 0xaa, 0x94, 0xf0, 0xdc, 0x29, 
    0x3b, 0x66, 0xc5, 0x7e, 0xe6, 0xee, 0xdd, 0x85, 0xe9, 0x09, 0xbf, 0xd3, 0x71, 0xff, 0x5b, 0x5b, 
    0x5a, 0xb0, 0x75, 0xe0, 0x52, 0xca, 0x7e, 0x5a, 0x0b, 0xf9, 0x82, 0x2f, 0x9c, 0x7d, 0x12, 0xba, 
    0x3b, 0x2c, 0x98, 0x01, 0x2c, 0x2e, 0xbb, 0xe1, 0xfb, 0x9f, 0xff, 0xc0, 0x4c, 0xa0, 0x56, 0x28, 
    0xe7, 0x27, 0x2d, 0x78, 0x3c, 0x18, 0x75, 0xcc, 0x7c, 0x2d, 0x17, 0x04, 0xf3, 0x94, 0x72, 0x7e, 
    0x88, 0xe0, 0x7b, 0xe3, 0x5b, 0xe0, 0x9c, 0xb9, 0xda, 0x50, 0x52, 0x30, 0x99, 0x02, 0xce, 0xfe, 
    0x3b, 0x05, 0xfc, 0x58, 0x30, 0x05, 0x08, 0x1c, 0x3d, 0x4d, 0x52, 0x09, 0x8c, 0x3e, 0x75, 0x0a, 
    0xb3, 0x62, 0x3f, 0x9c, 0x82, 0x2d, 0x9d, 0x61, 0x10, 0x16, 0x59, 0xf5, 0x01, 0x59, 0x64, 0xb9, 
    0x1f, 0x2a, 0x72, 0x82, 0x5b, 0xbb, 0x3e, 0x48, 0x49, 0x65, 0x4b, 0xd0, 0xff, 0xb8, 0x1c, 0x2b, 
    0x01, 0xbe, 0x33, 0x3b, 0x15, 0x81, 0x58, 0xb4, 0x0b, 0x56, 0x97, 0x3e, 0xcc, 0x09, 0xc6, 0x07, 
    0x38, 0xff, 0xaa, 0x1a, 0x63, 0x65, 0xac, 0xaf, 0x2c, 0x63, 0xfc, 0xef, 0x98, 0xdb, 0x3a, 0x30, 
    0xd6, 0x0e, 0x7c, 0xef, 0x9f, 0x8b, 0xeb, 0x5f, 0xed, 0x60, 0x84, 0x62, 0xc1, 0x2f, 0x8c, 0x55, 
    0x76, 0x06, 0x87, 0x77, 0xb6, 0xe1, 0xef, 0x07, 0xb3, 0x10, 0xda, 0x0e, 0x63, 0xf5, 0x68, 0x94, 
    0x1a, 0x05, 0xd8, 0x8e, 0xf7, 0x83, 0x52, 0xad, 0xc1, 0x8a, 0x9e, 0xf9, 0xe9, 0x49, 0x20, 0x8d, 
    0xf7, 0x0c, 0x0e, 0x61, 0xa4, 0x87, 0xef, 0xfd, 0x97, 0xe2, 0xc6, 0xb5, 0x08, 0x46, 0x0e, 0xc1, 
    0xe7, 0x2e, 0x8a, 0x31, 0x56, 0x86, 0xf3, 0xc1, 0x0c, 0xac, 0xbb, 0x3c, 0xb0, 0x17, 0xcd, 0x7d, 
    0xc9, 0x73, 0xd1, 0x24, 0x93, 0x80, 0xb9, 0xdd, 0x04, 0xd6, 0xe3, 0x03, 0x58, 0xd1, 0x13, 0xd9, 
    0xdd, 0x81, 0x87, 0x0b, 0xf3, 0x98, 0x01, 0x74, 0xf6, 0xf4, 0x82, 0x5c, 0x55, 0xf9, 0xac, 0x93, 
    0x0f, 0xdf, 0xfb, 0xe7, 0xe2, 0xd6, 0x77, 0x09, 0x8c, 0x1c, 0x82, 0x9f, 0x39, 0x9f, 0x7e, 0xa8, 
    0x88, 0x68, 0x38, 0x04, 0xee, 0xa5, 0x45, 0xf0, 0xb8, 0xfd, 0x58, 0x95, 0xc6, 0x64, 0x31, 0x80, 
    0xa5, 0xab, 0x1b, 0x64, 0x0a, 0x25, 0x56, 0xf4, 0xac, 0x2c, 0xce, 0x83, 0x67, 0xc5, 0x83, 0x19, 
    0x1e, 0xb3, 0xcd, 0x04, 0x6d, 0xdd, 0xbd, 0x98, 0xd1, 0xc3, 0xf7, 0xfe, 0xb9, 0xf8, 0xf5, 0x7a, 
    0x5a, 0x6b, 0xb1, 0xe0, 0x33, 0x2f, 0x96, 0xff, 0x14, 0x97, 0x62, 0xdd, 0xb1, 0x04, 0x5e, 0xb7, 
    0xb7, 0xe4, 0x59, 0x40, 0x3e, 0xfd, 0x8c, 0x85, 0x01, 0xb3, 0xad, 0x0b, 0x2b, 0x7a, 0xf6, 0x22, 
    0x61, 0xf0, 0x38, 0x1d, 0x59, 0x19, 0x64, 0xd0, 0x4d, 0x56, 0x1b, 0x34, 0xc9, 0x15, 0x58, 0xd1, 
    0xc3, 0xf7, 0xfe, 0x0b, 0xf9, 0xf3, 0x07, 0x09, 0x46, 0x0e, 0xc1, 0xa7, 0x9f, 0x67, 0xe7, 0xee, 
    0x4a, 0x89, 0x45, 0x23, 0xe0, 0x75, 0x2d, 0xe3, 0x20, 0xb1, 0x8d, 0x17, 0xc2, 0xe0, 0x1b, 0x61, 
    0xda, 0x3b, 0x40, 0x2a, 0x93, 0x63, 0x45, 0x8f, 0xcf, 0xe5, 0xc4, 0xd7, 0xf0, 0x65, 0x45, 0x90, 
    0x81, 0x6f, 0xb6, 0x34, 0xe3, 0xb1, 0xad, 0x50, 0x0d, 0x7c, 0xef, 0xbf, 0x90, 0xf1, 0x9b, 0x6c, 
    0x9f, 0x45, 0x82, 0x87, 0xcf, 0xb1, 0xab, 0x2f, 0x1a, 0x36, 0xdc, 0x2e, 0xf0, 0xad, 0x6e, 0x64, 
    0x9b, 0xcf, 0x90, 0x7e, 0x13, 0xad, 0x46, 0x30, 0x5a, 0xda, 0xb1, 0xa2, 0x27, 0x1e, 0x8d, 0xe2, 
    0xf1, 0xdd, 0x38, 0x40, 0x07, 0x25, 0x90, 0xc1, 0x37, 0xb6, 0x5a, 0x70, 0xf0, 0xab, 0xdb, 0x00, 
    0xe3, 0x7b, 0xff, 0xf9, 0x4c, 0xdc, 0x52, 0x63, 0xe4, 0x10, 0x3c, 0xf4, 0xec, 0x26, 0x46, 0x3a, 
    0xe2, 0x7b, 0x7b, 0x10, 0x58, 0x27, 0xbb, 0x18, 0x01, 0xac, 0x72, 0x30, 0xad, 0x7a, 0xd0, 0x9b, 
    0x5b, 0x40, 0xd2, 0xd4, 0x84, 0x15, 0x3d, 0x9b, 0x78, 0x6c, 0xdf, 0x1a, 0xb7, 0x00, 0x63, 0x8b, 
    0x31, 0xfd, 0x1a, 0xd5, 0xc0, 0xf7, 0xfe, 0xf3, 0x99, 0xbc, 0x7d, 0x0c, 0x23, 0x87, 0xe0, 0xc1, 
    0xa7, 0x7d, 0x18, 0xe9, 0xd9, 0xf2, 0x79, 0x61, 0x63, 0xcd, 0x9f, 0x7d, 0x13, 0x6c, 0xf3, 0x06, 
    0xd0, 0x36, 0x33, 0x58, 0xd1, 0x93, 0x88, 0xc5, 0x20, 0xe8, 0xf5, 0x16, 0x0d, 0x7e, 0x06, 0x22, 
    0x41, 0xc7, 0x30, 0x20, 0x96, 0x4a, 0xb1, 0xa2, 0x87, 0xef, 0xfd, 0x67, 0x98, 0xfe, 0xad, 0x19, 
    0x23, 0x87, 0xe0, 0x81, 0x91, 0x35, 0x8c, 0xf4, 0xec, 0xc7, 0xe3, 0xb0, 0xed, 0xf7, 0x67, 0xdf, 
    0x08, 0x69, 0x5c, 0x63, 0x30, 0x80, 0x48, 0xc2, 0x7e, 0xe9, 0xd3, 0xb2, 0x13, 0xf0, 0x83, 0x7f, 
    0x3d, 0x90, 0x1d, 0xf8, 0x42, 0x88, 0x08, 0x83, 0x59, 0x0f, 0x6a, 0xbd, 0x01, 0x2b, 0x7a, 0xf8, 
    0xde, 0x7f, 0x86, 0x99, 0x3b, 0xec, 0x6c, 0x50, 0x24, 0xb8, 0x6f, 0xd8, 0x85, 0xb1, 0x3a, 0x42, 
    0x5b, 0x41, 0xf0, 0x7b, 0xd8, 0xa9, 0xde, 0x60, 0x3a, 0x06, 0x4a, 0xad, 0x0e, 0x33, 0x7a, 0xf6, 
    0x13, 0x09, 0xd8, 0x0d, 0x06, 0xb3, 0x83, 0x5e, 0x0a, 0x22, 0x43, 0xa5, 0xd3, 0x81, 0x48, 0x2c, 
    0xc6, 0x8a, 0x1e, 0xbe, 0xf7, 0x4f, 0x98, 0x9b, 0x60, 0xd7, 0x0b, 0x45, 0x82, 0x7b, 0x87, 0x1c, 
    0x18, 0xab, 0x23, 0xb9, 0xbf, 0x8f, 0x77, 0x86, 0xb6, 0x01, 0x52, 0x78, 0xe7, 0x47, 0xab, 0x81, 
    0x46, 0x91, 0x08, 0x9f, 0xa5, 0x27, 0xba, 0xbb, 0x9b, 0x1e, 0xf0, 0x52, 0x9f, 0xfe, 0x0c, 0xe9, 
    0xb3, 0x00, 0x85, 0xc8, 0x54, 0x2a, 0xac, 0xe8, 0xe1, 0x7b, 0xff, 0x84, 0xf9, 0x49, 0x1b, 0x46, 
    0x0e, 0xc1, 0x5d, 0x27, 0x16, 0x30, 0x56, 0x4f, 0x2c, 0xc2, 0x5e, 0x6e, 0x49, 0xe5, 0xec, 0x72, 
    0x9d, 0x96, 0x54, 0x32, 0x89, 0xd7, 0x8e, 0x11, 0xbc, 0xa5, 0xc8, 0x1e, 0xef, 0x51, 0x28, 0xd4, 
    0x72, 0xbc, 0xa6, 0x94, 0x43, 0x43, 0x63, 0x23, 0x56, 0xf4, 0xf0, 0xbd, 0xff, 0xa5, 0xfb, 0x3d, 
    0x18, 0x39, 0x04, 0xdb, 0xfa, 0xe7, 0x30, 0xd6, 0x16, 0xe4, 0x8c, 0xaa, 0x84, 0x6a, 0xcf, 0xb8, 
    0xc3, 0xe6, 0x28, 0xfa, 0x77, 0xcc, 0xf6, 0x61, 0x2c, 0x10, 0x4c, 0xb6, 0x0b, 0xb5, 0x06, 0x2f, 
    0x56, 0x02, 0x7c, 0x67, 0xcb, 0xcf, 0xe0, 0xcd, 0x9b, 0xbc, 0xed, 0x42, 0xb2, 0xe1, 0xaf, 0x54, 
    0xbb, 0x40, 0x2c, 0x39, 0x9c, 0x65, 0xba, 0xc0, 0xd1, 0x92, 0x88, 0xc7, 0x20, 0xb4, 0xd3, 0x9e, 
    0xdb, 0xf0, 0x27, 0x82, 0xb5, 0x7a, 0xcf, 0x81, 0x1b, 0xe9, 0x8f, 0x59, 0x3b, 0xe1, 0xe5, 0x8b, 
    0x17, 0x30, 0x03, 0xb8, 0xf2, 0xd9, 0x17, 0xb0, 0x1b, 0x0a, 0x63, 0x26, 0x50, 0x2b, 0x98, 0x9a, 
    0x8d, 0xf0, 0xd6, 0x6b, 0x97, 0x30, 0x2b, 0xf6, 0x43, 0x36, 0x50, 0xb6, 0x02, 0xa6, 0xf2, 0x82, 
    0xdf, 0x7f, 0xef, 0x1d, 0x18, 0x19, 0x3e, 0x89, 0x19, 0xc0, 0x9d, 0x89, 0xbb, 0xf0, 0xd1, 0xc7, 
    0x57, 0x30, 0x13, 0xa8, 0x15, 0xca, 0xf9, 0x11, 0x04, 0xd7, 0x01, 0xe5, 0xfc, 0x10, 0xc1, 0xdb, 
    0x01, 0x53, 0xd4, 0x31, 0x73, 0x95, 0xfd, 0xd9, 0x2c, 0xf9, 0xe1, 0xbb, 0x46, 0xe7, 0xb7, 0xe6, 
    0x0b, 0x26, 0x53, 0xc0, 0xe5, 0xd7, 0x5f, 0xc1, 0x0c, 0xe0, 0x93, 0x4f, 0x3f, 0x3f, 0x30, 0x05, 
    0x08, 0x1c, 0x3d, 0x2a, 0xa5, 0x02, 0xde, 0x7d, 0xfb, 0x32, 0x66, 0xc5, 0x7e, 0xd2, 0x82, 0x83, 
    0x86, 0xdc, 0x0f, 0xdf, 0xc9, 0x5f, 0x57, 0xa4, 0xf2, 0xd0, 0x98, 0xb0, 0xc8, 0xaa, 0x0f, 0xc8, 
    0x22, 0x2b, 0x16, 0x95, 0xe5, 0xfe, 0xba, 0x42, 0xe8, 0xb6, 0x8f, 0x5e, 0xdb, 0x4f, 0x6a, 0x9e, 
    0x80, 0xa4, 0xd8, 0x8c, 0x17, 0xc5, 0x87, 0xb7, 0x77, 0x25, 0xf0, 0xbf, 0xc2, 0xfe, 0xf9, 0x6c, 
    0xf3, 0x36, 0x91, 0x0b, 0x48, 0x56, 0xb0, 0x40, 0x7d, 0xf2, 0x0f, 0x0f, 0xf0, 0xfa, 0x3f, 0xe3, 
    0x19, 0x0c, 0xf4, 0x00, 0x00, 0x00, 0x00, 0x49, 0x45, 0x4e, 0x44, 0xae, 0x42, 0x60, 0x82, 
};

static const uint8_t ASSET_TNT_CRATE_PNG[] = {
    0x89, 0x50, 0x4e, 0x47, 0x0d, 0x0a, 0x1a, 0x0a, 0x00, 0x00, 0x00, 0x0d, 0x49, 0x48, 0x44, 0x52, 
    0x00, 0x00, 0x00, 0x34, 0x00, 0x00, 0x00, 0x34, 0x08, 0x06, 0x00, 0x00, 0x00, 0xc5, 0x78, 0x1b, 
    0xeb, 0x00, 0x00, 0x0b, 0x87, 0x49, 0x44, 0x41, 0x54, 0x78, 0x9c, 0xd5, 0x9a, 0x0b, 0x70, 0x54, 
    0xe5, 0x15, 0xc7, 0xff, 0x77, 0x37, 0xd9, 0x47, 0x76, 0xb3, 0x79, 0x87, 0xbc, 0x78, 0x08, 0x81, 
    0x04, 0x02, 0x12, 0x68, 0x29, 0x8e, 0x0f, 0x42, 0x2b, 0xa0, 0xb4, 0x88, 0xda, 0x32, 0xb6, 0x4e, 
    0x3b, 0x8e, 0x6d, 0xb5, 0xd6, 0x8e, 0x16, 0x6b, 0x5b, 0xa7, 0xd2, 0x4e, 0xd5, 0xe9, 0x74, 0x9c, 
    0x29, 0x6d, 0xb5, 0xad, 0xb5, 0x76, 0xb4, 0x63, 0x67, 0xec, 0x0c, 0xb4, 0x83, 0xd6, 0x22, 0x3e, 
    0xea, 0x60, 0x04, 0x51, 0x0a, 0x22, 0x21, 0x40, 0x20, 0x04, 0x89, 0x3c, 0xf2, 0x7e, 0x27, 0x9b, 
    0xcd, 0x6b, 0x93, 0xdd, 0xdb, 0xff, 0xf9, 0xee, 0xde, 0xcd, 0x66, 0xc9, 0x9a, 0x60, 0x76, 0x78, 
    0xfc, 0xf7, 0x9e, 0xef, 0x9c, 0xf3, 0xed, 0x7d, 0x9c, 0xdf, 0xde, 0x6f, 0xef, 0xde, 0xc7, 0x6a, 
    0x18, 0x47, 0x2b, 0x4b, 0xe6, 0x96, 0x6a, 0x01, 0x3d, 0x85, 0xe1, 0x65, 0x2b, 0xdd, 0xaa, 0xf5, 
    0xec, 0x3a, 0xf6, 0x71, 0x25, 0xc3, 0x31, 0x1a, 0x03, 0xb4, 0xa2, 0xa8, 0xf0, 0x29, 0xce, 0xfa, 
    0x10, 0xc3, 0xb8, 0xc8, 0x6d, 0x05, 0xee, 0xce, 0x01, 0xae, 0x4f, 0xd1, 0x99, 0x01, 0x6f, 0x75, 
    0x6a, 0xf8, 0x7b, 0x33, 0x83, 0x78, 0x4a, 0xd3, 0x1e, 0x7f, 0xef, 0xc4, 0xa9, 0x27, 0x18, 0x29, 
    0x69, 0x34, 0xa5, 0xb2, 0xa2, 0xc2, 0x43, 0x3a, 0xf4, 0x52, 0x86, 0x71, 0xd3, 0x83, 0xf9, 0xc0, 
    0x86, 0x2c, 0xc2, 0x2c, 0x4f, 0x62, 0x46, 0xed, 0xef, 0xc7, 0xb6, 0x36, 0x0d, 0x7f, 0x6a, 0x60, 
    0x1c, 0x47, 0x69, 0xd0, 0x2a, 0x77, 0xd7, 0x9c, 0x5a, 0xc2, 0x90, 0x31, 0xb5, 0xa2, 0x68, 0xce, 
    0xd3, 0x74, 0x1b, 0x69, 0xb8, 0xff, 0xa6, 0x79, 0x98, 0x6d, 0xb1, 0xe2, 0x6c, 0xf9, 0x59, 0xc0, 
    0xc2, 0x59, 0xe5, 0xa5, 0x71, 0x46, 0xa3, 0x61, 0x26, 0x8a, 0x6c, 0x0d, 0xb1, 0x6c, 0x25, 0x7e, 
    0x28, 0x6c, 0x68, 0xd4, 0xba, 0x39, 0xbd, 0xb0, 0x5d, 0xeb, 0x04, 0xbe, 0x95, 0xc2, 0x8c, 0xfa, 
    0x47, 0x0f, 0xfa, 0xf6, 0x0c, 0xe0, 0xb5, 0x1a, 0x3b, 0x82, 0x9c, 0x47, 0xa7, 0x05, 0x83, 0x41, 
    0x04, 0xc4, 0x18, 0x07, 0x02, 0x01, 0x8c, 0x88, 0x67, 0x3e, 0x42, 0x8b, 0xf4, 0x62, 0x12, 0x9b, 
    0xb6, 0xf8, 0xd6, 0x85, 0x68, 0x4f, 0x72, 0xe0, 0x95, 0x5d, 0xe7, 0xb8, 0x62, 0x4a, 0xd3, 0x9e, 
    0xe0, 0x9e, 0x7a, 0x5c, 0xd5, 0x44, 0x20, 0x55, 0x81, 0xc0, 0x14, 0xa4, 0xbb, 0x70, 0xb2, 0xc9, 
    0x87, 0xe1, 0x8e, 0x01, 0x0c, 0x9e, 0xf1, 0x72, 0x46, 0x99, 0x54, 0x23, 0x13, 0xc5, 0x96, 0x93, 
    0x28, 0xe4, 0x94, 0xd4, 0x0a, 0x44, 0x2a, 0x90, 0x62, 0x81, 0xfb, 0x66, 0xf5, 0xc0, 0x1e, 0x05, 
    0xe4, 0x7d, 0x7f, 0x10, 0x2f, 0x7c, 0x92, 0xc4, 0xf7, 0x65, 0x1e, 0xc3, 0x04, 0x2e, 0x6c, 0x2c, 
    0x56, 0xbc, 0x00, 0x8a, 0x97, 0xdc, 0x8c, 0x05, 0x4a, 0x7c, 0x46, 0x51, 0x16, 0x92, 0x73, 0x3c, 
    0x98, 0x91, 0x69, 0x47, 0x5d, 0xdf, 0x70, 0x18, 0xea, 0xbd, 0x9a, 0x5a, 0x4d, 0x93, 0x03, 0x40, 
    0x70, 0x24, 0x78, 0x88, 0x39, 0x36, 0xaf, 0x5d, 0x80, 0xa3, 0x03, 0xc3, 0xd8, 0x7e, 0xb0, 0x91, 
    0xd9, 0xd4, 0x75, 0x67, 0xba, 0x1f, 0xdf, 0x48, 0xf3, 0x03, 0xd7, 0x84, 0x86, 0xdc, 0xbe, 0x7e, 
    0x6c, 0xed, 0xb2, 0x61, 0x4b, 0xa7, 0x8d, 0xc9, 0xd4, 0x55, 0x36, 0x3f, 0x0d, 0xd9, 0xfa, 0x10, 
    0x9e, 0x3f, 0xd0, 0xc6, 0x8c, 0x03, 0x2a, 0xc1, 0xb2, 0x44, 0x5b, 0x59, 0x5c, 0xb8, 0x92, 0xd4, 
    0xef, 0x32, 0xc7, 0x03, 0xf6, 0x24, 0x74, 0xce, 0x4b, 0xc7, 0x1b, 0x67, 0xba, 0x98, 0xc5, 0x47, 
    0xf7, 0x64, 0xfa, 0xb1, 0xdc, 0x35, 0xc2, 0x08, 0x28, 0xef, 0x4d, 0x88, 0x1b, 0x8c, 0x68, 0x69, 
    0x9a, 0x15, 0x5d, 0x1f, 0x9c, 0xc0, 0xa1, 0xe9, 0x79, 0xcc, 0x08, 0xa4, 0x69, 0x5f, 0x1c, 0x0b, 
    0xe4, 0x74, 0xa1, 0x21, 0xc1, 0x8a, 0x77, 0x11, 0x60, 0x06, 0x14, 0xe7, 0x79, 0x50, 0x9c, 0x9f, 
    0x8c, 0x91, 0xce, 0x21, 0x0c, 0x9d, 0xed, 0xe5, 0x30, 0x65, 0x27, 0x07, 0x9a, 0xe1, 0xc7, 0x17, 
    0x47, 0x04, 0x25, 0x43, 0x89, 0x4e, 0x79, 0x31, 0x09, 0xe9, 0xe5, 0x25, 0x9e, 0xb9, 0xe1, 0x55, 
    0xc0, 0xc9, 0x30, 0x73, 0x68, 0x85, 0x87, 0x99, 0xe9, 0x69, 0x29, 0x73, 0x33, 0x90, 0x94, 0xed, 
    0x46, 0x6d, 0x6b, 0x3f, 0x4e, 0xb7, 0x0e, 0x70, 0x85, 0x40, 0x41, 0x73, 0x1b, 0x6c, 0x5d, 0x3d, 
    0xa8, 0x28, 0xc8, 0x65, 0x36, 0x0e, 0xd0, 0x83, 0x4e, 0x37, 0x1a, 0x12, 0x2d, 0x28, 0xd7, 0x0d, 
    0xa0, 0xdb, 0x96, 0xe5, 0xe3, 0xf6, 0x65, 0x05, 0x04, 0xd0, 0x30, 0x78, 0xaa, 0x1b, 0xbe, 0xf7, 
    0x9b, 0x55, 0xcc, 0x89, 0x5c, 0xf4, 0x74, 0xa6, 0x74, 0x1a, 0xab, 0xe2, 0x34, 0x6a, 0xc1, 0xa0, 
    0xe9, 0x83, 0xa3, 0x9e, 0x26, 0xfd, 0x41, 0x5d, 0x7c, 0x44, 0x4e, 0x3f, 0xc2, 0x83, 0xc2, 0x30, 
    0xfd, 0x30, 0xbd, 0x8a, 0xc5, 0x98, 0x17, 0xac, 0x9d, 0x8b, 0xf4, 0x85, 0x39, 0x6a, 0x99, 0xb7, 
    0x8f, 0x76, 0xe0, 0x9d, 0xaa, 0x0e, 0x6e, 0x8c, 0x40, 0x2d, 0xed, 0xb0, 0x13, 0xe8, 0x60, 0x3e, 
    0x7f, 0x1b, 0xa8, 0xf3, 0x80, 0x7e, 0x98, 0xe4, 0x46, 0x3d, 0xf7, 0x50, 0xb9, 0x6e, 0x0c, 0x91, 
    0x75, 0x73, 0x32, 0x71, 0xc7, 0xcd, 0x85, 0x46, 0xe1, 0x04, 0x18, 0xaa, 0xe5, 0x51, 0xea, 0x03, 
    0x03, 0x8a, 0x8d, 0xd1, 0x1f, 0x92, 0x4e, 0x63, 0xd5, 0x9c, 0x0c, 0x93, 0x22, 0x75, 0x16, 0x10, 
    0xe9, 0xa5, 0xe8, 0x30, 0x80, 0xea, 0x1b, 0x35, 0x9d, 0x7d, 0xf2, 0xa5, 0x57, 0x10, 0x11, 0x96, 
    0xc7, 0xed, 0xa7, 0x2d, 0x9c, 0xc6, 0x79, 0x64, 0x19, 0x1d, 0xaf, 0xec, 0x3c, 0x8d, 0x7d, 0x6d, 
    0x7e, 0x6e, 0x0c, 0x98, 0x1e, 0x02, 0xfa, 0x28, 0x16, 0xd0, 0x46, 0x57, 0x32, 0x81, 0x2c, 0x78, 
    0x27, 0x68, 0x00, 0xad, 0x4e, 0xb0, 0xe3, 0x8e, 0x1b, 0x67, 0xc3, 0x31, 0x37, 0xd5, 0x28, 0x9e, 
    0x10, 0xfe, 0x4f, 0xbc, 0xe8, 0xdf, 0xdb, 0xa2, 0x62, 0xd5, 0x17, 0x92, 0x2e, 0xc6, 0x0d, 0x2a, 
    0xe3, 0xc6, 0x4d, 0x08, 0xc3, 0x8b, 0xb1, 0x20, 0x7a, 0x03, 0x48, 0xcc, 0xc8, 0xa3, 0x4d, 0x0e, 
    0xc9, 0x02, 0x22, 0x36, 0x6d, 0xcd, 0x1c, 0xa4, 0x94, 0x64, 0x81, 0xf5, 0xf1, 0x3d, 0x1d, 0x2d, 
    0x87, 0x1b, 0xf1, 0xea, 0x9e, 0x3a, 0x7c, 0x9c, 0x9e, 0xc2, 0xad, 0x4d, 0x06, 0xc8, 0xed, 0x41, 
    0xbd, 0x55, 0x0b, 0x03, 0xad, 0x49, 0xb4, 0xe3, 0x66, 0x9b, 0x13, 0x9e, 0x15, 0x79, 0x70, 0x14, 
    0x12, 0x4a, 0x11, 0x08, 0x54, 0x2f, 0x06, 0xf6, 0xb5, 0x32, 0xa2, 0xa4, 0xd1, 0x65, 0xe2, 0x8b, 
    0x1b, 0x36, 0x60, 0xa4, 0x00, 0x16, 0x48, 0x3f, 0x1e, 0xc0, 0x78, 0x7d, 0xa6, 0xa9, 0xa1, 0x46, 
    0x9f, 0xb5, 0xfa, 0x2a, 0x78, 0xe6, 0x87, 0x60, 0x68, 0x02, 0x53, 0xf3, 0x9f, 0x2a, 0x1c, 0x4b, 
    0x4d, 0xc6, 0xc9, 0x10, 0xd0, 0x8c, 0x10, 0xd0, 0x81, 0x58, 0x40, 0x0f, 0x29, 0x20, 0x0b, 0x76, 
    0x06, 0x87, 0x99, 0x09, 0x90, 0x03, 0x6b, 0xed, 0x4e, 0x58, 0xf8, 0x03, 0x9b, 0x7c, 0x7d, 0x1e, 
    0xec, 0x85, 0x29, 0x84, 0xe2, 0x9e, 0x21, 0x84, 0x40, 0x0d, 0xee, 0xe3, 0xe1, 0x92, 0x31, 0x59, 
    0x38, 0xf1, 0x25, 0x05, 0x72, 0xe3, 0xaa, 0x60, 0xd3, 0x87, 0x8d, 0xef, 0x29, 0xff, 0x29, 0x16, 
    0xe0, 0x41, 0x80, 0x3e, 0x63, 0xd5, 0x2c, 0xb8, 0xe7, 0x67, 0xb2, 0x8f, 0xcb, 0x70, 0x3d, 0x6d, 
    0x47, 0x9a, 0xf0, 0xf1, 0xf6, 0x63, 0x10, 0xd0, 0xaa, 0x14, 0xf7, 0x28, 0x50, 0x6b, 0x07, 0x1c, 
    0x04, 0xfa, 0x30, 0x6f, 0x1a, 0xb3, 0x71, 0x81, 0x52, 0x38, 0xe4, 0x34, 0xec, 0x0c, 0x18, 0x40, 
    0x37, 0xd9, 0x4c, 0x20, 0x8b, 0x32, 0xf7, 0x75, 0xb9, 0x84, 0xf2, 0xf0, 0x1d, 0x03, 0x6a, 0xf8, 
    0xb4, 0x0f, 0x83, 0xfb, 0x09, 0xa5, 0x73, 0xe2, 0x86, 0xb9, 0x9e, 0x51, 0x08, 0xc6, 0xe2, 0xc3, 
    0xb9, 0x69, 0x2c, 0x5a, 0xf9, 0xb0, 0x19, 0xf3, 0x99, 0x96, 0x71, 0xe3, 0x2c, 0xb8, 0x8a, 0x33, 
    0x8c, 0xe5, 0x39, 0x5c, 0xdb, 0x8f, 0xb4, 0xa0, 0x76, 0xc7, 0x71, 0x35, 0x04, 0xc5, 0x8e, 0x4e, 
    0x19, 0xc8, 0x91, 0xa4, 0x60, 0x4c, 0x73, 0x5d, 0x3b, 0x0d, 0xf6, 0x39, 0x1e, 0x41, 0x12, 0x2e, 
    0x05, 0x35, 0xb4, 0xbf, 0x1d, 0xb2, 0x71, 0xb5, 0x87, 0x58, 0xd4, 0xf9, 0x16, 0xab, 0x9f, 0x16, 
    0x01, 0x98, 0xf1, 0xa5, 0x99, 0x11, 0x30, 0x3a, 0x3a, 0x8e, 0xb6, 0xe0, 0xcc, 0xeb, 0xd5, 0x0a, 
    0xc4, 0x4f, 0x13, 0x2f, 0x7b, 0xa8, 0x26, 0x04, 0x34, 0x33, 0x04, 0xb4, 0x3f, 0x2f, 0x06, 0xd0, 
    0x8f, 0x08, 0x54, 0x17, 0x05, 0xb4, 0x2e, 0xcd, 0x85, 0xe4, 0x6b, 0xec, 0x3c, 0x30, 0x24, 0xc0, 
    0xe2, 0x24, 0x06, 0x21, 0x2c, 0x1e, 0x1b, 0x63, 0x9e, 0x4a, 0x0b, 0x11, 0xa5, 0x0f, 0x06, 0x10, 
    0xf0, 0xf2, 0xc8, 0xa3, 0xcb, 0xa4, 0x1a, 0x4e, 0xaa, 0xe1, 0xa4, 0x1a, 0x4e, 0xaa, 0xe1, 0xa4, 
    0x1a, 0x4e, 0xaa, 0xe1, 0xa4, 0x1a, 0x24, 0xa4, 0xda, 0x61, 0x4d, 0x4a, 0xe4, 0xda, 0x54, 0x8a, 
    0x91, 0x3e, 0x3f, 0x06, 0x3b, 0xfa, 0xd5, 0x9e, 0x97, 0xbc, 0x6e, 0x4f, 0x07, 0x4e, 0xbe, 0xd9, 
    0x8c, 0x0a, 0x8b, 0xe3, 0xb3, 0x03, 0xad, 0x4f, 0x4d, 0xc2, 0xdd, 0x4f, 0x66, 0x73, 0x43, 0x1a, 
    0x7c, 0x7d, 0x41, 0x1c, 0xfb, 0x64, 0x80, 0xbd, 0x17, 0x5f, 0x33, 0xa6, 0x25, 0x22, 0x37, 0xdb, 
    0x06, 0xbf, 0x6f, 0x04, 0xbf, 0xbe, 0xb7, 0x1a, 0x95, 0x36, 0x37, 0x7b, 0x3f, 0x03, 0xd0, 0x2f, 
    0x36, 0x64, 0x61, 0xd9, 0x2d, 0x6e, 0x3c, 0xf2, 0x74, 0x3d, 0xb6, 0xed, 0xec, 0x64, 0xcf, 0xa5, 
    0xd3, 0x86, 0x55, 0xe9, 0xf8, 0xcd, 0x43, 0x05, 0xd8, 0xfe, 0x42, 0x03, 0xfe, 0xb6, 0x87, 0xa3, 
    0x81, 0x9a, 0x10, 0x28, 0xfa, 0x3b, 0xf4, 0xec, 0xcf, 0xf3, 0xa1, 0xa5, 0x6a, 0xb8, 0xfe, 0x3b, 
    0xd5, 0xcc, 0x2e, 0xbd, 0x0e, 0xff, 0xb3, 0x04, 0xe7, 0x8e, 0xfa, 0xb0, 0xe9, 0x2f, 0xc6, 0x87, 
    0xfb, 0x99, 0x80, 0xea, 0x87, 0x86, 0x71, 0xe7, 0xa3, 0xb5, 0xcc, 0x2e, 0xbd, 0xb6, 0x3c, 0x39, 
    0x07, 0x99, 0x9a, 0x8e, 0x87, 0x37, 0xf3, 0xc8, 0x4a, 0x4d, 0x78, 0x94, 0x33, 0x7e, 0x58, 0xe5, 
    0x4c, 0x21, 0x04, 0xb4, 0x89, 0x40, 0xfe, 0xd8, 0x40, 0x1b, 0xef, 0x4d, 0x66, 0x7b, 0xbe, 0xfe, 
    0xf0, 0x7c, 0x2f, 0x5b, 0x0e, 0x93, 0x75, 0x49, 0x48, 0x76, 0x5b, 0xf0, 0xe2, 0x56, 0x1f, 0x33, 
    0x5e, 0x45, 0x7c, 0xce, 0x8e, 0x82, 0x5c, 0x2b, 0xb6, 0xed, 0xe8, 0x67, 0x36, 0xf1, 0xf2, 0xd1, 
    0xba, 0x70, 0xa0, 0xa8, 0x53, 0x9f, 0xc9, 0x02, 0x49, 0xa1, 0xa2, 0x7d, 0x07, 0x87, 0xd8, 0x8e, 
    0x16, 0xb4, 0xe5, 0xb9, 0x4c, 0x2c, 0x5f, 0x6a, 0xc3, 0x8a, 0xdb, 0x5a, 0x51, 0xdf, 0x38, 0xa2, 
    0xe6, 0x97, 0x79, 0xef, 0xfc, 0x7e, 0x3b, 0xdf, 0x9d, 0x78, 0xf9, 0x68, 0x9d, 0x07, 0xd4, 0x32, 
    0xc1, 0x99, 0x82, 0x02, 0x92, 0x3d, 0x14, 0x3a, 0x39, 0x9d, 0x08, 0xc8, 0x94, 0x59, 0x58, 0x74, 
    0x21, 0x02, 0x34, 0x7f, 0x5e, 0xa2, 0xea, 0x7f, 0x71, 0x8b, 0x4f, 0xcd, 0x27, 0xc5, 0x9b, 0x40, 
    0xa6, 0xa4, 0x5f, 0x24, 0xf3, 0x7d, 0x9a, 0x14, 0x10, 0x0f, 0xe2, 0x0f, 0xff, 0xd6, 0x00, 0x9a, 
    0xf0, 0x5c, 0x2e, 0xfa, 0x6c, 0x3b, 0x1e, 0x40, 0xf5, 0x4d, 0x01, 0x2c, 0x5f, 0x22, 0x7b, 0xa9, 
    0x45, 0xcd, 0x77, 0x51, 0x81, 0xd4, 0xf5, 0x10, 0x87, 0x5c, 0x79, 0xe8, 0x02, 0xef, 0xd9, 0x4d, 
    0x79, 0x04, 0x1a, 0x99, 0x12, 0x90, 0x0c, 0x23, 0x81, 0xf8, 0xd5, 0xef, 0x7b, 0xb0, 0xba, 0xcc, 
    0xa1, 0xe2, 0x78, 0x01, 0xc9, 0x05, 0x9e, 0x00, 0x1d, 0x8c, 0x75, 0x81, 0xf7, 0x80, 0x83, 0x57, 
    0xac, 0xbc, 0xc0, 0x7b, 0x17, 0x41, 0x66, 0xc0, 0x9f, 0x09, 0xd4, 0x10, 0x07, 0xa0, 0x06, 0xee, 
    0x25, 0x19, 0x7a, 0xde, 0xde, 0x60, 0x5c, 0x81, 0xf2, 0x09, 0x24, 0x57, 0xac, 0x87, 0x62, 0x02, 
    0xf1, 0x44, 0xb4, 0x3e, 0x31, 0x01, 0xbb, 0xb4, 0x10, 0xd0, 0xa3, 0x04, 0x1a, 0x9e, 0x3a, 0xd0, 
    0x8b, 0x5b, 0xfb, 0xb0, 0xe3, 0xa5, 0x2c, 0xbc, 0xfc, 0x7a, 0xff, 0x94, 0x81, 0x32, 0x08, 0xf4, 
    0xe3, 0x48, 0xa0, 0xce, 0xee, 0xd8, 0xf7, 0x14, 0x7e, 0xc0, 0x6b, 0x9f, 0xc6, 0x44, 0x2b, 0x76, 
    0x59, 0x74, 0x66, 0xf1, 0x03, 0x92, 0xfe, 0xcd, 0x8f, 0xa5, 0x61, 0xc1, 0xdc, 0x04, 0x78, 0x7d, 
    0x7a, 0xdc, 0x80, 0xf2, 0x9a, 0x5a, 0xd5, 0x90, 0x8b, 0x09, 0x74, 0x3f, 0xaf, 0x7f, 0x1a, 0x6d, 
    0x56, 0xec, 0xb6, 0x30, 0xa1, 0xe2, 0x09, 0xb4, 0x86, 0xdf, 0x9f, 0xe7, 0x36, 0xa7, 0x63, 0x7f, 
    0x85, 0x3f, 0x6e, 0x40, 0xb9, 0x04, 0x92, 0xdf, 0xa1, 0xd8, 0x40, 0xbc, 0xe4, 0x6e, 0xb0, 0x25, 
    0xe0, 0x3d, 0x39, 0x91, 0xa6, 0xe2, 0x09, 0x24, 0xaa, 0x2c, 0xcf, 0x45, 0xf5, 0x49, 0x1e, 0x35, 
    0xa7, 0x04, 0x14, 0x24, 0x90, 0xb1, 0x7c, 0x6e, 0x63, 0x0b, 0x1c, 0xdd, 0xde, 0xd8, 0x40, 0xf7, 
    0x59, 0x6d, 0xdc, 0x43, 0x09, 0xd8, 0xc3, 0xd3, 0x1f, 0xd1, 0x33, 0x8f, 0xe6, 0xa2, 0x71, 0x38, 
    0x30, 0x21, 0x50, 0x41, 0x5e, 0x02, 0x5b, 0x40, 0x7e, 0x3c, 0x23, 0xb5, 0x40, 0x0e, 0x04, 0x1c, 
    0x62, 0x66, 0xbf, 0xe4, 0xa2, 0xe3, 0x84, 0x8a, 0x54, 0xac, 0xe5, 0xa3, 0x25, 0x40, 0xe9, 0xbc, 
    0xee, 0xfa, 0xc9, 0xef, 0x26, 0x09, 0xf4, 0x3d, 0x4b, 0x22, 0x9a, 0x04, 0x88, 0x47, 0x3a, 0xd1, 
    0x33, 0x3f, 0x23, 0xd0, 0xc8, 0xc4, 0x40, 0x17, 0x4b, 0x17, 0x0c, 0x74, 0x0f, 0xac, 0x68, 0xb6, 
    0x27, 0xe2, 0x7d, 0x9b, 0x31, 0xe6, 0xae, 0x78, 0xa0, 0x6f, 0x07, 0x35, 0xb4, 0x38, 0x6c, 0xd8, 
    0x6b, 0x37, 0x86, 0x80, 0x00, 0x59, 0xd2, 0xad, 0xb8, 0xe1, 0xbb, 0xd5, 0xcc, 0x2e, 0xbd, 0x2a, 
    0xb7, 0x96, 0xe0, 0xf4, 0x11, 0x2f, 0x7e, 0xf9, 0xd7, 0x6e, 0x66, 0x93, 0x00, 0xba, 0x2b, 0x00, 
    0xb4, 0x12, 0x68, 0x9f, 0xc3, 0x18, 0xeb, 0x8f, 0xac, 0x4f, 0xc1, 0x75, 0x5f, 0x4b, 0xc7, 0x4f, 
    0x9f, 0xaa, 0xc3, 0xcb, 0xef, 0x74, 0xb1, 0xe7, 0xd2, 0xc9, 0xbc, 0xc0, 0xdb, 0xf1, 0x52, 0x03, 
    0x9e, 0xdf, 0xe9, 0x67, 0xcf, 0x24, 0x80, 0xbe, 0xe9, 0x0f, 0xa0, 0x8d, 0xcf, 0x5c, 0x3e, 0x74, 
    0x1a, 0x37, 0xd4, 0x57, 0x26, 0xe8, 0x78, 0xf0, 0x8f, 0xb3, 0x90, 0xe0, 0xb2, 0xa0, 0xd7, 0x17, 
    0xc0, 0xb1, 0xd3, 0x83, 0xec, 0xbd, 0xf8, 0x9a, 0x9e, 0x9d, 0x88, 0xfc, 0x69, 0x36, 0x0c, 0xf6, 
    0x8e, 0x60, 0xd3, 0x5d, 0x95, 0xa8, 0xf5, 0x64, 0xb0, 0x77, 0x12, 0x40, 0x5f, 0x1f, 0x1a, 0x41, 
    0xbb, 0xd3, 0x8e, 0x83, 0x2e, 0x07, 0x33, 0x3e, 0x78, 0x1b, 0x1c, 0xc6, 0x0d, 0xd6, 0x20, 0xa6, 
    0xaf, 0xcf, 0x40, 0xf2, 0x6c, 0xa7, 0x02, 0x13, 0xd9, 0xd2, 0x9c, 0x30, 0x6f, 0x68, 0x88, 0x02, 
    0xfd, 0xc3, 0xf0, 0x77, 0x09, 0xac, 0x4e, 0x33, 0xc4, 0x7b, 0x1b, 0x61, 0xa9, 0xdb, 0x1c, 0xc6, 
    0x44, 0x63, 0xab, 0x26, 0xbe, 0x22, 0xbc, 0x23, 0x23, 0x09, 0x89, 0x2e, 0xf9, 0x20, 0x99, 0xb3, 
    0xf5, 0xfb, 0x86, 0xd0, 0xd7, 0xd6, 0xc7, 0x98, 0x2f, 0x76, 0x9c, 0x28, 0x6f, 0x42, 0xc5, 0xbf, 
    0xcf, 0xe2, 0x8c, 0x3b, 0x1d, 0x4d, 0xa1, 0xeb, 0x9f, 0x09, 0x81, 0x36, 0x0c, 0xf8, 0xd1, 0xc1, 
    0x3d, 0x74, 0xc8, 0xed, 0x64, 0x06, 0x2c, 0xeb, 0x1f, 0xc2, 0x17, 0xd8, 0xc7, 0x19, 0x95, 0xc9, 
    0x4d, 0xc6, 0xdc, 0x9b, 0x78, 0x7b, 0x76, 0x41, 0x36, 0xdf, 0x35, 0xe4, 0x3d, 0xde, 0x86, 0x96, 
    0xb7, 0x6b, 0xb9, 0x59, 0x43, 0xea, 0x2e, 0x0d, 0x4d, 0x4e, 0x9e, 0x94, 0x37, 0x8d, 0xb7, 0xa9, 
    0xc4, 0xcb, 0xd3, 0x04, 0xb9, 0x99, 0xa8, 0x2c, 0x32, 0xa6, 0xcd, 0x5e, 0xb7, 0x00, 0x59, 0x8b, 
    0x73, 0x42, 0xcb, 0xf1, 0x30, 0x5e, 0x51, 0x87, 0xc3, 0x2f, 0x57, 0xaa, 0xbb, 0xa9, 0x72, 0x8b, 
    0x58, 0xd4, 0x4c, 0x98, 0x49, 0x03, 0xdd, 0xd6, 0x37, 0x88, 0x2e, 0x97, 0x13, 0x87, 0x93, 0x8d, 
    0x07, 0x54, 0x4b, 0x99, 0x2f, 0xa3, 0x09, 0x08, 0x67, 0x46, 0xfe, 0xda, 0xb9, 0x48, 0x2d, 0xc9, 
    0xe6, 0xcd, 0x2b, 0xe3, 0x77, 0xaa, 0xe7, 0x58, 0x2b, 0x9a, 0xfe, 0x7b, 0x8a, 0x11, 0x8b, 0xa7, 
    0x89, 0xa4, 0x18, 0x31, 0xd9, 0xbc, 0xf2, 0x91, 0xc6, 0xa2, 0x04, 0x42, 0x62, 0x01, 0x50, 0x16, 
    0x11, 0x4b, 0xd1, 0xf3, 0xd6, 0x97, 0x20, 0x7b, 0x71, 0x5e, 0x78, 0xd9, 0xba, 0x8a, 0x73, 0xa8, 
    0xf8, 0x57, 0x45, 0x78, 0xfd, 0x17, 0x04, 0x74, 0x4b, 0x6f, 0x3f, 0xba, 0xdc, 0x49, 0xa8, 0xf2, 
    0xb8, 0x98, 0x01, 0xa5, 0xcc, 0x97, 0xfa, 0x06, 0x14, 0xd0, 0x8c, 0x2f, 0x17, 0xf1, 0x91, 0x86, 
    0xb1, 0x22, 0xa6, 0xe8, 0xaa, 0x6a, 0x43, 0xc3, 0x5b, 0x27, 0x99, 0x8d, 0x4a, 0xa7, 0xb1, 0x12, 
    0xe5, 0xb9, 0x4e, 0x86, 0x46, 0x51, 0x63, 0x8c, 0x45, 0x0b, 0x84, 0xe9, 0x05, 0x44, 0xcc, 0x7c, 
    0xb6, 0x2a, 0x56, 0x7c, 0xeb, 0x22, 0xe4, 0x94, 0x12, 0x8a, 0x2f, 0x59, 0xa6, 0xee, 0x60, 0x1d, 
    0x2a, 0xb7, 0x1d, 0xe2, 0x5a, 0x2f, 0x10, 0x68, 0x6d, 0x8f, 0x0f, 0x3d, 0x04, 0x3a, 0xce, 0x1b, 
    0xe2, 0xa2, 0x45, 0xde, 0x3e, 0x05, 0x35, 0xeb, 0x2b, 0x45, 0xc8, 0x58, 0x94, 0xc3, 0xfd, 0x42, 
    0x12, 0xaa, 0xab, 0xaa, 0x15, 0x75, 0x6f, 0xd6, 0x30, 0x1a, 0x2b, 0x5d, 0x8c, 0x05, 0x84, 0x3d, 
    0x8d, 0xeb, 0x3e, 0xdf, 0x58, 0x74, 0x18, 0xc6, 0xf4, 0xa6, 0x31, 0x97, 0x3d, 0x55, 0x72, 0xfb, 
    0xd5, 0xc8, 0x5b, 0x92, 0xcf, 0x15, 0x71, 0x65, 0x54, 0x1d, 0x87, 0x9f, 0x40, 0x5d, 0x10, 0xd0, 
    0x9a, 0x2e, 0x2f, 0xbc, 0xc9, 0x2e, 0x9c, 0x48, 0xf3, 0x30, 0x03, 0x4a, 0x08, 0xb8, 0xfe, 0x86, 
    0x02, 0x64, 0x5d, 0x9d, 0xcb, 0x8c, 0x7b, 0x86, 0xaf, 0x8e, 0xa3, 0xcd, 0x38, 0xfb, 0x46, 0x0d, 
    0xa3, 0xb1, 0xd2, 0x69, 0x22, 0x81, 0x90, 0x58, 0x79, 0x9a, 0x0c, 0x3d, 0xae, 0x9f, 0xb7, 0x89, 
    0x47, 0xbf, 0x43, 0xca, 0x9b, 0x39, 0xbd, 0xf4, 0x29, 0x1f, 0x32, 0x01, 0x12, 0xbf, 0x78, 0xc3, 
    0x12, 0x4c, 0x5f, 0x3a, 0x9d, 0x6b, 0x30, 0x24, 0x50, 0x6f, 0xed, 0x6d, 0x9c, 0x3c, 0xd0, 0x8d, 
    0x1d, 0xdd, 0xf0, 0x7a, 0xdc, 0xe1, 0xe7, 0x2f, 0xd7, 0x66, 0xdb, 0x71, 0xfb, 0xaa, 0xab, 0xc2, 
    0xc5, 0xb7, 0x13, 0xe6, 0xf4, 0x8e, 0x6a, 0x0e, 0x39, 0xa3, 0xc7, 0x68, 0x59, 0x3c, 0xcd, 0x94, 
    0x40, 0x48, 0xae, 0x3c, 0x2d, 0x0c, 0x44, 0x13, 0x6f, 0xee, 0x1d, 0x89, 0xa5, 0x68, 0x15, 0x8b, 
    0x17, 0x63, 0x6c, 0xc2, 0x98, 0x2a, 0x8d, 0x82, 0xda, 0x5e, 0x7e, 0x0e, 0x95, 0xdd, 0xc6, 0xfb, 
    0x13, 0x02, 0x95, 0xb5, 0x75, 0xc2, 0x47, 0xa0, 0xda, 0xcc, 0x34, 0x66, 0xc0, 0xaa, 0x85, 0x19, 
    0x58, 0xbd, 0x28, 0x83, 0x85, 0x6b, 0xea, 0x91, 0xc6, 0xa9, 0xd7, 0x8e, 0x2b, 0x18, 0x13, 0x24, 
    0x5a, 0x3a, 0x8d, 0x95, 0x2b, 0x2f, 0x00, 0xe2, 0xb9, 0x6e, 0x65, 0x92, 0x8b, 0x17, 0x93, 0x82, 
    0xc5, 0x8b, 0x49, 0x2c, 0x20, 0xca, 0xd3, 0xa4, 0x2f, 0x5a, 0x91, 0x50, 0xbb, 0xab, 0xbb, 0x95, 
    0x89, 0x26, 0x04, 0xba, 0xae, 0xa5, 0x1d, 0x7d, 0x29, 0xc9, 0x38, 0x93, 0x95, 0xce, 0x0c, 0x98, 
    0x9d, 0x9d, 0x44, 0x73, 0xa2, 0xaf, 0xa5, 0x17, 0x1d, 0x35, 0x6d, 0xec, 0x19, 0xdd, 0x2b, 0xb1, 
    0xa4, 0xd3, 0x94, 0x58, 0x98, 0xc4, 0xca, 0x18, 0x8b, 0xc4, 0x4b, 0x24, 0x9e, 0xdb, 0x0c, 0xc7, 
    0x62, 0xea, 0x33, 0xa7, 0x8f, 0xa5, 0x9c, 0x05, 0xb9, 0xf0, 0xe4, 0x7a, 0x70, 0xb6, 0x7d, 0x10, 
    0x67, 0xda, 0xe4, 0x37, 0x6f, 0x12, 0x40, 0xcb, 0x79, 0xc1, 0x94, 0x7c, 0x4d, 0x21, 0x3e, 0xea, 
    0x0c, 0x30, 0xbb, 0xfc, 0x55, 0x9a, 0x6a, 0x41, 0xcf, 0xde, 0x9a, 0x28, 0xa0, 0x88, 0x3f, 0x5e, 
    0xdc, 0xbf, 0x2c, 0x13, 0x4d, 0x7c, 0x5c, 0xb1, 0xeb, 0x78, 0x17, 0xb3, 0xcb, 0x5f, 0x65, 0xf3, 
    0x53, 0x91, 0xa5, 0x0f, 0xe1, 0x85, 0x03, 0xc6, 0xd9, 0xb7, 0xfa, 0xe3, 0x05, 0x7d, 0xf8, 0xaf, 
    0x31, 0x2b, 0x66, 0xba, 0xb0, 0x64, 0x61, 0x0e, 0x77, 0xe9, 0x10, 0x7a, 0x9b, 0xbd, 0x68, 0xad, 
    0x6e, 0xe6, 0x18, 0x1b, 0xfd, 0xce, 0x28, 0xcf, 0x5c, 0x64, 0xb4, 0x63, 0xa5, 0x56, 0x22, 0xe2, 
    0xd0, 0x31, 0x63, 0x19, 0x4e, 0xe7, 0xc5, 0xf4, 0x53, 0xd1, 0x34, 0x0e, 0xbf, 0x14, 0x0e, 0xbf, 
    0x99, 0x99, 0x0e, 0x1c, 0xa8, 0x69, 0xc7, 0xff, 0xf8, 0x74, 0x5e, 0xa4, 0xfe, 0x1a, 0x43, 0x2f, 
    0x40, 0x4f, 0xd3, 0x6d, 0xa4, 0xa1, 0x8c, 0x50, 0xc5, 0x99, 0x4e, 0x7c, 0xf8, 0xea, 0x11, 0xd9, 
    0x85, 0xac, 0xdc, 0x00, 0x32, 0x4d, 0x72, 0x91, 0xd1, 0x8e, 0x55, 0xb8, 0x4c, 0x16, 0x2c, 0xb1, 
    0x32, 0x33, 0xa6, 0x8f, 0xa7, 0x3e, 0xff, 0xd5, 0xc5, 0xa8, 0xea, 0xf4, 0x87, 0x61, 0x58, 0xd7, 
    0xe8, 0x9f, 0x97, 0x44, 0x65, 0x45, 0x85, 0x95, 0xdc, 0xf4, 0x62, 0x86, 0x57, 0x9c, 0xf8, 0x91, 
    0x1f, 0xde, 0x5d, 0x73, 0xaa, 0x94, 0x21, 0xe3, 0x08, 0xad, 0x28, 0x2e, 0x7c, 0x9c, 0x1f, 0xe5, 
    0x63, 0xb8, 0x92, 0x14, 0xda, 0x33, 0x08, 0x69, 0x0c, 0x90, 0x29, 0x39, 0x50, 0xf0, 0xc7, 0x21, 
    0x95, 0xe1, 0xe5, 0x2b, 0xab, 0xd6, 0x3d, 0xde, 0x5f, 0x34, 0xff, 0x0f, 0xea, 0xc8, 0xb0, 0x1c, 
    0x9c, 0x9b, 0x9d, 0x0b, 0x00, 0x00, 0x00, 0x00, 0x49, 0x45, 0x4e, 0x44, 0xae, 0x42, 0x60, 0x82, 
    
};

static const uint8_t ASSET_BACKGROUND_SKY_PNG[] = {
    0x89, 0x50, 0x4e, 0x47, 0x0d, 0x0a, 0x1a, 0x0a, 0x00, 0x00, 0x00, 0x0d, 0x49, 0x48, 0x44, 0x52, 
    0x00, 0x00, 0x04, 0xb0, 0x00, 0x00, 0x02, 0xbc, 0x08, 0x06, 0x00, 0x00, 0x00, 0xff, 0x33, 0x46, 
    0x8e, 0x00, 0x01, 0x85, 0x25, 0x49, 0x44, 0x41, 0x54, 0x78, 0x9c, 0xec, 0xfd, 0x7b, 0xb4, 0xad, 
    0xe9, 0x75, 0xd6, 0x07, 0xae, 0x7d, 0x4e, 0x95, 0xa4, 0x92, 0x4a, 0xa5, 0x8b, 0x75, 0xb3, 0x2d, 
    0x5f, 0x64, 0xc9, 0x34, 0x96, 0x8d, 0x0d, 0x18, 0xec, 0x18, 0xa7, 0x6d, 0xc8, 0x08, 0xe4, 0x8f, 
    0xd0, 0x63, 0xf4, 0x68, 0xdc, 0x21, 0x0d, 0x9d, 0x0c, 0xcc, 0x5f, 0x90, 0x90, 0x30, 0x3a, 0x01, 
    0x9a, 0x1e, 0xa3, 0x9b, 0x5b, 0xe8, 0x84, 0x00, 0x21, 0x81, 0x40, 0xec, 0xee, 0x0e, 0x36, 0x0d, 
    0x01, 0x02, 0x98, 0x74, 0x7a, 0x40, 0x32, 0x46, 0x20, 0x83, 0xc4, 0x06, 0x63, 0x6c, 0x63, 0x83, 
    0x8d, 0x2d, 0x13, 0x2c, 0x5b, 0xb6, 0x91, 0x6c, 0xdd, 0x2f, 0xa5, 0x92, 0x4a, 0x52, 0xd5, 0x39, 
    0x27, 0xbf, 0xdf, 0x33, 0xbf, 0xf7, 0x5b, 0x6b, 0x9f, 0x3a, 0xa5, 0x3a, 0x55, 0x75, 0xaa, 0x74, 
    0xf6, 0xde, 0xcf, 0xb3, 0xd6, 0xfc, 0xe6, 0x9c, 0xcf, 0x9c, 0xef, 0xfc, 0xbe, 0xb5, 0xd6, 0xb7, 
    0xe5, 0x7a, 0x1f, 0xaf, 0xbd, 0xcf, 0xd9, 0xb5, 0x3f, 0xfc, 0x7d, 0xb7, 0x0e, 0x45, 0x51, 0x14, 
    0x45, 0x51, 0x14, 0x45, 0x51, 0x14, 0x45, 0x51, 0x14, 0x45, 0x71, 0x9f, 0xa2, 0x02, 0x56, 0x51, 
    0x14, 0x45, 0x51, 0x14, 0x45, 0x51, 0x14, 0x45, 0x51, 0x14, 0x45, 0x71, 0x5f, 0xe3, 0xec, 0xfa, 
    0xff, 0xf3, 0x1f, 0x54, 0xc0, 0x2a, 0x8a, 0xa2, 0x28, 0x8a, 0xa2, 0x28, 0x8a, 0xa2, 0x28, 0x8a, 
    0xa2, 0x28, 0xee, 0x5b, 0x54, 0xc0, 0x2a, 0x8a, 0xa2, 0x28, 0x8a, 0xa2, 0x28, 0x8a, 0xa2, 0x28, 
    0x8a, 0xa2, 0x28, 0xee, 0x6b, 0x54, 0xc0, 0x2a, 0x8a, 0xa2, 0x28, 0x8a, 0xa2, 0x28, 0x8a, 0xa2, 
    0x28, 0x8a, 0xa2, 0x28, 0xee, 0x6b, 0x54, 0xc0, 0x2a, 0x8a, 0xa2, 0x28, 0x8a, 0xa2, 0x28, 0x8a, 
    0xa2, 0x28, 0x8a, 0xa2, 0x28, 0xee, 0x6b, 0x9c, 0x5d, 0xff, 0x0f, 0x2b, 0x60, 0x15, 0x45, 0x51, 
    0x14, 0x45, 0x51, 0x14, 0x45, 0x51, 0x14, 0x45, 0x51, 0x14, 0xf7, 0x2f, 0xce, 0x1e, 0xf8, 0x0f, 
    0xbf, 0xbf, 0x02, 0x56, 0x51, 0x14, 0x45, 0x51, 0x14, 0x45, 0x51, 0x14, 0x45, 0x51, 0x14, 0x45, 
    0x71, 0xdf, 0xa2, 0x02, 0x56, 0x51, 0x14, 0x45, 0x51, 0x14, 0x45, 0x51, 0x14, 0x45, 0x51, 0x14, 
    0x45, 0x71, 0x5f, 0xa3, 0x02, 0x56, 0x51, 0x14, 0x45, 0x51, 0x14, 0x45, 0x51, 0x14, 0x45, 0x51, 
    0x14, 0x45, 0x71, 0x5f, 0xa3, 0x02, 0x56, 0x51, 0x14, 0x45, 0x51, 0x14, 0x45, 0x51, 0x14, 0x45, 
    0x51, 0x14, 0x45, 0x71, 0x5f, 0xe3, 0xec, 0xc1, 0xff, 0xa8, 0x02, 0x56, 0x51, 0x14, 0x45, 0x51, 
    0x14, 0x45, 0x51, 0x14, 0x45, 0x51, 0x14, 0x45, 0x71, 0xff, 0x02, 0x01, 0xeb, 0x07, 0x2a, 0x60, 
    0x15, 0x45, 0x51, 0x14, 0x45, 0x51, 0x14, 0x45, 0x51, 0x14, 0x45, 0x51, 0x14, 0xf7, 0x2d, 0x2a, 
    0x60, 0x15, 0x45, 0x51, 0x14, 0x45, 0x51, 0x14, 0x45, 0x51, 0x14, 0x45, 0x51, 0x14, 0xf7, 0x35, 
    0x2a, 0x60, 0x15, 0x45, 0x51, 0x14, 0x45, 0x51, 0x14, 0x45, 0x51, 0x14, 0x45, 0x51, 0x14, 0xf7, 
    0x35, 0xce, 0x1e, 0xfc, 0x23, 0x15, 0xb0, 0x8a, 0xa2, 0x28, 0x8a, 0xa2, 0x28, 0x8a, 0xa2, 0x28, 
    0x8a, 0xa2, 0x28, 0x8a, 0xfb, 0x17, 0x67, 0x2f, 0xa9, 0x80, 0x55, 0x14, 0x45, 0x51, 0x14, 0x45, 
    0x51, 0x14, 0x45, 0x51, 0x14, 0x45, 0x51, 0xdc, 0xc7, 0x40, 0xc0, 0xfa, 0xc1, 0x0a, 0x58, 0x45, 
    0x51, 0x14, 0x45, 0x51, 0x14, 0x45, 0x51, 0x14, 0x45, 0x51, 0x14, 0xc5, 0x7d, 0x8b, 0x0a, 0x58, 
    0x45, 0x51, 0x14, 0x45, 0x51, 0x14, 0x45, 0x51, 0x14, 0x45, 0x51, 0x14, 0xc5, 0x7d, 0x8d, 0xb3, 
    0x97, 0xfc, 0xc7, 0x15, 0xb0, 0x8a, 0xa2, 0x28, 0x8a, 0xa2, 0x28, 0x8a, 0xa2, 0x28, 0x8a, 0xa2, 
    0x28, 0x8a, 0xfb, 0x17, 0x67, 0x2f, 0xad, 0x80, 0x55, 0x14, 0x45, 0x51, 0x14, 0x45, 0x51, 0x14, 
    0x45, 0x51, 0x14, 0x45, 0x51, 0xdc, 0xc7, 0xa8, 0x80, 0x55, 0x14, 0x45, 0x51, 0x14, 0x45, 0x51, 
    0x14, 0x45, 0x51, 0x14, 0x45, 0x51, 0xdc, 0xd7, 0x40, 0xc0, 0xfa, 0x87, 0x15, 0xb0, 0x8a, 0xa2, 
    0x28, 0x8a, 0xa2, 0x28, 0x8a, 0xa2, 0x28, 0x8a, 0xa2, 0x28, 0x8a, 0xfb, 0x16, 0x15, 0xb0, 0x8a, 
    0xa2, 0x28, 0x8a, 0xa2, 0x28, 0x8a, 0xa2, 0x28, 0x8a, 0xa2, 0x28, 0x8a, 0xfb, 0x1a, 0x67, 0x2f, 
    0xfd, 0xa3, 0x15, 0xb0, 0x8a, 0xa2, 0x28, 0x8a, 0xa2, 0x28, 0x8a, 0xa2, 0x28, 0x8a, 0xa2, 0x28, 
    0x8a, 0xfb, 0x17, 0x67, 0x2f, 0xab, 0x80, 0x55, 0x14, 0x45, 0x51, 0x14, 0x45, 0x51, 0x14, 0x45, 
    0x51, 0x14, 0x45, 0x51, 0xdc, 0xc7, 0xa8, 0x80, 0x55, 0x14, 0x45, 0x51, 0x14, 0x45, 0x51, 0x14, 
    0x45, 0x51, 0x14, 0x45, 0x51, 0xdc, 0xd7, 0x40, 0xc0, 0xfa, 0xa1, 0x0a, 0x58, 0x45, 0x51, 0x14, 
    0x45, 0x51, 0x14, 0x45, 0x51, 0x14, 0x45, 0x51, 0x14, 0xc5, 0x7d, 0x8b, 0xb3, 0x97, 0xfd, 0xb1, 
    0x0a, 0x58, 0x45, 0x51, 0x14, 0x45, 0x51, 0x14, 0x45, 0x51, 0x14, 0x45, 0x51, 0x14, 0xc5, 0xfd, 
    0x8b, 0xb3, 0x87, 0x2a, 0x60, 0x15, 0x45, 0x51, 0x14, 0x45, 0x51, 0x14, 0x45, 0x51, 0x14, 0x45, 
    0x51, 0x14, 0xf7, 0x31, 0x2a, 0x60, 0x15, 0x45, 0x51, 0x14, 0x45, 0x51, 0x14, 0x45, 0x51, 0x14, 
    0x45, 0x51, 0x14, 0xf7, 0x35, 0x2a, 0x60, 0x15, 0x45, 0x51, 0x14, 0x45, 0x51, 0x14, 0x45, 0x51, 
    0x14, 0x45, 0x51, 0x14, 0xf7, 0x35, 0xce, 0x1e, 0xfa, 0xe3, 0x3f, 0x5c, 0x01, 0xab, 0x28, 0x8a, 
    0xa2, 0x28, 0x8a, 0xa2, 0x28, 0x8a, 0xa2, 0x28, 0x8a, 0xa2, 0xb8, 0x6f, 0x51, 0x01, 0xab, 0x28, 
    0x8a, 0xa2, 0x28, 0x8a, 0xa2, 0x28, 0x8a, 0xa2, 0x28, 0x8a, 0xa2, 0xb8, 0xaf, 0x71, 0xf6, 0xf2, 
    0x0a, 0x58, 0x45, 0x51, 0x14, 0x45, 0x51, 0x14, 0x45, 0x51, 0x14, 0x45, 0x51, 0x14, 0xc5, 0x7d, 
    0x8c, 0x0a, 0x58, 0x45, 0x51, 0x14, 0x45, 0x51, 0x14, 0x45, 0x51, 0x14, 0x45, 0x51, 0x14, 0xc5, 
    0x7d, 0x8d, 0x0a, 0x58, 0x45, 0x51, 0x14, 0x45, 0x51, 0x14, 0x45, 0x51, 0x14, 0x45, 0x51, 0x14, 
    0xc5, 0x7d, 0x8d, 0xb3, 0x97, 0xff, 0x27, 0xff, 0xa8, 0x02, 0x56, 0x51, 0x14, 0x45, 0x51, 0x14, 
    0x45, 0x51, 0x14, 0x45, 0x51, 0x14, 0x45, 0x71, 0xdf, 0xa2, 0x02, 0x56, 0x51, 0x14, 0x45, 0x51, 
    0x14, 0x45, 0x51, 0x14, 0x45, 0x51, 0x14, 0x45, 0x71, 0x5f, 0xe3, 0xec, 0x15, 0x15, 0xb0, 0x8a, 
    0xa2, 0x28, 0x8a, 0xa2, 0x28, 0x8a, 0xa2, 0x28, 0x8a, 0xa2, 0x28, 0x8a, 0xfb, 0x18, 0x15, 0xb0, 
    0x8a, 0xa2, 0x28, 0x8a, 0xa2, 0x28, 0x8a, 0xa2, 0x28, 0x8a, 0xfb, 0x16, 0x67, 0xd8, 0xbd, 0x40, 
    0x37, 0xbe, 0x45, 0x71, 0xb1, 0x71, 0xf6, 0x8a, 0x3f, 0x51, 0x01, 0xab, 0x28, 0x8a, 0xa2, 0x28, 
    0x8a, 0xa2, 0x28, 0x8a, 0xa2, 0x78, 0x71, 0x71, 0x2a, 0x4c, 0x9d, 0x9d, 0x3d, 0x75, 0x5b, 0x7a, 
    0x76, 0xeb, 0xa9, 0xdc, 0xc2, 0x9d, 0xfa, 0x4f, 0x71, 0xeb, 0xd6, 0xe9, 0xf4, 0xf3, 0xb8, 0x75, 
    0xf6, 0xd4, 0xda, 0x69, 0xff, 0x67, 0x9f, 0x5c, 0x14, 0xc5, 0xe7, 0x0a, 0x08, 0x58, 0xff, 0xb8, 
    0x3f, 0x9f, 0x45, 0x51, 0x14, 0x45, 0x51, 0x14, 0x45, 0x51, 0x14, 0xc5, 0x0b, 0x82, 0x25, 0x0d, 
    0x9d, 0x8a, 0x4e, 0xa7, 0xe2, 0xd4, 0x29, 0x2f, 0x56, 0xff, 0x29, 0xce, 0x9e, 0xa7, 0xac, 0x74, 
    0x8b, 0x09, 0xb7, 0xe3, 0xf6, 0x89, 0xe7, 0x44, 0xac, 0x13, 0x91, 0x6b, 0xf1, 0xb7, 0xf7, 0x17, 
    0x45, 0xf1, 0xe2, 0xe2, 0xec, 0xe1, 0x0a, 0x58, 0x45, 0x51, 0x14, 0x45, 0x51, 0x14, 0x45, 0x51, 
    0x14, 0xc5, 0x3d, 0xc0, 0x48, 0x3d, 0xf8, 0x4d, 0x94, 0x5a, 0x42, 0xd5, 0xca, 0xc5, 0xea, 0x11, 
    0xa7, 0xc2, 0xd4, 0x69, 0x2c, 0xf6, 0xfc, 0x74, 0xc1, 0xf3, 0xc1, 0x36, 0xee, 0x76, 0x31, 0xeb, 
    0x34, 0x3f, 0x1f, 0x1f, 0xb1, 0x8b, 0x58, 0x9b, 0xb0, 0xb5, 0xe7, 0x58, 0x51, 0x14, 0x2f, 0x0e, 
    0x2a, 0x60, 0x15, 0x45, 0x51, 0x14, 0x45, 0x51, 0x14, 0x45, 0x51, 0x14, 0xcf, 0x09, 0xca, 0x38, 
    0x4b, 0x9c, 0xba, 0x5d, 0xac, 0xb2, 0x26, 0x76, 0x21, 0x0a, 0xac, 0x38, 0x7e, 0x35, 0x80, 0xb5, 
    0x56, 0x9c, 0xd0, 0xe7, 0x90, 0x35, 0xcf, 0x01, 0xa7, 0xa2, 0xd4, 0x29, 0x4e, 0xa7, 0x2d, 0x61, 
    0x2a, 0xa0, 0xb0, 0xd6, 0x2c, 0x2f, 0x56, 0x4c, 0x39, 0xd8, 0x45, 0xac, 0x6d, 0xad, 0xf9, 0xaa, 
    0x15, 0x45, 0x71, 0xef, 0x71, 0xf6, 0xf0, 0x7f, 0x5a, 0x01, 0xab, 0x28, 0x8a, 0xa2, 0x28, 0x8a, 
    0xa2, 0x28, 0x8a, 0xa2, 0x78, 0x66, 0x28, 0xd5, 0xec, 0x02, 0xd5, 0x26, 0x3a, 0x99, 0xcb, 0x8b, 
    0x25, 0xe1, 0xec, 0xde, 0x9e, 0xad, 0xb8, 0x73, 0xd8, 0xc2, 0xe2, 0x16, 0x9e, 0x92, 0x33, 0xfb, 
    0x5e, 0x42, 0x91, 0xe9, 0x14, 0xc7, 0x2b, 0x1f, 0x9c, 0xe6, 0xeb, 0xcc, 0x3b, 0x07, 0xb1, 0x8b, 
    0x55, 0x1b, 0x77, 0xf4, 0xd8, 0x36, 0x7b, 0xef, 0x21, 0x97, 0x2f, 0x8a, 0xe2, 0xde, 0xa0, 0x02, 
    0x56, 0x51, 0x14, 0x45, 0x51, 0x14, 0x45, 0x51, 0x14, 0x45, 0xf1, 0xb4, 0x50, 0x8e, 0x51, 0x48, 
    0x8a, 0x18, 0x05, 0x12, 0xe3, 0xc5, 0x92, 0x68, 0x9e, 0xde, 0x0f, 0x8e, 0xf9, 0x78, 0xe1, 0x9c, 
    0x85, 0x35, 0x7b, 0xe1, 0xb4, 0x76, 0x8a, 0x35, 0xef, 0x6e, 0x71, 0xe7, 0x29, 0xf0, 0x88, 0x4b, 
    0xa7, 0x58, 0xa2, 0x93, 0x38, 0xad, 0xad, 0x57, 0x7a, 0xf4, 0x83, 0x63, 0xfe, 0x74, 0x1e, 0xdb, 
    0xe6, 0x38, 0xdb, 0x58, 0xae, 0x28, 0x8a, 0xe7, 0x0e, 0x04, 0xac, 0x1f, 0xe9, 0xcf, 0x51, 0x51, 
    0x14, 0x45, 0x51, 0x14, 0x45, 0x51, 0x14, 0x45, 0x11, 0x8c, 0xec, 0x82, 0x47, 0x44, 0x52, 0x58, 
    0xd2, 0x0b, 0xf9, 0x25, 0xc3, 0x9c, 0x7a, 0x4d, 0x58, 0x17, 0xc7, 0x7c, 0xf3, 0x6b, 0x3d, 0xb3, 
    0x16, 0x16, 0x27, 0xd6, 0x3a, 0x71, 0x42, 0xef, 0x38, 0xed, 0x7d, 0x3e, 0x50, 0x44, 0xba, 0x1d, 
    0xa7, 0xd4, 0xe9, 0x59, 0x4e, 0x7b, 0x15, 0xa0, 0xc4, 0xe2, 0x7c, 0xc5, 0xe2, 0xe8, 0x07, 0xe6, 
    0x9a, 0x38, 0xf5, 0x7b, 0x9d, 0xf5, 0xce, 0xd2, 0x8b, 0xc5, 0x17, 0x45, 0x71, 0x77, 0x38, 0x7b, 
    0x65, 0x05, 0xac, 0xa2, 0x28, 0x8a, 0xa2, 0x28, 0x8a, 0xa2, 0x28, 0x8a, 0x2b, 0x0f, 0x65, 0x15, 
    0xc5, 0x22, 0x85, 0x26, 0xbd, 0x08, 0x87, 0xd4, 0xa2, 0x09, 0xbd, 0x26, 0xac, 0x09, 0x73, 0x4d, 
    0xec, 0xeb, 0x98, 0x21, 0xf6, 0x1c, 0x5b, 0xd8, 0xa8, 0x60, 0xd5, 0x07, 0xa7, 0x31, 0xb5, 0xdb, 
    0xf2, 0x53, 0x9c, 0xce, 0xbb, 0x13, 0x9e, 0x7e, 0xa5, 0xb5, 0xdb, 0x57, 0x1f, 0xf3, 0x25, 0x2e, 
    0x89, 0x93, 0x90, 0x35, 0x83, 0x55, 0x57, 0x88, 0x12, 0x7b, 0xce, 0x0c, 0x4d, 0xec, 0xbd, 0xe4, 
    0x9a, 0xd0, 0x8f, 0x0d, 0x5c, 0xe7, 0x8c, 0x78, 0xf2, 0xa2, 0x28, 0x9e, 0x19, 0x67, 0xaf, 0xfc, 
    0xcf, 0x2a, 0x60, 0x15, 0x45, 0x51, 0x14, 0x45, 0x51, 0x14, 0x45, 0x51, 0x5c, 0x45, 0x28, 0xaf, 
    0x28, 0x22, 0x29, 0x38, 0xe9, 0x45, 0x38, 0x64, 0x15, 0x4d, 0xe8, 0xc7, 0x06, 0x13, 0x6f, 0xb5, 
    0xb5, 0xc6, 0xf5, 0x3b, 0xc7, 0x01, 0x6c, 0x25, 0xf2, 0x2d, 0x08, 0x26, 0x5e, 0xbd, 0x62, 0x6b, 
    0xdf, 0x71, 0xbe, 0x7f, 0xe0, 0xfc, 0xe7, 0x03, 0xc5, 0xa2, 0xdb, 0xa1, 0x78, 0x74, 0x8a, 0xd3, 
    0x33, 0xf8, 0x6a, 0x06, 0xcb, 0xc3, 0x6d, 0xfd, 0x9b, 0x23, 0xe7, 0x00, 0xec, 0x5d, 0xf3, 0xf7, 
    0x1e, 0x39, 0x4c, 0xd8, 0x66, 0xac, 0x09, 0xfd, 0xd8, 0xc0, 0x35, 0xae, 0x8f, 0x27, 0x2f, 0x8a, 
    0xe2, 0xce, 0xa8, 0x80, 0x55, 0x14, 0x45, 0x51, 0x14, 0x45, 0x51, 0x14, 0x45, 0x71, 0x85, 0xa0, 
    0x8c, 0xb2, 0x44, 0x22, 0x85, 0x21, 0xe3, 0x70, 0xc8, 0x27, 0x9a, 0xd0, 0x8f, 0x0d, 0x26, 0xc6, 
    0xe8, 0x15, 0x59, 0x47, 0x2e, 0xd0, 0x5e, 0x82, 0xad, 0x44, 0xbe, 0x05, 0xab, 0xbe, 0xfb, 0xc1, 
    0xb1, 0x4e, 0xcc, 0x9c, 0x85, 0xd5, 0x77, 0x8a, 0xd3, 0xde, 0x7b, 0x01, 0x45, 0xa2, 0xdb, 0xe1, 
    0x2b, 0x59, 0x50, 0x48, 0x5a, 0x58, 0xbd, 0xeb, 0x0a, 0x8e, 0x7d, 0xe3, 0xf7, 0xfa, 0x38, 0x72, 
    0x0e, 0xc0, 0xbe, 0x35, 0xc7, 0x9e, 0xe4, 0x98, 0xb0, 0xc5, 0x58, 0x13, 0xfa, 0x31, 0x62, 0x7b, 
    0xcf, 0xad, 0x2b, 0x8a, 0xe2, 0x14, 0x15, 0xb0, 0x8a, 0xa2, 0x28, 0x8a, 0xa2, 0x28, 0x8a, 0xa2, 
    0x28, 0xae, 0x00, 0x94, 0x46, 0x14, 0x84, 0x14, 0x8d, 0xe2, 0xcd, 0x37, 0x99, 0x44, 0x7f, 0xb4, 
    0xc9, 0x85, 0x3e, 0xbd, 0xac, 0x11, 0x93, 0x13, 0x00, 0xe8, 0xc0, 0x3a, 0x92, 0x0b, 0x46, 0xbc, 
    0xfb, 0xc1, 0xd4, 0xf0, 0x27, 0xeb, 0x17, 0x56, 0x2d, 0xd8, 0xea, 0x0b, 0x67, 0xeb, 0x24, 0x27, 
    0x38, 0x5d, 0xfb, 0x6c, 0xc0, 0x15, 0x73, 0x3c, 0x8f, 0x5b, 0xb7, 0x9d, 0x8f, 0x13, 0x72, 0x18, 
    0x28, 0x1e, 0x2d, 0xac, 0xb5, 0xa7, 0xc2, 0x92, 0x58, 0xab, 0x57, 0x9d, 0x01, 0xc7, 0xda, 0x38, 
    0x72, 0x0c, 0x5e, 0xb8, 0xde, 0xfa, 0x9e, 0xe3, 0x29, 0x63, 0xfa, 0x31, 0xa1, 0x0f, 0x6f, 0xef, 
    0xbe, 0xa6, 0x28, 0x0a, 0x71, 0xf6, 0xc8, 0x7f, 0xf6, 0xa3, 0xfd, 0x79, 0x28, 0x8a, 0xa2, 0x28, 
    0x8a, 0xa2, 0x28, 0x8a, 0xa2, 0xb8, 0xa4, 0x50, 0x1a, 0x51, 0x2c, 0x52, 0x44, 0x8a, 0x37, 0x47, 
    0x16, 0xb9, 0xdd, 0xc4, 0x5e, 0xb3, 0x8f, 0x7e, 0x31, 0x39, 0x7e, 0xd2, 0x04, 0x72, 0xe2, 0xd4, 
    0xdb, 0x23, 0x4e, 0xd7, 0x09, 0x67, 0x05, 0x1b, 0x2f, 0x4e, 0x05, 0xaa, 0xd5, 0x27, 0x4e, 0xe3, 
    0x80, 0xb6, 0x35, 0xef, 0xf9, 0x42, 0x41, 0xe8, 0xf6, 0xf1, 0x5c, 0x35, 0xc7, 0xc1, 0xb9, 0xf8, 
    0xf4, 0x9c, 0xae, 0x03, 0x8a, 0x49, 0x62, 0xf5, 0x65, 0x1e, 0xb0, 0x75, 0xe7, 0x4e, 0xfd, 0xea, 
    0xc7, 0x9d, 0xeb, 0x61, 0x9d, 0xb3, 0xcc, 0xa1, 0x83, 0x89, 0x6f, 0x37, 0x78, 0xfb, 0xf6, 0xfe, 
    0xa2, 0xb8, 0xda, 0xa8, 0x80, 0x55, 0x14, 0x45, 0x51, 0x14, 0x45, 0x51, 0x14, 0x45, 0x71, 0x09, 
    0x71, 0x0d, 0xe1, 0x48, 0xf1, 0x47, 0x01, 0x69, 0xa4, 0x13, 0x36, 0x80, 0xc8, 0x20, 0x4f, 0xb5, 
    0x8d, 0xb7, 0x8f, 0x7e, 0x31, 0x39, 0x7e, 0xd2, 0x04, 0xe1, 0x30, 0xa1, 0xb7, 0x2e, 0xce, 0xaf, 
    0x99, 0x18, 0xc5, 0x85, 0x03, 0xdc, 0xd6, 0x64, 0x6d, 0x61, 0xc5, 0xcb, 0x2f, 0x9c, 0xe6, 0xa7, 
    0xf1, 0x39, 0x30, 0x6e, 0x9d, 0xe2, 0x99, 0x80, 0xe6, 0xc3, 0x01, 0xbb, 0x03, 0xb8, 0x52, 0x8e, 
    0x83, 0xd3, 0x58, 0xac, 0x7c, 0x79, 0xb1, 0xe2, 0x5d, 0xd8, 0xda, 0x5e, 0xd7, 0x08, 0x4b, 0x5b, 
    0xbc, 0x73, 0xd8, 0xe2, 0xf0, 0x1a, 0x45, 0xb2, 0x71, 0xe7, 0xea, 0xac, 0x59, 0x33, 0xa0, 0x31, 
    0xfd, 0x79, 0x13, 0xa9, 0xd9, 0x47, 0xff, 0x4d, 0x7c, 0x51, 0x5c, 0x45, 0x9c, 0x3d, 0xf2, 0x27, 
    0x2b, 0x60, 0x15, 0x45, 0x51, 0x14, 0x45, 0x51, 0x14, 0x45, 0x51, 0x5c, 0x06, 0x28, 0x6d, 0x28, 
    0x22, 0x29, 0x2a, 0xc5, 0x9b, 0x23, 0x7f, 0xc4, 0x76, 0x4e, 0x1b, 0x24, 0x96, 0xb3, 0x96, 0x18, 
    0x6e, 0xed, 0x10, 0x09, 0xc2, 0x61, 0x42, 0x4f, 0x19, 0x3b, 0xc9, 0xe9, 0x09, 0x58, 0x2f, 0x6e, 
    0x17, 0xac, 0xe2, 0xa1, 0x9c, 0x2f, 0x92, 0x83, 0xe5, 0x05, 0xe5, 0x73, 0xd8, 0x67, 0x6e, 0x38, 
    0xed, 0x7d, 0x3e, 0xe0, 0x6a, 0x39, 0x1e, 0xa1, 0x20, 0x74, 0x8a, 0xd3, 0xb3, 0xac, 0xde, 0xdd, 
    0xfb, 0xba, 0x68, 0xd8, 0xf3, 0xe5, 0xb7, 0xd7, 0xc5, 0x45, 0x73, 0x30, 0xf7, 0x6a, 0xb7, 0x18, 
    0x6f, 0x55, 0x2f, 0xf4, 0x1a, 0xc3, 0xc8, 0xc6, 0xb9, 0x5c, 0xce, 0xf9, 0xe7, 0xd7, 0x6a, 0xe4, 
    0x72, 0xd6, 0x8c, 0x63, 0xf0, 0x8b, 0xd3, 0x93, 0x17, 0xc5, 0x55, 0x41, 0x05, 0xac, 0xa2, 0x28, 
    0x8a, 0xa2, 0x28, 0x8a, 0xa2, 0x28, 0x8a, 0x0b, 0x0e, 0x65, 0x0f, 0x85, 0x1f, 0x85, 0xa2, 0x78, 
    0x73, 0xe4, 0x8d, 0xa7, 0xda, 0xc6, 0xdb, 0x63, 0x6f, 0x62, 0x48, 0x00, 0x95, 0x43, 0xb8, 0xcd, 
    0x84, 0x65, 0x63, 0x4d, 0xb8, 0x16, 0xf5, 0x84, 0xc8, 0xf8, 0xec, 0xc8, 0x3f, 0xa3, 0x1f, 0x64, 
    0xfd, 0x86, 0x55, 0x1b, 0x18, 0xaf, 0x2e, 0x23, 0xf3, 0x3b, 0xe3, 0xd8, 0x75, 0x67, 0x3c, 0xfd, 
    0x4a, 0x6b, 0xa7, 0xab, 0xed, 0x3c, 0xe6, 0xa7, 0x35, 0x05, 0x22, 0x61, 0x87, 0x58, 0xb5, 0xcf, 
    0xe6, 0x4f, 0x05, 0xad, 0xe3, 0x7a, 0xe2, 0xd8, 0x60, 0xe2, 0x31, 0x94, 0x28, 0x9f, 0x81, 0x4b, 
    0xe5, 0x8e, 0xe2, 0x94, 0xb6, 0x71, 0x4f, 0x31, 0x78, 0x7b, 0xf6, 0xde, 0xa2, 0xb8, 0xfc, 0xa8, 
    0x80, 0x55, 0x14, 0x45, 0x51, 0x14, 0x45, 0x51, 0x14, 0x45, 0x71, 0x81, 0x71, 0xfb, 0xaf, 0x0a, 
    0x2a, 0x67, 0x3c, 0xd5, 0x36, 0xde, 0x1e, 0x7b, 0x13, 0xc3, 0xb9, 0x1b, 0xe4, 0x90, 0x1c, 0x13, 
    0x7a, 0x4a, 0x98, 0x7e, 0xe3, 0xe8, 0x41, 0x29, 0xc1, 0x5b, 0x21, 0x87, 0xd7, 0xc4, 0xa9, 0xd7, 
    0xc4, 0x74, 0xe1, 0x5d, 0x07, 0x16, 0xcf, 0x10, 0x6c, 0xaa, 0x47, 0xce, 0xf8, 0x88, 0xf0, 0xa7, 
    0x04, 0xf0, 0x9a, 0x9f, 0x0f, 0x14, 0x7a, 0xce, 0x81, 0x71, 0x5e, 0xed, 0x02, 0xe9, 0x8e, 0x23, 
    0x2f, 0x3b, 0xf1, 0xe2, 0x14, 0x8b, 0x84, 0x15, 0x21, 0xaf, 0x89, 0x53, 0xaf, 0x89, 0x08, 0x5a, 
    0x9c, 0xfb, 0xb8, 0x8e, 0x38, 0x36, 0xb1, 0xd0, 0x6b, 0x5c, 0xa4, 0x4f, 0x7a, 0x31, 0x72, 0xaf, 
    0xd9, 0x75, 0x89, 0x4f, 0xfa, 0xce, 0x1b, 0xbc, 0x3d, 0xf4, 0xf6, 0x57, 0x0b, 0x8b, 0xcb, 0x8e, 
    0xb3, 0x57, 0xfd, 0xc9, 0x7f, 0xe2, 0x3d, 0x5f, 0x14, 0x45, 0x51, 0x14, 0x45, 0x51, 0x14, 0x45, 
    0x51, 0x5c, 0x20, 0x28, 0x57, 0x5c, 0x3b, 0xdc, 0x44, 0x1f, 0x51, 0xca, 0x30, 0xd7, 0xdf, 0x6e, 
    0x1b, 0x6f, 0x0f, 0xca, 0xc8, 0x8a, 0x51, 0x3c, 0xe2, 0x93, 0xef, 0x36, 0xbd, 0x42, 0x6f, 0x1d, 
    0x75, 0x04, 0x0f, 0x01, 0x74, 0xe1, 0x31, 0xa1, 0xd7, 0xc4, 0xf2, 0x04, 0x3c, 0x27, 0x1e, 0xcf, 
    0x79, 0xe2, 0x8d, 0xc6, 0x8b, 0x35, 0x53, 0x78, 0x5d, 0x0b, 0x39, 0xe7, 0x09, 0x4e, 0xd7, 0xdc, 
    0x0b, 0x78, 0xc5, 0xa7, 0x50, 0xfc, 0x59, 0x50, 0x04, 0x5a, 0x38, 0xb9, 0xa4, 0x7d, 0xcd, 0xf8, 
    0x5b, 0x3c, 0xf4, 0x46, 0xf8, 0xad, 0x2f, 0x31, 0xd0, 0x6b, 0x42, 0x3f, 0x36, 0xc8, 0x4c, 0xce, 
    0xe1, 0x39, 0xe5, 0x85, 0x5e, 0x7a, 0xfc, 0x66, 0xd4, 0x79, 0x53, 0xe2, 0x93, 0x9f, 0xac, 0x79, 
    0x4a, 0xef, 0x6e, 0xf0, 0xf4, 0xdc, 0xe4, 0x8e, 0x30, 0x2e, 0x8a, 0xcb, 0x88, 0xb3, 0x57, 0xfd, 
    0xa9, 0x0a, 0x58, 0x45, 0x51, 0x14, 0x45, 0x51, 0x14, 0x45, 0x51, 0x14, 0x17, 0x05, 0xc8, 0x1b, 
    0xe8, 0x20, 0xb7, 0x90, 0x2a, 0x10, 0xaf, 0x8c, 0x91, 0x2c, 0x9e, 0x6a, 0x88, 0x5b, 0x67, 0xd4, 
    0x51, 0x4d, 0x92, 0xd3, 0x8f, 0x12, 0x12, 0x9f, 0x1c, 0x13, 0x7a, 0x7b, 0xc7, 0x63, 0xd4, 0x51, 
    0x42, 0xf0, 0x90, 0x40, 0x97, 0x19, 0xf2, 0x20, 0x3d, 0x9b, 0x05, 0x34, 0xac, 0x78, 0x6b, 0x39, 
    0xd7, 0x2b, 0xf6, 0x59, 0xcc, 0x11, 0xb7, 0xd7, 0xc5, 0x46, 0xed, 0x58, 0x3d, 0xa7, 0xd8, 0xc6, 
    0x3c, 0x6b, 0x3c, 0x75, 0x12, 0x1c, 0xef, 0xc5, 0x29, 0x4e, 0x53, 0x5f, 0x9d, 0x58, 0x3d, 0x0a, 
    0x48, 0x62, 0xbb, 0xfc, 0x3b, 0xd4, 0x39, 0x80, 0xf0, 0x27, 0x3d, 0xcb, 0x84, 0xbd, 0xce, 0xd9, 
    0xca, 0xe4, 0x1c, 0xcc, 0xe5, 0xe9, 0x19, 0x83, 0xc7, 0x0b, 0x7d, 0x8c, 0xba, 0x6f, 0x8e, 0x3e, 
    0x39, 0x6b, 0x6e, 0xde, 0x1a, 0x91, 0x2a, 0xf9, 0x53, 0xec, 0xc0, 0x5d, 0x41, 0x3d, 0xfd, 0x45, 
    0x71, 0xb9, 0x50, 0x01, 0xab, 0x28, 0x8a, 0xa2, 0x28, 0x8a, 0xa2, 0x28, 0x8a, 0xe2, 0x02, 0x00, 
    0x29, 0x03, 0xcd, 0x03, 0x99, 0x02, 0xf5, 0x23, 0xbf, 0x36, 0x88, 0x44, 0xf1, 0x54, 0x7b, 0x66, 
    0xe1, 0x6a, 0x8c, 0x59, 0xf1, 0x18, 0xb5, 0xc0, 0x35, 0x14, 0x78, 0xce, 0xfa, 0x8d, 0x4f, 0xcf, 
    0x66, 0x1c, 0x02, 0x63, 0x7b, 0x8c, 0xec, 0x33, 0x17, 0xae, 0x17, 0x53, 0xc3, 0x53, 0x13, 0x7b, 
    0x7d, 0xdc, 0xce, 0x8b, 0x6d, 0x49, 0x70, 0xca, 0x2f, 0xac, 0x59, 0xcf, 0x17, 0x8a, 0x3f, 0xb7, 
    0x43, 0xa1, 0x67, 0xe1, 0xf4, 0x2c, 0x8b, 0xdf, 0x1c, 0xb5, 0x09, 0x8e, 0xfc, 0xe6, 0xb7, 0x45, 
    0xd6, 0xa7, 0x86, 0xd8, 0x44, 0xcd, 0x3c, 0xa0, 0x6e, 0xbc, 0x4c, 0xd8, 0x37, 0x3d, 0xc6, 0x1c, 
    0x88, 0x45, 0x78, 0x7a, 0xc6, 0xc8, 0xe3, 0x37, 0xa3, 0xc6, 0x1b, 0x11, 0x9f, 0x9c, 0x35, 0x9f, 
    0x4d, 0xc8, 0xf2, 0xd7, 0x09, 0xed, 0x99, 0xfe, 0xa2, 0xb8, 0x1c, 0xa8, 0x80, 0x55, 0x14, 0x45, 
    0x51, 0x14, 0x45, 0x51, 0x14, 0x45, 0x71, 0x1f, 0x03, 0xe9, 0x02, 0x8d, 0x03, 0x59, 0x02, 0xb5, 
    0x23, 0x9e, 0x7c, 0xbe, 0x7d, 0x65, 0xbc, 0x8c, 0x1e, 0xfc, 0xce, 0xd3, 0x87, 0x82, 0x11, 0x9f, 
    0x7c, 0xb7, 0xe9, 0x8b, 0x51, 0x43, 0xe1, 0xc0, 0xcb, 0x61, 0xc4, 0x06, 0xa9, 0x9d, 0x18, 0x87, 
    0xc0, 0xd8, 0x25, 0x59, 0x07, 0x92, 0xe3, 0x3d, 0x64, 0x2d, 0xb0, 0x26, 0x2f, 0x08, 0x03, 0x39, 
    0x41, 0x5b, 0xb0, 0x72, 0xb1, 0xd6, 0x89, 0x53, 0x5e, 0xac, 0x39, 0xb7, 0xe3, 0xb6, 0xb6, 0xa7, 
    0x05, 0x2f, 0xff, 0x8e, 0xf0, 0x0a, 0x4f, 0xa1, 0xc8, 0xb3, 0xa0, 0xe8, 0xb3, 0xb0, 0xf8, 0x75, 
    0xba, 0x3d, 0x1f, 0x07, 0xcf, 0x15, 0x6e, 0x49, 0xd6, 0xd1, 0xc8, 0x13, 0x23, 0x06, 0xd6, 0x78, 
    0xee, 0x39, 0x01, 0x4f, 0xb8, 0x13, 0xe3, 0x40, 0x8f, 0x31, 0xde, 0x83, 0x31, 0x8b, 0xac, 0x8d, 
    0xc1, 0xc7, 0x6f, 0x46, 0xcd, 0x37, 0x40, 0x6f, 0x9e, 0x6f, 0x5b, 0xe1, 0x6f, 0xef, 0x1b, 0x1e, 
    0xce, 0xbe, 0x7d, 0x66, 0x51, 0x5c, 0x6c, 0x9c, 0xbd, 0xba, 0x02, 0x56, 0x51, 0x14, 0x45, 0x51, 
    0x14, 0x45, 0x51, 0x14, 0xc5, 0x7d, 0x09, 0xe4, 0x0a, 0xa4, 0x08, 0x44, 0x29, 0x44, 0x0b, 0x63, 
    0x65, 0x88, 0x6b, 0xb7, 0x56, 0xae, 0x0d, 0x97, 0x7c, 0xf1, 0x88, 0x15, 0xf1, 0xf2, 0xbb, 0x6d, 
    0x7d, 0x1a, 0x35, 0x14, 0x0d, 0xbc, 0x1c, 0x96, 0x18, 0xce, 0xda, 0x66, 0x62, 0xea, 0xe4, 0xa4, 
    0x53, 0xc7, 0x9b, 0xcb, 0xb3, 0x46, 0xc8, 0xcb, 0x09, 0xc2, 0x60, 0xb8, 0x81, 0x71, 0x70, 0xd2, 
    0xbf, 0xb0, 0xd6, 0x89, 0x13, 0x9a, 0x1e, 0x0e, 0xb7, 0xe1, 0xb4, 0xf7, 0xb9, 0xe0, 0x78, 0x45, 
    0x47, 0x6c, 0x97, 0x14, 0xf0, 0x96, 0xed, 0x38, 0xed, 0x55, 0xf8, 0x09, 0xb6, 0x8b, 0x5a, 0xb9, 
    0x4b, 0xf7, 0x78, 0x1c, 0x1c, 0x57, 0xb9, 0x25, 0x23, 0x1a, 0xe1, 0xe1, 0x84, 0x3c, 0xcf, 0xe4, 
    0xf2, 0x22, 0x31, 0xc6, 0x70, 0x38, 0xcc, 0x35, 0x64, 0xa9, 0x1b, 0xcb, 0x59, 0x8b, 0xc1, 0xc7, 
    0x6f, 0x66, 0x8d, 0x37, 0x6d, 0x3c, 0x62, 0x95, 0x5e, 0x7e, 0xf5, 0x91, 0xdf, 0x94, 0x37, 0x96, 
    0x33, 0xe7, 0x4e, 0x32, 0x2e, 0x8a, 0x8b, 0x8a, 0xb3, 0x57, 0xff, 0xe7, 0x3f, 0xd6, 0x7b, 0xb8, 
    0x28, 0x8a, 0xa2, 0x28, 0x8a, 0xa2, 0x28, 0x8a, 0xe2, 0x3e, 0x42, 0x64, 0x0d, 0x04, 0x0a, 0x85, 
    0xa2, 0xfc, 0xba, 0x20, 0x3e, 0x39, 0x12, 0x44, 0x04, 0x2d, 0xeb, 0xc4, 0xbb, 0xe5, 0xd7, 0x06, 
    0x4f, 0x84, 0xab, 0x93, 0xfe, 0xbd, 0x97, 0x1c, 0x25, 0x83, 0x98, 0x9c, 0x38, 0x1e, 0x1e, 0x32, 
    0x7e, 0x0c, 0xce, 0x1a, 0xb4, 0x5e, 0x84, 0x27, 0xe6, 0x19, 0x3c, 0x25, 0x27, 0x90, 0x13, 0xe8, 
    0x2e, 0x03, 0xce, 0x23, 0xe4, 0xad, 0x2f, 0xac, 0xf0, 0x1c, 0x87, 0x2d, 0xd8, 0xbf, 0x70, 0x1a, 
    0x07, 0x27, 0x8d, 0xbe, 0xbe, 0xcf, 0x06, 0xc5, 0xa0, 0x1d, 0xb7, 0xb5, 0x72, 0x45, 0x1c, 0x07, 
    0xe7, 0xe3, 0x23, 0x14, 0x7c, 0xc4, 0xe6, 0x02, 0xb9, 0xbd, 0x7f, 0x9b, 0xbf, 0x2e, 0x43, 0xde, 
    0xba, 0xd0, 0x19, 0xcb, 0x09, 0xc2, 0xf3, 0xb9, 0x31, 0x61, 0xbc, 0x39, 0xbc, 0xc6, 0xd0, 0xf8, 
    0x70, 0x5b, 0xcd, 0xf3, 0x4c, 0xac, 0xc1, 0xeb, 0xcd, 0xe5, 0xf7, 0x58, 0x21, 0x4b, 0x71, 0x8a, 
    0x78, 0xb7, 0xed, 0x6f, 0x61, 0x19, 0xa7, 0x07, 0x01, 0x6b, 0xf3, 0xc9, 0xa9, 0x17, 0xc5, 0x45, 
    0x43, 0x05, 0xac, 0xa2, 0x28, 0x8a, 0xa2, 0x28, 0x8a, 0xa2, 0x28, 0x8a, 0xfb, 0x08, 0xe7, 0x05, 
    0x2b, 0x72, 0xa4, 0x08, 0x25, 0x07, 0x6d, 0x93, 0x24, 0x76, 0x53, 0xd2, 0xb8, 0xc6, 0x71, 0x7a, 
    0xb1, 0x7d, 0x9d, 0x06, 0x1f, 0xef, 0x7a, 0x62, 0x79, 0x96, 0xe8, 0x5d, 0x37, 0x35, 0x6d, 0x20, 
    0xcf, 0x73, 0xbc, 0xbc, 0x9e, 0x5c, 0x9c, 0xe6, 0x7a, 0x31, 0x1c, 0x81, 0xf0, 0xbc, 0xe4, 0x62, 
    0xaf, 0x8f, 0x3b, 0xe6, 0x98, 0xd8, 0xfb, 0x36, 0x4f, 0x40, 0xef, 0x16, 0x6f, 0x58, 0x6b, 0x88, 
    0xb0, 0x85, 0xc5, 0x3d, 0x5b, 0x3c, 0x75, 0x86, 0x22, 0xce, 0x29, 0x14, 0x76, 0xb6, 0x12, 0x8e, 
    0x18, 0x1c, 0xfd, 0x60, 0xad, 0xd9, 0xdc, 0x31, 0xb7, 0xcf, 0xf5, 0xc0, 0x97, 0x91, 0x1c, 0x58, 
    0xe7, 0x39, 0x7e, 0x71, 0xb8, 0x95, 0xc7, 0x6f, 0xb9, 0x60, 0x29, 0x06, 0x87, 0x31, 0x30, 0x3c, 
    0xcf, 0xf1, 0x30, 0x7e, 0xd2, 0xd6, 0x26, 0xc6, 0xcb, 0x73, 0xde, 0x15, 0xdf, 0x84, 0xcf, 0xba, 
    0x13, 0xf3, 0x93, 0xd7, 0x6b, 0x23, 0x68, 0xb1, 0x96, 0x5e, 0xd7, 0x29, 0x68, 0x15, 0xc5, 0x45, 
    0x42, 0x05, 0xac, 0xa2, 0x28, 0x8a, 0xa2, 0x28, 0x8a, 0xa2, 0x28, 0x8a, 0xfb, 0x00, 0xca, 0x09, 
    0x0a, 0x37, 0x23, 0x58, 0x11, 0xa3, 0x86, 0x24, 0x86, 0x43, 0x72, 0xc0, 0x8e, 0x62, 0x16, 0x32, 
    0x44, 0xf8, 0x88, 0x57, 0xc6, 0xf4, 0x9a, 0x27, 0x5e, 0x5c, 0x7a, 0x89, 0xe5, 0x59, 0xa2, 0xcf, 
    0xba, 0xdd, 0x86, 0xe3, 0x39, 0x3e, 0x9c, 0x09, 0xcf, 0x38, 0x72, 0x02, 0x9e, 0xf1, 0x62, 0x38, 
    0x02, 0xce, 0x27, 0x26, 0xdf, 0xe2, 0x71, 0xc9, 0x6d, 0x11, 0xd6, 0x45, 0x3c, 0xa4, 0xd7, 0x29, 
    0xec, 0x19, 0x40, 0x5a, 0xdb, 0x90, 0xd9, 0x27, 0x58, 0xfd, 0xf7, 0x0a, 0x0a, 0x37, 0xa7, 0x38, 
    0x3f, 0xde, 0xda, 0x10, 0x8a, 0x3c, 0x22, 0xfd, 0x50, 0xeb, 0x15, 0x1d, 0x3d, 0xb6, 0xf7, 0x70, 
    0x00, 0xe6, 0xab, 0xee, 0x0b, 0x71, 0xf6, 0xca, 0x53, 0x23, 0x8c, 0x87, 0xc3, 0x91, 0xf8, 0x24, 
    0xd6, 0x20, 0x78, 0x8e, 0x4f, 0x49, 0x0f, 0x81, 0x85, 0x23, 0x8c, 0x87, 0xf1, 0x53, 0xb7, 0x36, 
    0x31, 0x5e, 0xde, 0xf3, 0x11, 0x2b, 0x62, 0x99, 0x67, 0x1d, 0xb6, 0x8b, 0x56, 0xc4, 0xf2, 0xc9, 
    0xd3, 0xbb, 0x7d, 0x43, 0x0b, 0xce, 0xb8, 0x28, 0x2e, 0x02, 0x2a, 0x60, 0x15, 0x45, 0x51, 0x14, 
    0x45, 0x51, 0x14, 0x45, 0x51, 0x7c, 0x8e, 0xa1, 0xe4, 0x10, 0x71, 0x0a, 0x61, 0xe7, 0x1a, 0xca, 
    0x87, 0x5e, 0x69, 0x21, 0x1c, 0x35, 0xe3, 0x31, 0x72, 0x6b, 0x08, 0x0f, 0xfa, 0xa7, 0xff, 0x7b, 
    0x58, 0x58, 0x3c, 0x9c, 0x07, 0xf9, 0xdd, 0x86, 0xe3, 0x39, 0x5e, 0x4e, 0x6f, 0x7e, 0x12, 0x8b, 
    0xc4, 0xe1, 0x48, 0x98, 0x29, 0x26, 0xc7, 0x26, 0x9d, 0x18, 0x2f, 0xac, 0x09, 0xbd, 0x26, 0xac, 
    0x73, 0xc4, 0xf4, 0x44, 0x86, 0x1b, 0xbc, 0xce, 0x85, 0xd5, 0x2f, 0x66, 0xcd, 0x53, 0x71, 0xb2, 
    0xf4, 0xae, 0x70, 0xe7, 0x29, 0xf0, 0xbc, 0x7f, 0x0b, 0x5e, 0xe9, 0x82, 0xe2, 0xce, 0xc2, 0xf1, 
    0xd2, 0xe4, 0xfc, 0x35, 0x3d, 0xbd, 0x91, 0x57, 0x7a, 0x8c, 0x85, 0xad, 0x7b, 0x1d, 0x67, 0xbc, 
    0x6a, 0xbc, 0x18, 0x72, 0x38, 0x72, 0x79, 0xa1, 0x33, 0x0e, 0x77, 0x1a, 0xeb, 0xf7, 0x1c, 0x2f, 
    0x87, 0x31, 0x64, 0x38, 0xc2, 0xf1, 0x98, 0x5e, 0x9e, 0x6a, 0x3c, 0x79, 0xfe, 0xee, 0x15, 0x7e, 
    0x7e, 0xad, 0x10, 0xcf, 0x1d, 0x94, 0x5a, 0x6c, 0x13, 0xad, 0x8c, 0xa9, 0xdd, 0xdc, 0x66, 0x0c, 
    0x57, 0x14, 0xf7, 0x3f, 0xce, 0x5e, 0x53, 0x01, 0xab, 0x28, 0x8a, 0xa2, 0x28, 0x8a, 0xa2, 0x28, 
    0x8a, 0xe2, 0x73, 0x02, 0xf4, 0x08, 0xf4, 0x0d, 0x24, 0x05, 0x14, 0x8e, 0xf5, 0xab, 0x83, 0x11, 
    0xad, 0x8c, 0x91, 0x15, 0x94, 0x16, 0xf4, 0xb1, 0xdb, 0xfe, 0xce, 0x55, 0xfa, 0xf0, 0x99, 0xa1, 
    0x87, 0x47, 0x91, 0xd8, 0xe6, 0x48, 0xe2, 0xe5, 0x77, 0x83, 0x92, 0xa3, 0x16, 0x2f, 0xa7, 0x37, 
    0x3f, 0x8d, 0x3d, 0x24, 0x27, 0x66, 0x9e, 0x38, 0xad, 0x8b, 0xc4, 0x7a, 0x78, 0xa1, 0xd7, 0x84, 
    0x35, 0x8e, 0x98, 0x9e, 0x88, 0x70, 0xcd, 0x19, 0x4c, 0x3c, 0x7d, 0x03, 0x5a, 0x76, 0xac, 0x39, 
    0x01, 0x85, 0x93, 0xb6, 0xe7, 0x05, 0xde, 0x3a, 0x0e, 0xd8, 0x06, 0xaf, 0x78, 0xe1, 0x84, 0xe6, 
    0x2d, 0x5c, 0xfc, 0xf2, 0x70, 0xbc, 0x88, 0xe3, 0x4b, 0x90, 0x1f, 0x81, 0x48, 0x38, 0x47, 0x13, 
    0x7a, 0xdb, 0xf6, 0x1a, 0xce, 0x58, 0x5e, 0x1c, 0xe7, 0xe8, 0x31, 0xe8, 0x78, 0xf3, 0xd3, 0x58, 
    0xbf, 0xe7, 0x78, 0xb9, 0xcd, 0x2c, 0xf0, 0x9c, 0x5f, 0x01, 0xcc, 0x3c, 0x0c, 0x7e, 0xf5, 0x8d, 
    0x20, 0x45, 0x2e, 0xcf, 0x9b, 0x77, 0xfa, 0xf7, 0xb1, 0xd6, 0x1d, 0x63, 0x2d, 0x7d, 0xac, 0x77, 
    0x8e, 0x5e, 0xce, 0x19, 0x45, 0x71, 0xbf, 0xe2, 0xec, 0x35, 0x7f, 0xfa, 0xc7, 0x7b, 0x8f, 0x16, 
    0x45, 0x51, 0x14, 0x45, 0x51, 0x14, 0x45, 0x51, 0xbc, 0xc8, 0x40, 0x7e, 0x40, 0x42, 0x40, 0x52, 
    0x40, 0x64, 0xd8, 0x63, 0x24, 0x84, 0xf1, 0xd6, 0x27, 0x8e, 0x2c, 0x41, 0xcf, 0xed, 0xbf, 0x2e, 
    0x88, 0xfc, 0x30, 0x39, 0x96, 0x1e, 0x8e, 0x72, 0x34, 0x10, 0x63, 0x5b, 0x5f, 0x62, 0x8a, 0x84, 
    0x78, 0x62, 0x72, 0xe7, 0x42, 0x25, 0x17, 0x3a, 0x79, 0x03, 0x7d, 0x6a, 0x7a, 0x73, 0x68, 0xb1, 
    0xe7, 0x5b, 0xcc, 0x81, 0x1a, 0x39, 0x1c, 0x11, 0x46, 0x8c, 0x09, 0xb3, 0xc1, 0x96, 0xa7, 0x07, 
    0x8f, 0x09, 0xd7, 0x05, 0x10, 0x4f, 0x5d, 0x33, 0x58, 0x6b, 0x6e, 0xc7, 0xed, 0x7d, 0x4f, 0x87, 
    0x3b, 0xaf, 0x86, 0x47, 0xa8, 0x39, 0xc5, 0xea, 0xf3, 0xea, 0x39, 0x04, 0x0a, 0x3a, 0x62, 0x4b, 
    0x4f, 0xd6, 0x8c, 0xdf, 0xf9, 0xe4, 0x9a, 0x42, 0x11, 0xaf, 0xc4, 0x75, 0x14, 0xe5, 0x71, 0xc3, 
    0x11, 0x0b, 0xc2, 0x3d, 0x4f, 0x0d, 0x2f, 0xa9, 0xc7, 0x05, 0x53, 0x47, 0x9c, 0xe2, 0x13, 0x0a, 
    0x6f, 0x4e, 0xcd, 0xb7, 0xeb, 0x98, 0x63, 0xc4, 0x04, 0xf4, 0x19, 0x0b, 0xfd, 0x58, 0x38, 0x6a, 
    0xab, 0x2f, 0x77, 0x10, 0xb9, 0x3d, 0xfb, 0x5c, 0xb2, 0x15, 0x8f, 0x9f, 0x9e, 0x15, 0x17, 0xc5, 
    0xfd, 0x88, 0x0a, 0x58, 0x45, 0x51, 0x14, 0x45, 0x51, 0x14, 0x45, 0x51, 0x14, 0x2f, 0x32, 0xe6, 
    0x5b, 0x52, 0x08, 0x49, 0x9b, 0x57, 0xac, 0x19, 0x51, 0x49, 0x4f, 0xbe, 0xec, 0xe4, 0x5b, 0x57, 
    0xb7, 0xff, 0xba, 0xa0, 0xfd, 0xc8, 0x0e, 0x89, 0x8f, 0x3c, 0xb6, 0xcd, 0x4b, 0x4c, 0x91, 0x90, 
    0xf3, 0xb0, 0x76, 0xe7, 0xe1, 0xf4, 0xf0, 0xf6, 0x18, 0xe8, 0xc3, 0xe3, 0xc5, 0x69, 0x3d, 0xb1, 
    0x1c, 0x31, 0x07, 0x78, 0x72, 0xb8, 0x05, 0x79, 0xe8, 0x0d, 0xc4, 0x5b, 0x6d, 0x71, 0xf6, 0x8b, 
    0xa7, 0xf0, 0x5b, 0x2e, 0x16, 0x27, 0x9c, 0x77, 0x3b, 0xee, 0xc4, 0x3d, 0x1b, 0x70, 0x55, 0x1c, 
    0xcf, 0xe3, 0x94, 0x3b, 0x9d, 0xae, 0x90, 0x23, 0x16, 0xb7, 0xe7, 0xbe, 0x99, 0xe0, 0x3c, 0xaf, 
    0x11, 0xc7, 0x26, 0x16, 0xd6, 0xd2, 0x4f, 0x41, 0x1e, 0x37, 0x9c, 0xb1, 0xb4, 0x07, 0x90, 0x7c, 
    0xf3, 0x16, 0xf4, 0xb8, 0xd4, 0xc3, 0xeb, 0x99, 0x73, 0xd3, 0x6f, 0x51, 0x85, 0xc7, 0xec, 0x21, 
    0x91, 0x4f, 0xac, 0x99, 0xd3, 0xef, 0xf5, 0x2c, 0x11, 0x6a, 0xf1, 0xe7, 0x7f, 0xad, 0x90, 0x58, 
    0x1e, 0xe3, 0x8e, 0xd8, 0x3c, 0x5c, 0xea, 0xc4, 0x27, 0xbe, 0x28, 0xee, 0x37, 0x54, 0xc0, 0x2a, 
    0x8a, 0xa2, 0x28, 0x8a, 0xa2, 0x28, 0x8a, 0xa2, 0x78, 0x91, 0xa0, 0x2c, 0xa0, 0x70, 0xa3, 0xf8, 
    0x64, 0x3c, 0x5e, 0x19, 0x41, 0x6e, 0xf9, 0x4d, 0x98, 0x4a, 0x1f, 0xfd, 0xc6, 0x28, 0x17, 0x11, 
    0xa1, 0x56, 0x4e, 0x4f, 0x62, 0x7a, 0x78, 0x12, 0x50, 0x3f, 0x15, 0xb8, 0x28, 0x12, 0xe2, 0x4f, 
    0xf9, 0xc9, 0x79, 0x12, 0x7b, 0x20, 0xc6, 0x87, 0xd7, 0x9b, 0x4b, 0x6f, 0xb1, 0x48, 0x8d, 0xd8, 
    0xf3, 0xeb, 0x17, 0xd2, 0x83, 0xf7, 0x3a, 0x85, 0xb5, 0xc9, 0x89, 0xe9, 0x35, 0x39, 0xf6, 0x10, 
    0x53, 0x17, 0x2b, 0x17, 0xd6, 0xc5, 0xf2, 0xe2, 0x34, 0x16, 0xbe, 0x8e, 0x3b, 0x21, 0xe7, 0xf8, 
    0x2c, 0x50, 0x84, 0xb9, 0x13, 0x6e, 0x5f, 0x76, 0xbc, 0xc2, 0x63, 0xbc, 0xbc, 0x58, 0xed, 0x0a, 
    0x3c, 0xc2, 0x3c, 0x75, 0x82, 0x75, 0x0e, 0xc2, 0xbd, 0xce, 0x95, 0x4d, 0x8e, 0x5f, 0xb0, 0x66, 
    0x6f, 0x3c, 0xb9, 0x98, 0x18, 0xa3, 0x6d, 0x8f, 0xe5, 0xf1, 0x92, 0x7a, 0xdc, 0x56, 0x1b, 0x7f, 
    0x14, 0xa2, 0xcc, 0x31, 0x7b, 0x48, 0xe4, 0x25, 0x79, 0x26, 0xa7, 0x84, 0xd1, 0x6b, 0x9d, 0x78, 
    0xc4, 0x2f, 0x63, 0x7a, 0xc9, 0xed, 0xf1, 0x3a, 0x23, 0x5c, 0xc5, 0x4f, 0x4d, 0x1b, 0x8e, 0x35, 
    0x7a, 0xfa, 0x8c, 0x8b, 0xe2, 0x7e, 0xc1, 0xd9, 0x6b, 0x2b, 0x60, 0x15, 0x45, 0x51, 0x14, 0x45, 
    0x51, 0x14, 0x45, 0x51, 0xbc, 0xe0, 0x50, 0x36, 0x50, 0x9c, 0x52, 0xcc, 0xb9, 0xd3, 0x1f, 0x6a, 
    0xd7, 0x23, 0x2f, 0x8c, 0x50, 0x85, 0x78, 0x60, 0xfd, 0x28, 0x3e, 0x11, 0x63, 0x7a, 0x7b, 0xc2, 
    0x11, 0xc6, 0x93, 0xbb, 0x56, 0x8f, 0x4e, 0x71, 0x07, 0x1e, 0x98, 0xcb, 0xc3, 0xad, 0x9a, 0x7c, 
    0xbc, 0xf9, 0xb9, 0xda, 0x16, 0x63, 0x29, 0x10, 0xe5, 0x9c, 0x31, 0x33, 0x39, 0x3c, 0xb5, 0xe4, 
    0xbc, 0x16, 0xb1, 0x72, 0x61, 0x2c, 0xf6, 0x9c, 0x35, 0xda, 0xc2, 0x1e, 0xaf, 0x06, 0xb0, 0xe6, 
    0x08, 0x5f, 0xc7, 0xed, 0xd8, 0xd7, 0x3c, 0x4b, 0x78, 0xe6, 0xdb, 0x71, 0x72, 0xaa, 0x88, 0x3b, 
    0x3b, 0x36, 0xfe, 0x74, 0x8d, 0xb1, 0x26, 0xb6, 0x32, 0xeb, 0x8f, 0xf9, 0x1e, 0x33, 0xe7, 0x5c, 
    0xce, 0x9a, 0xe4, 0x78, 0xaf, 0xde, 0x88, 0x26, 0x8e, 0xcb, 0x48, 0x57, 0x4e, 0x79, 0x8f, 0xe5, 
    0xf5, 0x2b, 0xa7, 0xe6, 0x41, 0x3e, 0xc2, 0x92, 0x9c, 0x39, 0xbc, 0xaf, 0xc3, 0xfc, 0xa9, 0x3c, 
    0x07, 0x73, 0xcc, 0x3b, 0x40, 0x2f, 0xa7, 0xd8, 0xa5, 0xf7, 0xdb, 0x58, 0x0a, 0x5b, 0xf6, 0xcc, 
    0xda, 0xf3, 0xb3, 0xfb, 0x07, 0xde, 0x8b, 0xfb, 0x11, 0x67, 0xaf, 0xfd, 0x33, 0x15, 0xb0, 0x8a, 
    0xa2, 0x28, 0x8a, 0xa2, 0x28, 0x8a, 0xa2, 0x28, 0x5e, 0x48, 0x28, 0x27, 0x28, 0x26, 0xad, 0x5f, 
    0x19, 0x34, 0x56, 0xe4, 0x41, 0x26, 0x20, 0x1e, 0xaf, 0x5c, 0x20, 0x77, 0x8d, 0x1d, 0x9a, 0x3e, 
    0x7d, 0x8a, 0x59, 0xac, 0xdd, 0xeb, 0xc4, 0x14, 0xe8, 0x21, 0xc7, 0xdb, 0xa3, 0x9f, 0xb9, 0x94, 
    0xec, 0x23, 0xd0, 0x3b, 0x17, 0x29, 0x83, 0xf8, 0x3c, 0xbf, 0xe7, 0xb1, 0x2d, 0x4e, 0x6d, 0x8b, 
    0xb1, 0x20, 0x9c, 0x46, 0x88, 0x17, 0x7a, 0xb4, 0x0d, 0x4a, 0xe4, 0x7a, 0x73, 0x79, 0x7a, 0x45, 
    0x62, 0x6b, 0xe0, 0xc8, 0x8d, 0x27, 0x08, 0xf6, 0x3a, 0xb6, 0xb0, 0x7a, 0xc5, 0xde, 0xbf, 0xe1, 
    0xb4, 0xf6, 0x7c, 0xa0, 0x20, 0x73, 0x8a, 0xb9, 0xf2, 0xc1, 0x69, 0x6d, 0x9d, 0x4d, 0x41, 0x2a, 
    0xd8, 0x88, 0xd5, 0xbf, 0x7a, 0xad, 0x6f, 0xa5, 0x70, 0xc6, 0xe9, 0x21, 0x48, 0x4d, 0x6f, 0x0e, 
    0xf4, 0xa4, 0x18, 0x39, 0xbd, 0xc2, 0x78, 0x8c, 0x18, 0x6e, 0x8f, 0xe3, 0xb5, 0x2d, 0x3e, 0xa9, 
    0xf1, 0x6e, 0xe4, 0x2e, 0x48, 0xbe, 0x78, 0xc6, 0xf9, 0x2b, 0x7f, 0xc9, 0x73, 0x5e, 0x7a, 0xf0, 
    0x24, 0xd4, 0x71, 0xb9, 0x13, 0x26, 0x56, 0xb4, 0x3a, 0xf6, 0x50, 0xc3, 0xaf, 0xfa, 0xe9, 0x5c, 
    0xee, 0xd4, 0xf4, 0x39, 0x37, 0x31, 0x6b, 0x8b, 0xe2, 0x73, 0x0d, 0x04, 0xac, 0x77, 0xf4, 0x5e, 
    0x2c, 0x8a, 0xa2, 0x28, 0x8a, 0xa2, 0x28, 0x8a, 0xa2, 0x78, 0x81, 0x30, 0xe2, 0x12, 0x32, 0x81, 
    0x62, 0x14, 0xbb, 0xaf, 0x78, 0x24, 0x81, 0x88, 0x58, 0xd4, 0x95, 0x08, 0x26, 0xa7, 0x8f, 0x3c, 
    0x3c, 0x8d, 0x47, 0x8e, 0x45, 0x58, 0x38, 0xe6, 0xdc, 0xb9, 0x87, 0x39, 0x5b, 0x7e, 0x34, 0x38, 
    0xfd, 0x39, 0x7e, 0xb8, 0xac, 0x59, 0x3c, 0xe3, 0x8d, 0x3d, 0x07, 0x44, 0x10, 0x3e, 0xb6, 0xc5, 
    0x04, 0x9e, 0x9b, 0x84, 0x27, 0xb9, 0xc6, 0x9a, 0x33, 0x1e, 0xc2, 0x9a, 0xb9, 0xb0, 0x06, 0x41, 
    0xa4, 0xdb, 0x3c, 0x0f, 0x71, 0xae, 0x67, 0xc3, 0x91, 0x3b, 0x8f, 0xd3, 0x9e, 0x85, 0xdb, 0x7b, 
    0x9e, 0x09, 0x4f, 0x9d, 0x20, 0x77, 0x7e, 0xca, 0xea, 0x51, 0xb8, 0x59, 0x58, 0x3d, 0x8b, 0xbb, 
    0xc5, 0x43, 0x28, 0xea, 0x04, 0xf0, 0xa7, 0x3d, 0x8b, 0xb7, 0x2f, 0x39, 0x35, 0x8d, 0x43, 0x6a, 
    0xbe, 0x0d, 0xe6, 0x38, 0x4c, 0x4f, 0x4d, 0x48, 0x10, 0x67, 0x0d, 0x94, 0xbc, 0x31, 0x9f, 0xee, 
    0xc4, 0x54, 0xc7, 0x63, 0xf0, 0xf1, 0xa7, 0x9c, 0x16, 0x1e, 0x71, 0xca, 0x58, 0x23, 0x5f, 0xa2, 
    0xd3, 0x9c, 0x9b, 0xc1, 0xf2, 0xd8, 0x9d, 0x7a, 0x76, 0x6e, 0xcf, 0xf5, 0xd4, 0x23, 0x76, 0x91, 
    0xc7, 0x9b, 0x93, 0x14, 0xc5, 0xe7, 0x10, 0x15, 0xb0, 0x8a, 0xa2, 0x28, 0x8a, 0xa2, 0x28, 0x8a, 
    0xa2, 0x28, 0x5e, 0x00, 0xb8, 0xdd, 0x57, 0x9c, 0x89, 0xd8, 0x84, 0x24, 0x80, 0x0c, 0xb0, 0xf9, 
    0x63, 0x8e, 0xc4, 0x30, 0x82, 0x16, 0xe1, 0x39, 0xa1, 0x0b, 0x3e, 0xeb, 0xd3, 0x0b, 0xa8, 0xed, 
    0xdf, 0xba, 0xa2, 0x96, 0x19, 0xc6, 0x88, 0x0a, 0xc7, 0xfe, 0x65, 0xb4, 0xeb, 0xad, 0xeb, 0x63, 
    0xc3, 0x79, 0xce, 0x9d, 0xe7, 0x9c, 0xc6, 0x5e, 0x03, 0x04, 0x4f, 0xb8, 0xd8, 0x16, 0x1b, 0x00, 
    0xaf, 0xc9, 0xbe, 0xe1, 0x30, 0x1e, 0xe2, 0x94, 0x0f, 0x8c, 0xe1, 0xc4, 0xde, 0x23, 0xb7, 0xd5, 
    0x8d, 0xc5, 0x54, 0x06, 0x7b, 0x0d, 0x5b, 0x58, 0xdc, 0xc2, 0xba, 0x8e, 0xe7, 0x8b, 0xed, 0xd2, 
    0x76, 0x78, 0x65, 0x0b, 0xab, 0x74, 0x47, 0x8e, 0xf7, 0x58, 0x58, 0x3b, 0xc6, 0x53, 0x55, 0xd8, 
    0xe1, 0x40, 0x84, 0xdb, 0xea, 0xe1, 0x80, 0x3d, 0xc9, 0x6f, 0xe7, 0x59, 0x1a, 0xce, 0x38, 0x1e, 
    0xde, 0x04, 0x3f, 0x7d, 0xa6, 0x78, 0x82, 0xe3, 0x27, 0xbb, 0x71, 0x1a, 0x7c, 0xfc, 0x29, 0x87, 
    0x8d, 0xd0, 0x34, 0xe7, 0x5c, 0x22, 0x54, 0x62, 0xcf, 0x8b, 0x9f, 0x7e, 0x79, 0x3d, 0x7c, 0xfa, 
    0xf5, 0xd4, 0x68, 0x31, 0xf7, 0x1a, 0xd6, 0x39, 0xd7, 0x8c, 0x73, 0x39, 0x8d, 0xae, 0x2f, 0x8a, 
    0xcf, 0x05, 0x2a, 0x60, 0x15, 0x45, 0x51, 0x14, 0x45, 0x51, 0x14, 0x45, 0x51, 0xdc, 0x63, 0xa0, 
    0x07, 0x20, 0xbc, 0x28, 0x17, 0xb0, 0xed, 0x47, 0xb1, 0x58, 0xb1, 0xdb, 0x7f, 0x64, 0x80, 0x78, 
    0x25, 0x81, 0xf0, 0xec, 0xc8, 0xe2, 0xcd, 0xe1, 0x57, 0x3d, 0x32, 0x03, 0xbc, 0xa2, 0x90, 0xf3, 
    0x52, 0x27, 0x8f, 0x60, 0x85, 0x90, 0x60, 0x4f, 0x72, 0x79, 0x62, 0x91, 0x3e, 0xeb, 0xe4, 0x63, 
    0x72, 0xe3, 0x77, 0x9e, 0x56, 0xd7, 0x39, 0x1f, 0x82, 0x27, 0x5c, 0x6c, 0x8b, 0x09, 0x72, 0x4e, 
    0x7a, 0x26, 0xa7, 0x0f, 0x78, 0xc6, 0x53, 0x3e, 0x30, 0x96, 0xe3, 0x21, 0x4e, 0x6b, 0xc6, 0xc2, 
    0xca, 0xce, 0x61, 0x0b, 0x3b, 0x77, 0x42, 0x3a, 0x8b, 0x42, 0xb0, 0xea, 0xb7, 0xe3, 0xe9, 0xf8, 
    0xdb, 0xe1, 0x95, 0xdc, 0x09, 0x3b, 0xcf, 0x18, 0x05, 0x9c, 0x05, 0x4f, 0x2d, 0xf6, 0x3a, 0xd8, 
    0x28, 0xfc, 0xf1, 0xac, 0x8a, 0x38, 0x22, 0xdc, 0x1e, 0xf3, 0x70, 0xd6, 0x9e, 0x4f, 0x4d, 0x8e, 
    0x0a, 0x0c, 0x9c, 0xf9, 0x29, 0x0f, 0x9d, 0xdc, 0x5a, 0x3c, 0x6b, 0x4d, 0xf0, 0xd3, 0x63, 0xca, 
    0x5d, 0x82, 0xb0, 0x24, 0x6d, 0x7c, 0xf4, 0x47, 0x5e, 0x24, 0xe7, 0x4e, 0xc8, 0x3a, 0x62, 0x85, 
    0xac, 0xd4, 0xc9, 0xc3, 0xdb, 0x93, 0x73, 0x32, 0xd4, 0x3a, 0xb6, 0xdd, 0x0d, 0x78, 0xea, 0xf0, 
    0x4f, 0xf7, 0x2b, 0x85, 0xc7, 0x3a, 0xb6, 0xc5, 0xce, 0x2b, 0x8a, 0x17, 0x1b, 0x67, 0x9f, 0xf7, 
    0x5f, 0x54, 0xc0, 0x2a, 0x8a, 0xa2, 0x28, 0x8a, 0xa2, 0x28, 0x8a, 0xa2, 0xb8, 0x57, 0x40, 0x07, 
    0x60, 0x9b, 0xcf, 0xf6, 0x1f, 0x11, 0xe1, 0x54, 0xbc, 0x9a, 0x3f, 0xc8, 0x6e, 0x1d, 0x8f, 0x04, 
    0x80, 0x14, 0x80, 0x3f, 0xed, 0xd5, 0x5b, 0x77, 0x8b, 0x46, 0x2d, 0xdc, 0x78, 0xb9, 0xf4, 0xc5, 
    0xd3, 0xb3, 0x71, 0xa8, 0x09, 0x08, 0x53, 0xc6, 0x70, 0xe4, 0x11, 0xa9, 0xe0, 0xd6, 0x1c, 0x1c, 
    0x86, 0x0f, 0x4f, 0xcc, 0xc1, 0x9c, 0x03, 0x4f, 0xe2, 0xd3, 0x5e, 0xbd, 0x79, 0x62, 0x0c, 0x4f, 
    0x70, 0x8e, 0x13, 0x89, 0x63, 0x2c, 0x00, 0xf2, 0x93, 0x6f, 0x75, 0x68, 0xd7, 0x08, 0xe3, 0xc1, 
    0x96, 0x63, 0x22, 0xbd, 0x24, 0xab, 0x4f, 0x38, 0x67, 0x81, 0xd2, 0x39, 0x1c, 0xe7, 0x3c, 0x37, 
    0x9c, 0x9c, 0x26, 0x38, 0x4d, 0x15, 0x64, 0x16, 0x14, 0x79, 0x2c, 0xfa, 0x6a, 0x04, 0xe1, 0x86, 
    0x2d, 0xdf, 0x08, 0xfb, 0xf6, 0x98, 0x5a, 0x6c, 0x9b, 0xa3, 0x60, 0x95, 0x1c, 0x13, 0xf2, 0xc6, 
    0xae, 0x21, 0x99, 0xf8, 0x84, 0x83, 0x9a, 0x58, 0x6f, 0x4e, 0xcc, 0x81, 0x27, 0xb1, 0x7d, 0xa6, 
    0x8a, 0x51, 0xe6, 0xce, 0xd3, 0x13, 0xd8, 0x1b, 0x91, 0xca, 0x1c, 0xde, 0x6f, 0x52, 0xf9, 0x46, 
    0x25, 0x27, 0x9e, 0x7f, 0x12, 0x40, 0xbf, 0xf5, 0xc8, 0x59, 0xc7, 0xd3, 0xb8, 0x71, 0xac, 0xdb, 
    0xfe, 0xb0, 0xfb, 0xf4, 0x91, 0xcb, 0xc7, 0xc8, 0x21, 0xac, 0xa7, 0x66, 0xcf, 0xb6, 0x3e, 0x39, 
    0xbd, 0x45, 0xf1, 0x62, 0xa2, 0x02, 0x56, 0x51, 0x14, 0x45, 0x51, 0x14, 0x45, 0x51, 0x14, 0xc5, 
    0x3d, 0x82, 0xd2, 0x40, 0xb6, 0xfb, 0x9b, 0x60, 0x64, 0xac, 0x30, 0x73, 0x14, 0xa7, 0x4e, 0x6a, 
    0x1c, 0x14, 0x70, 0x26, 0xd7, 0x2b, 0x6e, 0xc0, 0x6d, 0x33, 0x76, 0x0f, 0x8f, 0x6c, 0x40, 0xec, 
    0x7a, 0xfd, 0x26, 0x4d, 0xc0, 0x2f, 0xce, 0x58, 0xaf, 0xac, 0xa0, 0x77, 0xed, 0xf8, 0xcd, 0xb6, 
    0x3a, 0x07, 0x9e, 0xc4, 0x9c, 0x6f, 0xae, 0xe7, 0xc4, 0x87, 0xc3, 0x88, 0x09, 0x26, 0x27, 0x5e, 
    0xdc, 0x18, 0xcd, 0xe0, 0x1c, 0x37, 0xd4, 0xf4, 0x6f, 0x71, 0xae, 0x8f, 0xa3, 0xb0, 0x87, 0x43, 
    0xea, 0xc2, 0xb5, 0x02, 0x6a, 0xc7, 0x5a, 0x97, 0xde, 0x13, 0xac, 0x35, 0xc1, 0xd6, 0xb3, 0xb0, 
    0xe6, 0xdc, 0x0e, 0x05, 0x96, 0x73, 0x38, 0x69, 0x53, 0xf4, 0x39, 0xc5, 0xba, 0xca, 0xd3, 0xd3, 
    0xac, 0x70, 0xcd, 0xc9, 0x1a, 0xc8, 0xbd, 0x17, 0xe3, 0xec, 0x18, 0x31, 0x49, 0xea, 0x20, 0x31, 
    0x7c, 0x6c, 0xad, 0xcd, 0x83, 0x5c, 0x83, 0x8b, 0xb7, 0x9f, 0xe6, 0xc4, 0x72, 0xe4, 0x13, 0x43, 
    0x2f, 0xbf, 0x71, 0x1c, 0x78, 0x12, 0xdb, 0xa7, 0xdf, 0x6d, 0x78, 0xee, 0x8e, 0xf8, 0x55, 0xcf, 
    0x9d, 0x41, 0xec, 0xf5, 0x71, 0xa7, 0x1d, 0x39, 0xbc, 0xfc, 0x70, 0x88, 0x52, 0x9b, 0xf7, 0xf3, 
    0x54, 0xf8, 0xf2, 0x7c, 0x11, 0xc3, 0xe2, 0xcd, 0xe9, 0x31, 0xb7, 0x8f, 0x46, 0x45, 0xac, 0x7d, 
    0xfd, 0x56, 0x4b, 0xcc, 0x8c, 0xa2, 0x78, 0xb1, 0x80, 0x80, 0xf5, 0x13, 0xbd, 0xe7, 0x8a, 0xa2, 
    0x28, 0x8a, 0xa2, 0x28, 0x8a, 0xa2, 0x28, 0x9e, 0x27, 0xd8, 0xd7, 0xb3, 0xa5, 0x67, 0x5b, 0x1f, 
    0x41, 0x8a, 0x18, 0x6f, 0xae, 0x08, 0xa3, 0xd8, 0x82, 0x2c, 0x10, 0x8e, 0x10, 0x4f, 0x0e, 0x3f, 
    0xb9, 0x5e, 0x41, 0x63, 0x7c, 0xfa, 0xb0, 0xe1, 0xa9, 0x1b, 0x3b, 0x7b, 0xab, 0x29, 0x23, 0x8c, 
    0x3f, 0xf9, 0xfb, 0x57, 0xf4, 0x7a, 0x8e, 0x5d, 0xd0, 0xc2, 0x20, 0xc9, 0xad, 0x03, 0x0e, 0x72, 
    0xab, 0x2f, 0x31, 0x62, 0xc5, 0x08, 0x6b, 0xc4, 0xe4, 0x1c, 0xa8, 0x63, 0xc4, 0x3b, 0x07, 0xf4, 
    0x94, 0xe0, 0xb0, 0xc4, 0x18, 0xb1, 0x58, 0xf3, 0x94, 0x48, 0x84, 0xd7, 0x64, 0x9d, 0x43, 0x6a, 
    0xc2, 0x7a, 0x38, 0xb0, 0xaf, 0xc3, 0x16, 0xd2, 0x07, 0x61, 0xdf, 0xc2, 0x49, 0xb8, 0xe3, 0xb4, 
    0xfe, 0x6c, 0xa0, 0xf0, 0x72, 0x3b, 0x4e, 0xa9, 0xd4, 0x19, 0xad, 0x78, 0xb3, 0x40, 0x1a, 0x78, 
    0x69, 0x22, 0xaf, 0xc0, 0x3e, 0x90, 0x3e, 0xf8, 0x70, 0x3c, 0x06, 0xc4, 0xd4, 0x53, 0x03, 0xae, 
    0x9b, 0x3a, 0x96, 0x58, 0xdb, 0x6a, 0xf8, 0xf4, 0xea, 0xa5, 0x28, 0x26, 0x26, 0x19, 0xa1, 0xc8, 
    0xa9, 0x93, 0x3b, 0xcf, 0x98, 0x83, 0x4f, 0x3e, 0x4d, 0x3e, 0x61, 0x79, 0x38, 0x2d, 0xe2, 0x94, 
    0xf9, 0xd6, 0xa7, 0xb0, 0xe4, 0x6a, 0x63, 0x3f, 0x7d, 0x7d, 0x04, 0x29, 0xfb, 0x12, 0xc3, 0xd1, 
    0xcb, 0xa7, 0xbe, 0xe5, 0x7e, 0x5e, 0xe3, 0xc3, 0xaf, 0x7a, 0x72, 0xce, 0x67, 0x4e, 0x7d, 0x9d, 
    0xc3, 0xf3, 0x87, 0xdb, 0x6a, 0xe6, 0xce, 0x2e, 0x8a, 0x17, 0x03, 0x15, 0xb0, 0x8a, 0xa2, 0x28, 
    0x8a, 0xa2, 0x28, 0x8a, 0xa2, 0x28, 0x9e, 0x27, 0x22, 0x2e, 0x21, 0x3c, 0x44, 0x50, 0x62, 0x87, 
    0xa5, 0x77, 0x7b, 0x2f, 0xa7, 0xf0, 0x92, 0x58, 0x4f, 0x2d, 0xde, 0x9c, 0xad, 0xbf, 0xdb, 0x7f, 
    0x7d, 0xe4, 0x05, 0xf9, 0x08, 0x4a, 0xac, 0xdf, 0xeb, 0x7a, 0x1e, 0xd4, 0xce, 0x52, 0x93, 0x63, 
    0x06, 0xb5, 0xc4, 0x1b, 0xc7, 0x12, 0x78, 0x3d, 0xb3, 0x92, 0x6f, 0x46, 0x21, 0x7e, 0xbb, 0x8e, 
    0xc4, 0x90, 0xc7, 0x75, 0xf6, 0xf3, 0x8c, 0x23, 0x27, 0x88, 0x8f, 0xc1, 0x71, 0x30, 0x16, 0xfa, 
    0xe4, 0xdb, 0x2c, 0xaf, 0x59, 0x70, 0x75, 0x3c, 0xe0, 0x30, 0x61, 0xed, 0x18, 0x73, 0x00, 0x3a, 
    0xd7, 0x89, 0x33, 0xdf, 0x84, 0x0d, 0xb4, 0x06, 0xae, 0x59, 0x58, 0x6b, 0x17, 0x5c, 0x7b, 0x2f, 
    0x70, 0x7e, 0xaa, 0xf9, 0x71, 0xb2, 0x02, 0x8d, 0xd8, 0x5c, 0x70, 0xcb, 0x3f, 0x0a, 0x05, 0x14, 
    0x6e, 0xd6, 0xda, 0xed, 0x25, 0x90, 0xc3, 0x6d, 0xcd, 0x89, 0x63, 0x5b, 0xd1, 0x98, 0x5a, 0xd6, 
    0x41, 0x59, 0x13, 0xfa, 0xc9, 0x35, 0x62, 0xcd, 0x3e, 0xbd, 0x2d, 0x14, 0x12, 0x93, 0x3c, 0x9d, 
    0x90, 0x05, 0x35, 0x1e, 0x83, 0x8c, 0xe7, 0x93, 0xc4, 0x93, 0x92, 0xcf, 0x3a, 0x73, 0xe2, 0x8d, 
    0xbb, 0xb5, 0x73, 0xb7, 0xe0, 0x88, 0x53, 0xc3, 0xb3, 0x68, 0xf5, 0xe7, 0x9a, 0xb1, 0x99, 0xa5, 
    0x1f, 0xde, 0xb7, 0x20, 0x7e, 0xcb, 0xbd, 0x0e, 0x63, 0xc5, 0x2b, 0xd2, 0xcd, 0xc3, 0x99, 0x14, 
    0xc5, 0x0b, 0x8c, 0xb3, 0xd7, 0x55, 0xc0, 0x2a, 0x8a, 0xa2, 0x28, 0x8a, 0xa2, 0x28, 0x8a, 0xa2, 
    0x78, 0xce, 0x38, 0x15, 0xaf, 0xd8, 0xce, 0xb3, 0xfd, 0x27, 0x66, 0x9b, 0xaf, 0xd7, 0x12, 0xd3, 
    0xa3, 0x6e, 0x73, 0x8c, 0xf5, 0x2c, 0x36, 0xe7, 0x18, 0x3e, 0xbd, 0xac, 0xb1, 0x9e, 0x9c, 0x0d, 
    0x1b, 0xb1, 0xfc, 0x9a, 0xaf, 0x54, 0x34, 0x7e, 0x71, 0x78, 0xfa, 0x90, 0x19, 0x88, 0xe1, 0xe1, 
    0x66, 0x0d, 0x8f, 0x73, 0x39, 0x96, 0x13, 0xd2, 0x97, 0xd9, 0xe6, 0xcc, 0xe7, 0x9a, 0x26, 0xc6, 
    0xf4, 0x31, 0x38, 0x0e, 0xc6, 0xf6, 0x27, 0xde, 0xe6, 0x08, 0x79, 0xa6, 0x27, 0x97, 0x17, 0x89, 
    0xe5, 0xe9, 0x15, 0xba, 0xd4, 0x26, 0xe0, 0xb0, 0x3b, 0x7a, 0x26, 0xb0, 0x5f, 0xd8, 0xb2, 0xb0, 
    0xd6, 0x8b, 0x55, 0x3f, 0xc5, 0x9d, 0xb8, 0xcf, 0x06, 0xae, 0x88, 0xe3, 0x79, 0x9c, 0x72, 0x5e, 
    0xe2, 0xc2, 0x0a, 0x57, 0x5d, 0xc1, 0x46, 0x6c, 0x6e, 0x02, 0x9a, 0x14, 0x6c, 0x70, 0x81, 0xeb, 
    0xed, 0x3f, 0xf6, 0x4e, 0xac, 0x58, 0x24, 0x2f, 0x92, 0x87, 0x27, 0x81, 0x93, 0x37, 0xe6, 0x89, 
    0x11, 0x6b, 0xf6, 0xe8, 0x59, 0x32, 0x35, 0x44, 0x21, 0x3e, 0xa9, 0xf4, 0x43, 0x98, 0xa7, 0x27, 
    0x73, 0xbc, 0x4b, 0x78, 0x6c, 0xb9, 0x22, 0x52, 0xfa, 0x38, 0x2a, 0x24, 0xc9, 0xd9, 0x2f, 0x4f, 
    0xd7, 0xf8, 0x8d, 0xcb, 0x1a, 0xfb, 0x98, 0x6d, 0xbc, 0xdd, 0x09, 0x78, 0x72, 0x78, 0xef, 0x44, 
    0x4e, 0x87, 0x70, 0xa5, 0x1f, 0xfe, 0x9c, 0x88, 0x45, 0xaf, 0xb6, 0x62, 0xd7, 0xaf, 0xf9, 0x9e, 
    0xbb, 0x28, 0x5e, 0x48, 0x9c, 0xbd, 0xee, 0xdb, 0x2a, 0x60, 0x15, 0x45, 0x51, 0x14, 0x45, 0x51, 
    0x14, 0x45, 0x51, 0x3c, 0x17, 0x44, 0x40, 0x62, 0xc7, 0xaf, 0x78, 0xc4, 0x36, 0x9e, 0xed, 0x3c, 
    0x71, 0xb6, 0xf5, 0xc7, 0x78, 0x78, 0x7a, 0x89, 0x15, 0x6f, 0x46, 0xbc, 0x72, 0x1b, 0x46, 0x8c, 
    0xa5, 0x8f, 0x7c, 0xcd, 0x49, 0x4e, 0x75, 0xea, 0xe4, 0xd6, 0x12, 0xb3, 0x81, 0x8b, 0x5f, 0xdc, 
    0xe4, 0x31, 0xf2, 0x99, 0x0b, 0x09, 0x92, 0xdb, 0x67, 0x8d, 0x87, 0xb3, 0x8c, 0x67, 0x3e, 0xf5, 
    0x18, 0x1c, 0x7d, 0xf1, 0x9c, 0xdb, 0xb5, 0x3c, 0xf1, 0x73, 0x6d, 0x89, 0xe3, 0x31, 0x38, 0xe7, 
    0x24, 0xc6, 0x84, 0x7e, 0x78, 0x62, 0x0f, 0xc0, 0x39, 0x1c, 0x88, 0x70, 0xb1, 0x2d, 0x3e, 0xe1, 
    0xc4, 0xee, 0x37, 0x5e, 0x64, 0xed, 0x86, 0xe1, 0x57, 0x97, 0x91, 0xf9, 0x73, 0xc7, 0x5c, 0xe5, 
    0x02, 0xb2, 0xce, 0x89, 0xd8, 0xa2, 0xf8, 0xb2, 0xb0, 0xf8, 0x75, 0xb6, 0xdd, 0xef, 0xfc, 0xc9, 
    0x95, 0xc0, 0xad, 0xb5, 0x5e, 0x3a, 0x4f, 0x3c, 0x1c, 0x3d, 0x42, 0x3f, 0xc6, 0x63, 0xe3, 0xc7, 
    0x04, 0x3e, 0x1c, 0x7d, 0x1c, 0x9c, 0x93, 0x5a, 0x38, 0x0d, 0x0e, 0x8b, 0x38, 0x44, 0x9e, 0xfe, 
    0x3c, 0x10, 0x8a, 0xf8, 0x64, 0xed, 0x13, 0xae, 0x5d, 0x62, 0x93, 0xb5, 0x31, 0xf9, 0xad, 0x8f, 
    0x3c, 0xdf, 0xc4, 0xc2, 0x2f, 0xce, 0x59, 0x8b, 0xcb, 0x7c, 0xce, 0xad, 0xf8, 0x94, 0x1c, 0xb3, 
    0x9e, 0xde, 0x6d, 0xae, 0x6b, 0x9c, 0x69, 0x6d, 0x62, 0xea, 0xd8, 0x8a, 0xc3, 0x9f, 0xcc, 0x29, 
    0x8a, 0x17, 0x0a, 0x15, 0xb0, 0x8a, 0xa2, 0x28, 0x8a, 0xa2, 0x28, 0x8a, 0xa2, 0x28, 0x9e, 0x03, 
    0x4e, 0x45, 0x27, 0xb6, 0xef, 0x6c, 0xe3, 0x89, 0xb3, 0x9d, 0x3f, 0xc6, 0xc3, 0xd3, 0x6b, 0x4c, 
    0x9f, 0xfd, 0x23, 0xce, 0x58, 0xd7, 0xe0, 0x68, 0x18, 0xf1, 0x69, 0xcb, 0xf3, 0xd0, 0x93, 0xbb, 
    0x26, 0x8f, 0x2d, 0x66, 0xfd, 0x9c, 0x97, 0x11, 0x1c, 0x16, 0x67, 0xdd, 0x39, 0xce, 0x30, 0x0f, 
    0xcf, 0xc3, 0xf3, 0x4c, 0x0d, 0x4e, 0x0f, 0xb3, 0xf2, 0x78, 0x7a, 0xb3, 0x4e, 0x1e, 0xce, 0x7e, 
    0xfb, 0x44, 0xea, 0x70, 0xce, 0x89, 0xb7, 0x77, 0xe7, 0xa8, 0x7b, 0x00, 0x72, 0xae, 0xdb, 0x52, 
    0x3c, 0x31, 0x3d, 0xe2, 0xc8, 0x61, 0x8b, 0x63, 0x8e, 0x98, 0xdc, 0x8a, 0x47, 0x63, 0xfc, 0xa4, 
    0x3b, 0x16, 0x7f, 0x04, 0xd7, 0xf2, 0x14, 0xee, 0xce, 0xe0, 0x2a, 0x72, 0x3c, 0xc5, 0x70, 0x47, 
    0x6c, 0x97, 0x72, 0xc2, 0x23, 0x12, 0x6d, 0x22, 0x8c, 0x82, 0x8c, 0x30, 0xdf, 0xda, 0x8e, 0x3e, 
    0xdc, 0x56, 0xc7, 0xbc, 0xae, 0x3d, 0x87, 0xe0, 0x89, 0x1f, 0xce, 0x39, 0x13, 0xf3, 0x88, 0x9f, 
    0x3e, 0x3f, 0xa1, 0xac, 0x0b, 0x67, 0x3f, 0x66, 0xef, 0xce, 0x69, 0xd3, 0xb7, 0xf2, 0xf4, 0xf3, 
    0x58, 0x82, 0x51, 0x78, 0x9a, 0xac, 0x99, 0xcb, 0x13, 0xf8, 0x24, 0xd6, 0x0f, 0x97, 0x3a, 0x8f, 
    0x63, 0xac, 0x27, 0xd7, 0xd3, 0x37, 0x62, 0x15, 0x6b, 0xc8, 0x3d, 0x5f, 0xce, 0x03, 0xbf, 0xd6, 
    0xcb, 0x53, 0xc6, 0x93, 0x27, 0xa6, 0x86, 0xad, 0x38, 0x3c, 0x7d, 0xd3, 0xef, 0xfa, 0xa2, 0xb8, 
    0xf7, 0x40, 0xc0, 0xfa, 0xa7, 0xde, 0x87, 0x45, 0x51, 0x14, 0x45, 0x51, 0x14, 0x45, 0x51, 0x14, 
    0xc5, 0x5d, 0x62, 0x44, 0x24, 0x64, 0x00, 0x84, 0x22, 0xb6, 0xed, 0x98, 0x5b, 0x78, 0x38, 0x6c, 
    0xc5, 0xe1, 0x4f, 0xfa, 0xf4, 0x8a, 0x36, 0xd6, 0xb4, 0xf4, 0x91, 0x5f, 0xdb, 0x78, 0xfb, 0xe5, 
    0x27, 0xa6, 0x66, 0xec, 0xb9, 0xf4, 0xb7, 0x71, 0xf1, 0x72, 0x9b, 0xf0, 0x25, 0x93, 0x3a, 0x71, 
    0x6a, 0x31, 0xd8, 0x2d, 0xcf, 0x0c, 0x0d, 0x32, 0x3e, 0xe7, 0xdc, 0xe2, 0xf4, 0x6c, 0xb1, 0x76, 
    0x2e, 0xdf, 0x3c, 0x9c, 0x48, 0x4e, 0xec, 0x7a, 0x13, 0x9e, 0xc1, 0xea, 0xd1, 0x0b, 0x79, 0x73, 
    0xb1, 0x39, 0x72, 0x6c, 0xd5, 0x17, 0x09, 0x76, 0x0e, 0xdb, 0x71, 0x2e, 0x21, 0xf5, 0x7c, 0xcf, 
    0x03, 0x0a, 0x2b, 0xe7, 0x70, 0x32, 0x6e, 0x85, 0x5e, 0xfd, 0x82, 0xe2, 0x8d, 0x90, 0x5b, 0xa7, 
    0xde, 0x28, 0x72, 0x38, 0xbc, 0x98, 0x3a, 0x86, 0x17, 0xe1, 0x39, 0x78, 0xbe, 0xe1, 0x07, 0x13, 
    0x6b, 0xc4, 0xcb, 0xef, 0x9c, 0x76, 0x92, 0x93, 0x64, 0xfd, 0x8a, 0xf1, 0x7c, 0xb2, 0xf1, 0xd3, 
    0x33, 0x5c, 0x8c, 0xdc, 0x3b, 0x50, 0x26, 0x71, 0x84, 0x28, 0x78, 0x6b, 0x61, 0xe1, 0xa8, 0xcb, 
    0xcd, 0x8c, 0xf3, 0xdc, 0xc4, 0x78, 0xe2, 0x9b, 0x9e, 0x53, 0x6f, 0x4d, 0x4e, 0x23, 0xf7, 0x5a, 
    0x4e, 0xc5, 0xa9, 0xf4, 0x63, 0xa7, 0x7d, 0xc6, 0xf2, 0xa7, 0x7d, 0x45, 0x71, 0xaf, 0x51, 0x01, 
    0xab, 0x28, 0x8a, 0xa2, 0x28, 0x8a, 0xa2, 0x28, 0x8a, 0xe2, 0x59, 0xe0, 0x54, 0x94, 0x62, 0xbb, 
    0x8e, 0xb9, 0x75, 0x87, 0xc3, 0x56, 0x1c, 0xfe, 0x5c, 0x9f, 0xbf, 0xb4, 0xc5, 0x06, 0x0c, 0x5e, 
    0x33, 0xb7, 0x27, 0x31, 0x75, 0xb7, 0xfb, 0xc6, 0x0a, 0x3b, 0xd6, 0x8c, 0x95, 0x25, 0xc6, 0x93, 
    0xcb, 0x33, 0x0b, 0x62, 0xfa, 0x89, 0xad, 0xa1, 0x15, 0x60, 0x78, 0xf2, 0xf0, 0xac, 0x21, 0x61, 
    0x0d, 0x5c, 0x8c, 0x14, 0x9f, 0x6b, 0xc1, 0xdb, 0x97, 0x35, 0xc6, 0xe1, 0xb6, 0x58, 0x5b, 0xb9, 
    0x3e, 0xa7, 0xc2, 0x13, 0x1c, 0xb9, 0x90, 0x81, 0xee, 0x58, 0x87, 0x07, 0xe1, 0xcc, 0x27, 0x25, 
    0xc6, 0x56, 0x6d, 0x23, 0x27, 0x3f, 0xf9, 0x16, 0x15, 0x3d, 0x22, 0xb3, 0x37, 0x4c, 0xef, 0x14, 
    0xf6, 0xbe, 0x3b, 0xe0, 0xe9, 0x6a, 0x5c, 0x01, 0xc7, 0x3b, 0xe3, 0x58, 0x1b, 0xc1, 0x67, 0x41, 
    0xd1, 0x25, 0xd8, 0x46, 0x4e, 0x1f, 0x3d, 0xf1, 0x44, 0x5b, 0xaf, 0xf9, 0xba, 0x54, 0x29, 0xf9, 
    0x2d, 0xc5, 0x13, 0x27, 0xd7, 0x36, 0x10, 0x38, 0x7b, 0x78, 0xe2, 0x78, 0xec, 0x64, 0xed, 0xf8, 
    0x65, 0x27, 0x39, 0x49, 0xd6, 0x12, 0x2b, 0x08, 0xe9, 0xa1, 0x30, 0x72, 0x8c, 0x22, 0xf1, 0x81, 
    0x1a, 0x9f, 0xb6, 0x7d, 0xe6, 0x10, 0xd6, 0xcd, 0xe5, 0x49, 0x9e, 0x22, 0x4c, 0x79, 0x27, 0x8e, 
    0x27, 0x87, 0x37, 0xa6, 0x2d, 0xfd, 0xc6, 0xce, 0x4e, 0x0d, 0xaf, 0x09, 0xf3, 0xd4, 0x99, 0xe5, 
    0xb5, 0xd8, 0x63, 0x4d, 0x5e, 0xaf, 0x19, 0xcb, 0x9f, 0xf6, 0x15, 0xc5, 0xbd, 0xc4, 0xd9, 0xeb, 
    0xbf, 0xbd, 0x02, 0x56, 0x51, 0x14, 0x45, 0x51, 0x14, 0x45, 0x51, 0x14, 0xc5, 0xdd, 0x20, 0x42, 
    0x10, 0x2a, 0x81, 0x62, 0x11, 0xdb, 0x74, 0xcc, 0x2d, 0x3b, 0x1c, 0xb6, 0xe2, 0xf0, 0x27, 0x7d, 
    0x6c, 0xe5, 0x31, 0x36, 0x5f, 0xf2, 0x89, 0xf5, 0x58, 0x6a, 0xf4, 0xc5, 0x98, 0x6d, 0x8d, 0x75, 
    0x0a, 0x55, 0xec, 0xff, 0xa7, 0x9e, 0x58, 0x6f, 0x4e, 0x4c, 0xef, 0xea, 0x73, 0xa2, 0x71, 0xe4, 
    0x08, 0xf2, 0xb5, 0x2e, 0x3d, 0xe4, 0x7a, 0x2d, 0x31, 0x35, 0x12, 0x9e, 0xc4, 0x1a, 0xb1, 0xd7, 
    0x90, 0x58, 0x23, 0x8f, 0x67, 0x9a, 0x7e, 0x66, 0x4e, 0x1c, 0x33, 0x86, 0xf6, 0x3c, 0x93, 0x93, 
    0x00, 0x68, 0x8c, 0x1c, 0xef, 0x1a, 0x33, 0x6b, 0x72, 0x62, 0xe2, 0xc1, 0xd1, 0x6f, 0x35, 0x4c, 
    0xd8, 0xb3, 0xb0, 0x6a, 0xe2, 0x34, 0x16, 0xf3, 0x47, 0xe8, 0x9f, 0x3d, 0xfc, 0x23, 0xe8, 0xa7, 
    0x38, 0x5e, 0xd1, 0x6d, 0xf1, 0x26, 0xb8, 0xac, 0xee, 0x55, 0x3b, 0xe6, 0xd8, 0xde, 0xc3, 0xd5, 
    0x25, 0x96, 0x25, 0xe6, 0x18, 0x0e, 0x2f, 0xac, 0x25, 0xd7, 0xd3, 0xe6, 0x25, 0x24, 0xd7, 0x88, 
    0x67, 0x8d, 0xb6, 0xf1, 0x04, 0xf1, 0x18, 0x9f, 0xee, 0xb9, 0x9c, 0x03, 0x33, 0xe0, 0x19, 0x64, 
    0xae, 0xed, 0x31, 0xb5, 0x25, 0x50, 0x39, 0xd3, 0xbb, 0x92, 0xee, 0xe4, 0xc6, 0xf6, 0xa4, 0x97, 
    0x72, 0xfe, 0xf8, 0x3b, 0xbd, 0x11, 0x98, 0x4e, 0xd6, 0x4d, 0x1f, 0x75, 0x7a, 0x35, 0xeb, 0xb9, 
    0x06, 0x6c, 0x6a, 0xc6, 0xd6, 0xe1, 0xa9, 0xcd, 0x0c, 0x2c, 0xbc, 0x1e, 0x0e, 0xaf, 0x19, 0xcb, 
    0x9f, 0xf6, 0x15, 0xc5, 0xbd, 0x42, 0x05, 0xac, 0xa2, 0x28, 0x8a, 0xa2, 0x28, 0x8a, 0xa2, 0x28, 
    0x8a, 0xbb, 0x80, 0x5b, 0x71, 0xb7, 0xe7, 0x0a, 0x4b, 0x6c, 0xcf, 0xc9, 0xb3, 0xa5, 0xbf, 0xcd, 
    0x63, 0x08, 0x32, 0xeb, 0x57, 0xfb, 0xd8, 0xc2, 0x23, 0xfc, 0xe0, 0x59, 0x6c, 0x8f, 0x46, 0x48, 
    0x8f, 0x1e, 0x1e, 0x73, 0x4d, 0xbc, 0x1c, 0xbb, 0x33, 0xd7, 0x67, 0xed, 0x36, 0x43, 0x49, 0x22, 
    0xf5, 0xac, 0x85, 0x67, 0x40, 0xbc, 0xe6, 0x9a, 0xbd, 0x6e, 0x8e, 0x91, 0x4f, 0x2f, 0x7c, 0xf2, 
    0x13, 0x83, 0xe4, 0xb9, 0xd5, 0x57, 0x8e, 0x87, 0xd3, 0x2b, 0x53, 0xec, 0x5c, 0xd6, 0x12, 0x43, 
    0x4f, 0x8c, 0xc5, 0x93, 0x1b, 0xe3, 0xed, 0x37, 0x1b, 0x1e, 0xc3, 0x0b, 0x6b, 0x9a, 0x08, 0x8f, 
    0x19, 0x1d, 0xeb, 0xe7, 0xbd, 0x38, 0x0a, 0x54, 0x47, 0x6e, 0x40, 0xbe, 0x4a, 0xcf, 0x15, 0x8c, 
    0x78, 0xea, 0x90, 0xc9, 0x4f, 0x05, 0x2e, 0xaf, 0x54, 0xec, 0x3e, 0x02, 0x0c, 0x82, 0x10, 0xb9, 
    0x26, 0xec, 0xd6, 0x84, 0x75, 0x79, 0x3d, 0x19, 0x46, 0xcc, 0x31, 0x9c, 0x1e, 0x3e, 0xb1, 0x9e, 
    0x96, 0xf3, 0x1c, 0x89, 0x3e, 0x06, 0xaf, 0x27, 0xd0, 0x7b, 0xa7, 0x10, 0xee, 0xf9, 0x6e, 0x59, 
    0x8b, 0xf8, 0xb4, 0xd7, 0xed, 0x95, 0xd3, 0xcc, 0xe5, 0x8d, 0x31, 0x08, 0xfd, 0xf4, 0xea, 0xc9, 
    0xe9, 0xbf, 0xb5, 0xfd, 0x9a, 0xa1, 0xe2, 0x12, 0x4f, 0x3c, 0x79, 0xea, 0xe4, 0x9b, 0x0d, 0x47, 
    0x8d, 0xb5, 0x5a, 0x66, 0xf1, 0xf9, 0xe4, 0x2e, 0x63, 0x91, 0xbf, 0xaa, 0xe8, 0xfa, 0xb5, 0x26, 
    0x3d, 0xe7, 0x3c, 0xc6, 0x8c, 0xc9, 0x8b, 0xe2, 0xde, 0xa0, 0x02, 0x56, 0x51, 0x14, 0x45, 0x51, 
    0x14, 0x45, 0x51, 0x14, 0xc5, 0x33, 0x80, 0x7d, 0x3e, 0x5b, 0x71, 0xb6, 0xe3, 0x08, 0x46, 0x6e, 
    0xc9, 0xdd, 0xb6, 0x9b, 0x9f, 0xf7, 0x18, 0x02, 0xcd, 0xdd, 0x89, 0x57, 0x9a, 0x31, 0x75, 0x7a, 
    0xe4, 0x4e, 0x85, 0x2a, 0xe4, 0x02, 0x3c, 0x35, 0x9a, 0xcc, 0x9d, 0xa7, 0xb7, 0x63, 0xbc, 0x35, 
    0x38, 0xd6, 0xa6, 0x87, 0xf5, 0x38, 0x0c, 0x0e, 0xb3, 0xe6, 0x5c, 0x08, 0x72, 0x6a, 0x78, 0x9e, 
    0x98, 0xf5, 0x95, 0xd3, 0xb3, 0x71, 0x33, 0x6f, 0xe2, 0xb9, 0x26, 0x62, 0x0e, 0xe6, 0x7a, 0x41, 
    0x19, 0x23, 0xc7, 0x0b, 0xf9, 0xe4, 0x78, 0x32, 0x1e, 0xc4, 0x89, 0xcc, 0xf5, 0x58, 0x6a, 0xf8, 
    0x9d, 0xa3, 0xc7, 0x13, 0x05, 0xc3, 0x05, 0x7b, 0xdf, 0x11, 0xb9, 0xfe, 0xdb, 0xb0, 0xe6, 0x05, 
    0xa7, 0xcd, 0xa7, 0x38, 0x69, 0x51, 0x6c, 0xb9, 0x1d, 0x0a, 0x31, 0x0b, 0x7b, 0xeb, 0xb9, 0xbe, 
    0x89, 0x15, 0xb6, 0xb8, 0x5a, 0x22, 0xe2, 0xe5, 0xe9, 0x5b, 0x6b, 0xe4, 0x8c, 0xf5, 0x1e, 0xa7, 
    0x86, 0xe1, 0xc5, 0xaa, 0xe9, 0x85, 0x7c, 0x72, 0x3d, 0x2d, 0x0a, 0x40, 0x93, 0x53, 0xd4, 0xc7, 
    0xe8, 0xd3, 0x13, 0x78, 0x47, 0x24, 0x96, 0xe3, 0x60, 0x6e, 0xe2, 0xf5, 0x3b, 0x83, 0x4f, 0x91, 
    0x54, 0xa3, 0x86, 0x58, 0x94, 0x9e, 0xad, 0xe6, 0xbc, 0xf4, 0x53, 0xd5, 0xcb, 0x8d, 0xa7, 0x87, 
    0xda, 0xaa, 0xbb, 0xde, 0xbb, 0x29, 0xeb, 0x59, 0x3b, 0xd7, 0xe4, 0x2a, 0xee, 0x12, 0x39, 0x62, 
    0xfb, 0x34, 0xd7, 0xda, 0x63, 0x2d, 0xf3, 0x2a, 0x62, 0x15, 0x2f, 0x32, 0x10, 0xb0, 0xfe, 0x97, 
    0xde, 0x4b, 0x45, 0x51, 0x14, 0x45, 0x51, 0x14, 0x9f, 0x03, 0xbc, 0xe2, 0xc1, 0x6b, 0x87, 0x2f, 
    0x7d, 0xe4, 0x41, 0xa2, 0xc3, 0xe1, 0x0d, 0x2f, 0x7f, 0xe0, 0xf0, 0x86, 0x87, 0xae, 0x13, 0x1d, 
    0x0e, 0xef, 0x7f, 0xfc, 0xc6, 0xe1, 0xfd, 0x9f, 0x7c, 0x92, 0xe8, 0x70, 0xf8, 0x99, 0x47, 0x9f, 
    0x38, 0x7c, 0xe2, 0x09, 0xb7, 0x17, 0x45, 0x51, 0x7c, 0xae, 0xe0, 0x76, 0x3f, 0xdb, 0x70, 0x45, 
    0x22, 0x76, 0x4f, 0x7a, 0x73, 0xb6, 0xe7, 0x78, 0xb7, 0xea, 0xd9, 0xd2, 0xc3, 0x63, 0x77, 0x25, 
    0x5e, 0xc1, 0x63, 0xe9, 0x0f, 0xaf, 0x97, 0xa3, 0x4e, 0x8e, 0x4c, 0x80, 0xc7, 0xa8, 0x4f, 0x8d, 
    0x9e, 0x2d, 0xb6, 0x27, 0x75, 0x73, 0xe6, 0xc7, 0x63, 0xf6, 0x4f, 0x7d, 0x62, 0x02, 0x9e, 0x5b, 
    0x4e, 0x9d, 0x14, 0xd3, 0x93, 0x63, 0xae, 0x31, 0x16, 0x5e, 0xa3, 0x71, 0xae, 0x0d, 0x6a, 0xe5, 
    0xd3, 0xb3, 0xc5, 0x98, 0xe7, 0x55, 0x7c, 0x9a, 0x18, 0xfe, 0x29, 0x75, 0x63, 0x8c, 0xc3, 0x31, 
    0xa7, 0x46, 0x3e, 0x18, 0x2e, 0x27, 0x01, 0x4e, 0x12, 0xbe, 0x0e, 0xe1, 0xbc, 0x8d, 0xda, 0xb8, 
    0x2d, 0x01, 0xd6, 0x8e, 0xd9, 0xb3, 0x83, 0x93, 0x14, 0x5c, 0x8e, 0x40, 0x6c, 0x5a, 0x17, 0x45, 
    0x71, 0xd5, 0x16, 0x47, 0x95, 0x23, 0xd8, 0x78, 0xce, 0x8e, 0x91, 0x42, 0xaf, 0xab, 0xd0, 0x4f, 
    0x3e, 0x48, 0x1e, 0x23, 0xde, 0xd6, 0x25, 0xb7, 0x49, 0xbf, 0x1b, 0x3c, 0xf5, 0xc4, 0x24, 0x84, 
    0x11, 0x79, 0x56, 0x2e, 0x26, 0xce, 0x1d, 0x34, 0x71, 0xcc, 0x3e, 0xfd, 0x18, 0x87, 0x73, 0xf5, 
    0xc4, 0xd4, 0xd3, 0xc3, 0xeb, 0xd0, 0xcf, 0x79, 0x6d, 0xc5, 0x93, 0x7b, 0x17, 0x1a, 0x5b, 0xb3, 
    0xdf, 0xfa, 0x70, 0xc7, 0x59, 0xe6, 0xd6, 0x8d, 0xb5, 0xb9, 0x36, 0xeb, 0xf0, 0x98, 0xd7, 0xe8, 
    0x7c, 0xee, 0x16, 0x62, 0xea, 0x4f, 0x11, 0xb1, 0xf4, 0x70, 0x9a, 0x6b, 0x39, 0x8d, 0xde, 0x9c, 
    0xa5, 0x45, 0xf1, 0xbc, 0x70, 0xf6, 0x86, 0xff, 0x57, 0x05, 0xac, 0xa2, 0x28, 0x8a, 0xa2, 0x28, 
    0x8a, 0x17, 0x12, 0x5f, 0xf9, 0x79, 0x2f, 0x3d, 0x7c, 0xd5, 0x66, 0xe2, 0xab, 0x5e, 0xf7, 0x32, 
    0x8e, 0xcf, 0x1e, 0x3f, 0xf6, 0xc1, 0x4f, 0x71, 0xc4, 0x7f, 0xe8, 0xd3, 0xb1, 0x1f, 0xc7, 0x8a, 
    0xa2, 0x78, 0x61, 0xc1, 0xfe, 0x9b, 0xad, 0x37, 0xdb, 0xef, 0x4d, 0xdc, 0xd1, 0x9b, 0xcf, 0x56, 
    0x9d, 0x1c, 0xef, 0xd6, 0x5c, 0x91, 0xe8, 0xb3, 0x89, 0x57, 0xf6, 0x40, 0xd2, 0x83, 0x31, 0x23, 
    0xb5, 0xad, 0xdf, 0x9a, 0xdb, 0x7e, 0x2d, 0x35, 0x5a, 0x9d, 0x97, 0x9c, 0xb5, 0xb4, 0xb2, 0x76, 
    0x7c, 0x72, 0x82, 0x78, 0x73, 0xfb, 0x98, 0x39, 0xbf, 0x4a, 0x88, 0x5f, 0x5c, 0x62, 0xd7, 0xb3, 
    0x74, 0xcb, 0x45, 0xd6, 0x25, 0x97, 0xc7, 0xe0, 0xb5, 0x5c, 0xc3, 0x96, 0x23, 0x51, 0xec, 0xf1, 
    0x98, 0x31, 0x96, 0x75, 0x18, 0x49, 0x3c, 0xe7, 0x0d, 0x92, 0x63, 0x5b, 0x5d, 0xac, 0x7c, 0x00, 
    0xef, 0x22, 0xb0, 0xd6, 0xa4, 0x0f, 0x2a, 0x9e, 0xa3, 0x9e, 0x74, 0xb0, 0xaf, 0x23, 0x84, 0x3f, 
    0x0f, 0x7b, 0xef, 0x0e, 0xb3, 0x72, 0x8e, 0x0b, 0x27, 0x67, 0x21, 0x99, 0xd8, 0x8e, 0xe1, 0x95, 
    0xae, 0xf0, 0x10, 0xf1, 0x40, 0xb1, 0x46, 0x2c, 0x21, 0x4a, 0x28, 0xdc, 0x98, 0x09, 0xfb, 0xf6, 
    0x3c, 0x07, 0x1c, 0x6b, 0x86, 0x27, 0x8e, 0xc7, 0xe4, 0x63, 0xc6, 0x98, 0x89, 0x5e, 0x23, 0xe6, 
    0x53, 0x99, 0x58, 0x23, 0xe7, 0x89, 0xf7, 0x4e, 0xf2, 0x13, 0x24, 0x0e, 0x6f, 0xbe, 0xc5, 0x98, 
    0xc2, 0x51, 0xfa, 0x88, 0xf3, 0xab, 0x83, 0x9c, 0x77, 0x71, 0xae, 0x73, 0x4e, 0x3c, 0xf9, 0xc1, 
    0x3a, 0x6e, 0xf2, 0xad, 0x8f, 0x97, 0xa3, 0xb8, 0x64, 0xae, 0xe5, 0x1a, 0x20, 0x15, 0xa5, 0xb2, 
    0x96, 0x9a, 0xdf, 0xe8, 0xb2, 0xd1, 0x9a, 0x6b, 0x35, 0x6b, 0x9e, 0x2b, 0x77, 0x8d, 0x35, 0xfa, 
    0x9d, 0xb7, 0x7a, 0x28, 0x63, 0x70, 0x1a, 0x33, 0x28, 0xc5, 0x9b, 0x5b, 0x2b, 0x8a, 0xe7, 0x8a, 
    0x0a, 0x58, 0x45, 0x51, 0x14, 0x45, 0x51, 0x14, 0xf7, 0x18, 0x6f, 0x79, 0xe4, 0xc1, 0x11, 0xad, 
    0x10, 0xaa, 0xbe, 0xfe, 0x4d, 0x0f, 0xc1, 0xbc, 0x70, 0xf8, 0xfe, 0xf7, 0x3e, 0x1e, 0x61, 0x4b, 
    0x31, 0xeb, 0x5d, 0x8f, 0x3e, 0x01, 0x53, 0x14, 0xc5, 0xbd, 0x02, 0xfb, 0xee, 0x83, 0x22, 0x4c, 
    0xb6, 0xde, 0xec, 0xda, 0x15, 0x97, 0x8c, 0xdd, 0xa6, 0x5b, 0x33, 0x76, 0x4b, 0x1e, 0xc1, 0x68, 
    0xab, 0xa7, 0x46, 0xcc, 0xfe, 0x9e, 0x9a, 0x75, 0x8d, 0x2d, 0x17, 0x3d, 0x6b, 0x46, 0x6a, 0x88, 
    0x57, 0xf2, 0xce, 0x57, 0x0a, 0xd0, 0xac, 0xd9, 0x93, 0x3a, 0xeb, 0xe4, 0xac, 0x8f, 0x1c, 0x40, 
    0x8c, 0xc5, 0xc3, 0x8d, 0x67, 0xec, 0xd6, 0x97, 0x9c, 0xce, 0xa9, 0xc1, 0x91, 0x10, 0x66, 0xa6, 
    0x90, 0xf7, 0xba, 0x72, 0xad, 0xd6, 0xd2, 0x8f, 0x91, 0x2b, 0x91, 0x18, 0x7b, 0x9e, 0x73, 0x35, 
    0x98, 0x18, 0x3d, 0xc9, 0x49, 0xe2, 0x99, 0x43, 0xe0, 0x13, 0x8e, 0x18, 0x84, 0xd7, 0x9b, 0xaf, 
    0x3a, 0x0b, 0xd2, 0x0b, 0xe4, 0xed, 0x21, 0xe2, 0x61, 0x0c, 0xe0, 0x84, 0xf9, 0xc0, 0xda, 0x11, 
    0xae, 0x39, 0xc5, 0xb1, 0xef, 0xd9, 0x61, 0x3b, 0xdb, 0x0e, 0x45, 0x97, 0x85, 0x99, 0xb8, 0x8e, 
    0x1b, 0x4f, 0x5d, 0x66, 0xf2, 0x11, 0xb5, 0xd6, 0x9a, 0x08, 0x37, 0xbe, 0x26, 0x9e, 0x5c, 0x20, 
    0x31, 0x46, 0x68, 0x8f, 0x58, 0xb9, 0x87, 0xf4, 0xc2, 0x4f, 0xbb, 0x1e, 0x9b, 0x12, 0x66, 0x8c, 
    0x99, 0xe8, 0x31, 0x3f, 0xa9, 0xe9, 0xd9, 0x8c, 0x9a, 0xc2, 0x50, 0xe6, 0xe0, 0x85, 0x42, 0x90, 
    0x61, 0x6a, 0x7c, 0x72, 0xf2, 0x84, 0xc4, 0x7a, 0x4d, 0x6e, 0xcb, 0xa9, 0xc5, 0x63, 0xfa, 0x9c, 
    0x07, 0x6e, 0xf2, 0xad, 0x8f, 0xd9, 0x99, 0x09, 0x17, 0xa3, 0x6e, 0xaf, 0xa2, 0x54, 0xea, 0xd4, 
    0xec, 0xf1, 0xa4, 0xe1, 0x59, 0xa7, 0x59, 0xcb, 0x75, 0x11, 0xdb, 0x63, 0xec, 0xb5, 0xae, 0x1e, 
    0xca, 0x18, 0x35, 0x8d, 0xba, 0x33, 0x8c, 0x9d, 0x6f, 0xad, 0x28, 0x9e, 0x0b, 0x2a, 0x60, 0x15, 
    0x45, 0x51, 0x14, 0x45, 0x51, 0xdc, 0x03, 0xfc, 0x9a, 0x2f, 0x7a, 0x45, 0xbe, 0x61, 0xa5, 0x60, 
    0xe5, 0xaf, 0x06, 0x7e, 0x2e, 0xe0, 0xaf, 0x1a, 0x46, 0xd0, 0x42, 0xcc, 0xfa, 0x9f, 0xfe, 0xf9, 
    0x27, 0x60, 0x8a, 0xa2, 0x78, 0x3e, 0x50, 0xec, 0x61, 0xeb, 0x1d, 0x51, 0x29, 0x5e, 0x31, 0xc8, 
    0x78, 0xf1, 0x6c, 0xc5, 0x8d, 0x15, 0x69, 0xac, 0xb9, 0x45, 0x37, 0x66, 0xaf, 0x4e, 0xcd, 0xba, 
    0xc6, 0x76, 0x8b, 0x9e, 0xcc, 0xb0, 0xc7, 0xda, 0x6d, 0xe2, 0x95, 0x7d, 0xc6, 0xf6, 0xa4, 0x4e, 
    0xae, 0x51, 0xe4, 0x09, 0x87, 0x1d, 0xcf, 0x83, 0x37, 0xc7, 0x20, 0xf0, 0xac, 0xe5, 0x5a, 0xb5, 
    0xcc, 0x87, 0xf7, 0x7f, 0x81, 0x9c, 0x67, 0xbc, 0x1b, 0xf9, 0x35, 0x9a, 0x12, 0x33, 0xe7, 0xec, 
    0x1a, 0xc6, 0x08, 0xe7, 0xf1, 0xa2, 0xa8, 0x6f, 0xb5, 0x98, 0x31, 0x46, 0xed, 0xe8, 0x31, 0xd6, 
    0x11, 0xf8, 0x3c, 0x72, 0x5b, 0xec, 0xfb, 0x62, 0xb2, 0x44, 0x2b, 0x6b, 0x1c, 0x7c, 0x62, 0xe6, 
    0xc0, 0x3e, 0x30, 0x79, 0x18, 0xfa, 0x87, 0x13, 0xf2, 0x62, 0xb8, 0xa9, 0x0b, 0xe7, 0xed, 0x38, 
    0xd2, 0x84, 0x27, 0xfc, 0x09, 0x9c, 0xbe, 0xe3, 0xa4, 0x45, 0x91, 0xe5, 0x08, 0x84, 0x29, 0xc4, 
    0x14, 0x71, 0xda, 0x7f, 0xe4, 0x7c, 0x4c, 0xcc, 0x42, 0x62, 0x1c, 0xb9, 0xde, 0x43, 0x62, 0xe6, 
    0x3d, 0x9d, 0x98, 0xb5, 0x62, 0x0f, 0xe9, 0x3b, 0xe1, 0x76, 0x1f, 0x33, 0xc6, 0x4c, 0xf0, 0x8a, 
    0x40, 0x3c, 0x0f, 0xb7, 0x6e, 0xea, 0xb1, 0x70, 0xe4, 0x90, 0xc6, 0xbb, 0x91, 0x73, 0x87, 0x24, 
    0x56, 0x20, 0xa2, 0x25, 0xe6, 0x9d, 0xc3, 0x42, 0x3c, 0x3d, 0xd8, 0xcc, 0xdb, 0x3c, 0xb9, 0xc6, 
    0x81, 0xba, 0x77, 0x0e, 0xeb, 0x8c, 0xa9, 0xcf, 0x3c, 0x72, 0xea, 0x13, 0x63, 0xcf, 0x53, 0xc4, 
    0x32, 0xf6, 0x7d, 0xb1, 0x96, 0xdc, 0x58, 0x2f, 0x5f, 0x14, 0xcf, 0x01, 0x15, 0xb0, 0x8a, 0xa2, 
    0x28, 0x8a, 0xa2, 0x28, 0x9e, 0x23, 0x14, 0xaa, 0x7e, 0xfd, 0x5b, 0x1e, 0x3e, 0xfc, 0x4b, 0x88, 
    0x57, 0xfe, 0x0d, 0xab, 0xfb, 0x09, 0xfe, 0x0d, 0xad, 0xbf, 0x83, 0x88, 0xf5, 0x37, 0xdf, 0xf5, 
    0x58, 0x84, 0xad, 0xa2, 0x28, 0x9e, 0x1d, 0x14, 0x76, 0xd8, 0x6a, 0x6f, 0xa2, 0xd2, 0xc4, 0xfe, 
    0xab, 0x80, 0x3b, 0xcf, 0xb6, 0x7d, 0xb6, 0xee, 0x58, 0x84, 0x23, 0x2c, 0xbd, 0xac, 0x25, 0x1e, 
    0x63, 0xab, 0x65, 0x3f, 0x7c, 0x7a, 0xac, 0x39, 0x03, 0xde, 0x39, 0x6c, 0xff, 0x89, 0xe5, 0xf1, 
    0xe9, 0x71, 0x3d, 0x9e, 0x1e, 0x06, 0xf2, 0x24, 0x4e, 0x9d, 0x75, 0x7a, 0x56, 0xa4, 0x87, 0xde, 
    0xf5, 0x2b, 0x83, 0xc8, 0x15, 0xc4, 0xe4, 0xc6, 0x7a, 0xc6, 0x7a, 0x2e, 0x21, 0xbf, 0xd6, 0x65, 
    0x06, 0x73, 0x97, 0x70, 0x65, 0x9e, 0x6b, 0x8e, 0x87, 0x8b, 0x19, 0x63, 0x34, 0x64, 0x96, 0x1c, 
    0xe7, 0xe2, 0x40, 0xcc, 0x23, 0x5e, 0x1b, 0x98, 0xfb, 0x1a, 0xee, 0x24, 0x5a, 0xf9, 0x1a, 0x21, 
    0x89, 0x70, 0xc4, 0x74, 0x10, 0x11, 0x9f, 0x70, 0x82, 0xa5, 0x81, 0xeb, 0x21, 0x79, 0xe2, 0x37, 
    0x90, 0x9e, 0x60, 0xb2, 0xd3, 0xfa, 0xdd, 0xc0, 0x33, 0x0f, 0x8e, 0xeb, 0x8e, 0x91, 0x31, 0x75, 
    0x08, 0xc5, 0x17, 0xe1, 0x65, 0x88, 0xf0, 0x40, 0x31, 0x47, 0x28, 0x67, 0x2d, 0x8e, 0x66, 0xdf, 
    0x39, 0x72, 0xc0, 0x41, 0xde, 0xf5, 0x11, 0xb3, 0x8c, 0xa9, 0x0b, 0xb3, 0xd4, 0xc8, 0x5d, 0x4d, 
    0x13, 0x4f, 0x0c, 0x4e, 0x11, 0x67, 0x78, 0xe8, 0x98, 0x31, 0x46, 0xc2, 0xbb, 0x3f, 0x9e, 0x31, 
    0x0a, 0x59, 0x4b, 0x48, 0xe2, 0xc9, 0x79, 0x8d, 0x29, 0x00, 0x85, 0x21, 0xc3, 0xcc, 0xca, 0x5a, 
    0x7a, 0xe1, 0x27, 0xb6, 0x46, 0x0e, 0x77, 0x5c, 0xb7, 0x79, 0xea, 0x1c, 0xb6, 0xb9, 0xd3, 0xa3, 
    0xb8, 0x94, 0x98, 0xba, 0xaf, 0x21, 0x9c, 0x3e, 0x3d, 0xf4, 0x32, 0xcf, 0x1e, 0x86, 0x0e, 0x4f, 
    0x9f, 0x66, 0xcd, 0xf3, 0x78, 0xcd, 0xe9, 0xa1, 0xe6, 0x7c, 0xbd, 0x75, 0xe7, 0xf8, 0xaf, 0x1e, 
    0x1a, 0x67, 0x3e, 0xbd, 0xc6, 0xf2, 0x45, 0xf1, 0x6c, 0x71, 0xf6, 0x86, 0xff, 0xf7, 0x3f, 0xe3, 
    0x96, 0x2b, 0x8a, 0xa2, 0x28, 0x8a, 0xa2, 0x28, 0xee, 0x16, 0x6f, 0x78, 0xf9, 0xf5, 0xc3, 0x6f, 
    0xfc, 0xf2, 0x47, 0x3e, 0xa7, 0xdf, 0xb6, 0xba, 0x5b, 0x28, 0x5e, 0xf9, 0xad, 0xac, 0xbf, 0xf2, 
    0x93, 0x8f, 0x22, 0x6a, 0xdd, 0x80, 0x29, 0x8a, 0xe2, 0x99, 0xe0, 0xd6, 0x9a, 0x2d, 0x36, 0x22, 
    0x0e, 0xc6, 0x76, 0x3c, 0xc2, 0x4f, 0x72, 0x62, 0x3c, 0x5b, 0x72, 0xfc, 0x66, 0xf4, 0x28, 0x6c, 
    0x29, 0xcc, 0x64, 0x1d, 0xb1, 0x9c, 0x35, 0xb6, 0xf6, 0xf1, 0xe6, 0xb7, 0xaf, 0xd9, 0x6b, 0x58, 
    0x6a, 0xac, 0x9f, 0xd9, 0x80, 0xba, 0x82, 0x8e, 0x1c, 0xfb, 0xfd, 0x7d, 0xe6, 0x08, 0x45, 0x7a, 
    0x6a, 0x5b, 0x6f, 0x7a, 0x58, 0x4f, 0x29, 0x7d, 0xfa, 0xe4, 0x9b, 0xa5, 0xbe, 0x71, 0xeb, 0x5c, 
    0xae, 0xcf, 0xf9, 0xe5, 0x39, 0xcf, 0xaa, 0xc7, 0x88, 0xb3, 0x06, 0x5e, 0xd8, 0xbb, 0x78, 0x9e, 
    0x18, 0x7c, 0x38, 0x9c, 0x31, 0x48, 0x0f, 0x82, 0x84, 0xeb, 0x9c, 0x6b, 0x2e, 0x9e, 0xd2, 0x83, 
    0x27, 0xe2, 0x01, 0x47, 0x12, 0x0f, 0xe6, 0x5c, 0xf0, 0xf4, 0x04, 0xd6, 0xc2, 0x9d, 0xe2, 0xf6, 
    0xfc, 0xd9, 0x82, 0xa1, 0x27, 0x50, 0x74, 0x59, 0x23, 0x15, 0x56, 0x38, 0x0e, 0x07, 0x72, 0xa5, 
    0xd4, 0xe2, 0x39, 0x12, 0x6e, 0x3d, 0x78, 0x38, 0x73, 0x31, 0x1c, 0x77, 0x06, 0xfe, 0x16, 0xd7, 
    0x3e, 0x39, 0x3c, 0x5c, 0x7a, 0xc8, 0x57, 0xec, 0xcb, 0x49, 0x0c, 0x27, 0x3c, 0x57, 0xd6, 0x2d, 
    0x5e, 0x33, 0x0e, 0x4f, 0x43, 0x72, 0x0c, 0xcf, 0xa7, 0x1a, 0x6f, 0x3d, 0x6b, 0x8c, 0x97, 0xc9, 
    0x21, 0x10, 0xe9, 0xcd, 0xa7, 0x0e, 0xe7, 0xa7, 0x6d, 0x9c, 0xda, 0x2d, 0x78, 0xee, 0x98, 0xc4, 
    0xd4, 0xc2, 0x73, 0x1d, 0x70, 0xa4, 0xe9, 0x0d, 0xe7, 0xfa, 0xcd, 0x3c, 0x7f, 0xd6, 0xe8, 0xb1, 
    0xd4, 0xb6, 0x3c, 0x35, 0xcd, 0xdc, 0x99, 0x30, 0xeb, 0x5c, 0xe1, 0xac, 0x61, 0x59, 0xb3, 0xcf, 
    0xc6, 0x5b, 0x97, 0x4b, 0xcf, 0xac, 0x2b, 0x8a, 0x67, 0x83, 0xb3, 0x37, 0x56, 0xc0, 0x2a, 0x8a, 
    0xa2, 0x28, 0x8a, 0xa2, 0xb8, 0x2b, 0xf8, 0x2b, 0x82, 0xff, 0xea, 0x5b, 0x1e, 0x8e, 0x70, 0x75, 
    0x11, 0xa1, 0x90, 0xf5, 0xdf, 0xbd, 0xeb, 0xb1, 0xfc, 0x8a, 0x61, 0x51, 0x14, 0x77, 0x86, 0xdb, 
    0xf3, 0x6c, 0xaf, 0x11, 0x8c, 0xdc, 0x62, 0x47, 0x14, 0x22, 0x57, 0x5c, 0x99, 0x6f, 0x49, 0x6d, 
    0x3c, 0x96, 0x6f, 0x41, 0x6d, 0x5c, 0xd6, 0xd1, 0x3b, 0x31, 0x35, 0xcc, 0x9e, 0x95, 0x27, 0xc6, 
    0xb2, 0x06, 0x6f, 0xac, 0x25, 0x66, 0x76, 0xce, 0xc1, 0x0c, 0xeb, 0x3b, 0x8f, 0xe9, 0xe5, 0x14, 
    0xaf, 0x4e, 0xe7, 0x2b, 0x9d, 0x7b, 0x4d, 0xc6, 0xcb, 0x22, 0x48, 0xc1, 0xd9, 0xa7, 0x27, 0xa5, 
    0x8f, 0xed, 0xde, 0x8a, 0xb7, 0xb5, 0x48, 0x45, 0xf0, 0xc4, 0x1b, 0x2f, 0xc7, 0xc1, 0xe7, 0xf0, 
    0xf8, 0xa9, 0x61, 0x24, 0x3c, 0x31, 0x7b, 0x30, 0x60, 0x9c, 0x3a, 0xa9, 0xf5, 0x9c, 0x03, 0x84, 
    0xd3, 0x93, 0x1b, 0x0b, 0xcf, 0x85, 0xbc, 0x61, 0xc0, 0x13, 0x9e, 0xf7, 0xcb, 0xe8, 0x58, 0x3f, 
    0xef, 0x03, 0x87, 0x6e, 0x38, 0xc7, 0x83, 0xb5, 0xee, 0x6e, 0xa1, 0xb0, 0x72, 0x0a, 0xae, 0x80, 
    0xe3, 0x86, 0x5c, 0xcb, 0x60, 0xf1, 0xbb, 0xcf, 0x3a, 0x44, 0x29, 0xae, 0x25, 0x5c, 0x5a, 0x8d, 
    0x13, 0xa4, 0x2e, 0x6f, 0x66, 0x2c, 0x7c, 0xe7, 0x1c, 0x69, 0x2a, 0x67, 0x3d, 0xd8, 0x62, 0x4a, 
    0xf0, 0x98, 0x71, 0x38, 0xd7, 0x6c, 0xef, 0x1e, 0x87, 0xf0, 0x86, 0xd4, 0x86, 0xf7, 0x41, 0x8c, 
    0xe0, 0x23, 0xef, 0x9c, 0x9c, 0xc3, 0xd0, 0x18, 0x41, 0x28, 0x1e, 0xc2, 0xbe, 0xdd, 0xe4, 0xec, 
    0x21, 0x76, 0xed, 0xf4, 0x31, 0x8b, 0x38, 0x1c, 0xb6, 0xfb, 0x70, 0xf6, 0xd2, 0xc7, 0xba, 0xc5, 
    0x6b, 0xc6, 0xd6, 0x8d, 0x35, 0xf3, 0xcc, 0xc3, 0x1b, 0x6b, 0xc9, 0x9d, 0xcf, 0x0c, 0xe3, 0xbc, 
    0x5f, 0x78, 0x7b, 0x62, 0xc6, 0xe1, 0x30, 0xcf, 0x41, 0xef, 0xce, 0x93, 0xbb, 0xae, 0x28, 0xee, 
    0x16, 0x15, 0xb0, 0x8a, 0xa2, 0x28, 0x8a, 0xa2, 0x28, 0x9e, 0x01, 0x0a, 0x56, 0xff, 0xda, 0x97, 
    0x3f, 0x72, 0x78, 0xcb, 0xab, 0x1e, 0x24, 0xbb, 0xf8, 0x78, 0xd7, 0xc7, 0x9e, 0x38, 0xfc, 0xd5, 
    0x9f, 0x7c, 0x34, 0x82, 0x56, 0x51, 0x14, 0x47, 0x28, 0x37, 0x64, 0x5b, 0xad, 0xd0, 0xc3, 0x2e, 
    0x49, 0x6f, 0xce, 0x76, 0x1b, 0x51, 0x88, 0xed, 0x77, 0x72, 0x3c, 0xe6, 0x76, 0x3c, 0x3c, 0x5c, 
    0xd6, 0x21, 0x1a, 0x4d, 0x2c, 0x3f, 0x3d, 0x2b, 0x4f, 0x8c, 0x45, 0x88, 0xc2, 0x1b, 0x6b, 0x89, 
    0x39, 0x91, 0x73, 0x9c, 0x61, 0x7d, 0xe7, 0x35, 0xf2, 0x91, 0x16, 0xa8, 0xe9, 0xc9, 0xe3, 0xcd, 
    0x5d, 0xa7, 0xe5, 0xba, 0xf0, 0x70, 0x73, 0xad, 0x5b, 0x0e, 0x61, 0xbc, 0x1b, 0xdc, 0xbe, 0x6e, 
    0x5f, 0xc3, 0x8b, 0x8c, 0xe7, 0x81, 0xf7, 0x35, 0xec, 0xeb, 0xe2, 0xb5, 0xe9, 0x11, 0xc6, 0xf6, 
    0xad, 0x6f, 0x5b, 0xed, 0xf9, 0x49, 0x4d, 0x30, 0x8d, 0xe3, 0x49, 0xce, 0xf9, 0x9c, 0x27, 0x6d, 
    0x2c, 0xec, 0x1f, 0x12, 0x67, 0xbc, 0x61, 0xad, 0x11, 0x53, 0x1d, 0x9c, 0xf6, 0x3c, 0x17, 0x70, 
    0x05, 0x1c, 0x07, 0xa7, 0x93, 0x14, 0x56, 0x16, 0xf6, 0x1e, 0xae, 0x71, 0xc5, 0x0a, 0x32, 0x24, 
    0x52, 0x13, 0x83, 0x59, 0xe3, 0x15, 0x41, 0x02, 0x73, 0xfb, 0xcd, 0x56, 0x1c, 0x31, 0x88, 0xd7, 
    0xb2, 0xf2, 0x60, 0x8b, 0xa7, 0x0f, 0x33, 0xc6, 0x2b, 0xea, 0x4c, 0x1f, 0x49, 0xfc, 0x5a, 0x8f, 
    0xe1, 0x73, 0x17, 0xe0, 0xe5, 0x77, 0xa3, 0x35, 0x3d, 0xc4, 0x73, 0xd7, 0x6c, 0xf9, 0xb6, 0x46, 
    0xcb, 0x3a, 0xeb, 0x88, 0x45, 0xf1, 0xe4, 0x5e, 0xb7, 0x39, 0x9f, 0xf4, 0xc6, 0xe1, 0xc9, 0x5d, 
    0xcf, 0x1d, 0x40, 0x8d, 0x1c, 0x4e, 0x5e, 0x33, 0xb6, 0x6e, 0xac, 0x99, 0x9f, 0xae, 0xd7, 0x92, 
    0xfb, 0x1a, 0x98, 0x61, 0xec, 0x9c, 0xf0, 0xcb, 0xe0, 0x22, 0x62, 0xc1, 0x7b, 0xad, 0xe6, 0x9c, 
    0x26, 0xde, 0xdc, 0x75, 0x45, 0x71, 0x37, 0xa8, 0x80, 0x55, 0x14, 0x45, 0x51, 0x14, 0x45, 0xf1, 
    0x34, 0xf0, 0x57, 0x05, 0xbf, 0xf5, 0xed, 0xaf, 0x8e, 0x80, 0x75, 0x19, 0xa1, 0x80, 0xf5, 0x9d, 
    0xef, 0xf8, 0x68, 0x7f, 0xb5, 0xb0, 0x28, 0x36, 0x28, 0xca, 0x28, 0xe2, 0xb8, 0xa5, 0x56, 0x2c, 
    0x72, 0x7b, 0xcd, 0xf6, 0x1b, 0x6e, 0x72, 0xf6, 0xdc, 0xe1, 0xac, 0x87, 0xdf, 0xb8, 0x93, 0xad, 
    0xf9, 0x16, 0x63, 0xa9, 0xe1, 0x37, 0x53, 0x9c, 0x3a, 0x97, 0x63, 0x9e, 0xcf, 0x39, 0x8a, 0x36, 
    0xc9, 0x35, 0xe3, 0xed, 0x7c, 0x23, 0x29, 0x70, 0x4e, 0xe2, 0x55, 0xf7, 0x7c, 0xe6, 0x06, 0x5e, 
    0x2b, 0xba, 0xc0, 0xc6, 0x53, 0x87, 0x27, 0x4d, 0xce, 0x90, 0x89, 0xc3, 0x19, 0x23, 0x3a, 0xe5, 
    0x5c, 0x94, 0xcc, 0xc3, 0xf3, 0xb0, 0x2f, 0xe7, 0xc3, 0x87, 0xb7, 0xae, 0xcd, 0x0c, 0x61, 0x3c, 
    0x7d, 0xcc, 0xd0, 0x27, 0xdf, 0x78, 0x2d, 0x1c, 0xc4, 0x16, 0x0b, 0x9d, 0xb1, 0x75, 0x11, 0xef, 
    0x22, 0x90, 0x18, 0x58, 0x17, 0xc3, 0xea, 0x27, 0xcf, 0xe2, 0x13, 0xcc, 0xec, 0xf3, 0x58, 0x6b, 
    0x9f, 0x0e, 0x0a, 0x38, 0xb7, 0x23, 0x02, 0xd1, 0x29, 0xb6, 0x1e, 0xaf, 0x52, 0xac, 0xea, 0x5a, 
    0xbb, 0x78, 0x88, 0x3d, 0xd6, 0x5b, 0xe7, 0x19, 0x18, 0x73, 0x35, 0xf0, 0x3c, 0x88, 0x53, 0xd7, 
    0x18, 0xa6, 0x8f, 0x20, 0xc4, 0xb5, 0xae, 0x5a, 0xb0, 0xc5, 0xb4, 0xc0, 0x63, 0xc4, 0xd3, 0x87, 
    0xe9, 0x7d, 0x20, 0xee, 0xc8, 0x5b, 0xf7, 0xce, 0x82, 0xe1, 0x61, 0x9f, 0x31, 0xa0, 0xcf, 0x4f, 
    0xd0, 0x78, 0xb8, 0x2d, 0x87, 0x50, 0x4c, 0x82, 0xd8, 0x78, 0xbc, 0x3c, 0x66, 0xce, 0x9d, 0x03, 
    0x26, 0xf6, 0x7c, 0x9e, 0x77, 0xd5, 0xe7, 0xdc, 0xf4, 0xc4, 0x0f, 0xaf, 0x19, 0x7b, 0x3d, 0xc6, 
    0x9a, 0xb9, 0xeb, 0xf7, 0xd8, 0x35, 0x98, 0x71, 0xce, 0x47, 0x2d, 0x73, 0xc8, 0x87, 0x1f, 0xee, 
    0x76, 0x11, 0x2b, 0x75, 0xae, 0xd5, 0xf3, 0x15, 0xc5, 0xdd, 0xa0, 0x02, 0x56, 0x51, 0x14, 0x45, 
    0x51, 0x14, 0xc5, 0x1d, 0xe0, 0x1f, 0x67, 0xff, 0x8d, 0xbf, 0xe8, 0x91, 0xfb, 0xfe, 0x6f, 0x5c, 
    0x3d, 0x5f, 0xf8, 0x37, 0xb2, 0xfe, 0xca, 0x3f, 0x7b, 0x34, 0x7f, 0xec, 0xbd, 0x28, 0xae, 0x32, 
    0x14, 0x66, 0x14, 0x84, 0xdc, 0x6e, 0xb3, 0xa5, 0x66, 0x6b, 0xed, 0x76, 0x9c, 0x5c, 0x5e, 0x4f, 
    0xbe, 0xfc, 0xf0, 0x48, 0x01, 0xec, 0xa4, 0x8e, 0xf5, 0x59, 0x13, 0xcf, 0x7e, 0x5c, 0x6f, 0xaf, 
    0x36, 0x62, 0xd1, 0xc4, 0x5a, 0x62, 0xd6, 0x39, 0x47, 0x21, 0x26, 0xb9, 0x66, 0x8c, 0x02, 0xe1, 
    0x6c, 0x67, 0xec, 0xb1, 0x35, 0xcd, 0x3a, 0x7e, 0xd9, 0xed, 0xbf, 0x32, 0x98, 0x1c, 0x7e, 0x37, 
    0x39, 0x5e, 0xdb, 0x78, 0x7a, 0x8c, 0xe1, 0x39, 0xd0, 0x4b, 0x9d, 0xf9, 0x84, 0x53, 0xc7, 0x12, 
    0xa7, 0x8e, 0x01, 0x63, 0xcf, 0xeb, 0xb5, 0x8c, 0xc7, 0x36, 0x7e, 0xc5, 0x01, 0x41, 0x38, 0x96, 
    0x0d, 0x4f, 0x00, 0xe2, 0x59, 0x1c, 0x0f, 0xa6, 0x36, 0x58, 0x5c, 0x16, 0x01, 0xbb, 0x84, 0x3d, 
    0x0b, 0xc3, 0x1c, 0xb1, 0xaf, 0x79, 0x96, 0x38, 0x9e, 0x75, 0x70, 0x3a, 0x45, 0xd1, 0x46, 0x28, 
    0x0f, 0x05, 0x7b, 0xbe, 0x3c, 0x76, 0xca, 0xf1, 0x9e, 0xc5, 0x03, 0xbd, 0x35, 0x9e, 0x89, 0x39, 
    0x04, 0xba, 0xf0, 0x70, 0x2b, 0xf6, 0xdd, 0x67, 0xe9, 0x78, 0x2c, 0x80, 0x37, 0x86, 0x8e, 0x88, 
    0x63, 0x9f, 0xf1, 0x12, 0x96, 0x4c, 0xf6, 0xba, 0x9f, 0x00, 0x1c, 0x77, 0x5d, 0xfc, 0xf0, 0x63, 
    0xf9, 0x15, 0x42, 0x38, 0xc5, 0xa0, 0x78, 0x73, 0xf8, 0x65, 0xce, 0x5a, 0xe7, 0x55, 0x38, 0x72, 
    0x7e, 0xae, 0x65, 0x8b, 0x4f, 0xeb, 0xae, 0xf7, 0x53, 0x97, 0x33, 0x97, 0xd7, 0x8c, 0x4f, 0x45, 
    0xac, 0xb9, 0x1e, 0x66, 0xe8, 0xb7, 0x3c, 0xc6, 0x3a, 0x52, 0xbc, 0x3c, 0x39, 0x49, 0xf8, 0xe5, 
    0xa9, 0xcb, 0x1f, 0xd7, 0xe0, 0xb9, 0x6e, 0xf9, 0xa2, 0x78, 0x26, 0x9c, 0xbd, 0xf1, 0xff, 0xf3, 
    0x93, 0xdc, 0x76, 0x45, 0x51, 0x14, 0x45, 0x51, 0x14, 0xf7, 0x37, 0xbe, 0xf2, 0xf3, 0x5e, 0xca, 
    0xf1, 0x88, 0xaf, 0x7a, 0xed, 0x4b, 0x38, 0x0e, 0x3e, 0xf1, 0xe4, 0xad, 0xc3, 0xbb, 0x1e, 0x7d, 
    0x82, 0x68, 0xf0, 0xe3, 0xcf, 0xe3, 0x6f, 0x3c, 0xbd, 0xe5, 0x91, 0x07, 0x0f, 0xbf, 0xe3, 0x6b, 
    0x5e, 0x13, 0x7f, 0x95, 0xe0, 0xfb, 0xf7, 0xa7, 0x7f, 0xe4, 0x23, 0xf1, 0xcf, 0x05, 0x6f, 0x78, 
    0xe8, 0xfa, 0xe1, 0xf5, 0xdb, 0xbf, 0xc4, 0xf8, 0x8a, 0x07, 0xce, 0xce, 0xbd, 0x7f, 0xce, 0xf4, 
    0x33, 0x12, 0x9f, 0x44, 0x30, 0x33, 0x2f, 0x8a, 0xfb, 0x09, 0x6e, 0x9d, 0xd9, 0x42, 0x23, 0xe2, 
    0x60, 0x6c, 0xad, 0x23, 0x08, 0x25, 0x27, 0xd6, 0xcb, 0xe1, 0xed, 0x53, 0x8c, 0x3a, 0xd6, 0xb7, 
    0x75, 0x98, 0xdb, 0x72, 0xc5, 0x97, 0xf5, 0x6d, 0xad, 0x59, 0xe3, 0x7d, 0x8f, 0x3f, 0xc9, 0xed, 
    0x33, 0xd7, 0xc7, 0x5c, 0xc3, 0xfa, 0xf3, 0x42, 0x13, 0x3c, 0x96, 0xf3, 0x7b, 0xae, 0xed, 0x3c, 
    0xfa, 0xf0, 0x5b, 0x7c, 0x9c, 0x37, 0xde, 0xf5, 0x3c, 0xc9, 0xad, 0x13, 0x33, 0x73, 0x7a, 0xf0, 
    0x70, 0x5e, 0xcb, 0x71, 0xdd, 0xcc, 0xb2, 0x6f, 0xad, 0x0f, 0x28, 0x44, 0xd8, 0x82, 0xb3, 0x6f, 
    0x6a, 0x70, 0x5a, 0x62, 0xcc, 0x64, 0xeb, 0x31, 0x8c, 0x11, 0x0b, 0xeb, 0xc2, 0xfc, 0x18, 0x2b, 
    0x4f, 0x4d, 0xcc, 0x42, 0x72, 0x1c, 0x58, 0xdc, 0xed, 0xb9, 0x70, 0xc5, 0x82, 0xb3, 0xee, 0x84, 
    0xd3, 0xfe, 0x53, 0x70, 0x06, 0x8e, 0x4f, 0x85, 0xe2, 0xcc, 0x82, 0x32, 0xd4, 0xc2, 0xea, 0xe7, 
    0x25, 0x05, 0xe7, 0xf3, 0x2d, 0xc6, 0xfb, 0x77, 0xa4, 0xc4, 0xc4, 0x47, 0x5e, 0x98, 0x5b, 0x8d, 
    0x11, 0x73, 0xd1, 0x78, 0x62, 0xea, 0xe6, 0x84, 0x31, 0x85, 0x1a, 0x3e, 0x9d, 0xe1, 0xe8, 0x09, 
    0x09, 0xec, 0xb3, 0x16, 0x9e, 0x58, 0x7a, 0xfa, 0x08, 0xf0, 0x23, 0x08, 0x6d, 0x1c, 0xde, 0xbe, 
    0x70, 0x8e, 0xe0, 0xe0, 0x9a, 0xac, 0xd7, 0x63, 0xae, 0xf3, 0xae, 0x32, 0xdf, 0x63, 0xfd, 0x26, 
    0x16, 0x85, 0xc7, 0x86, 0xd7, 0x53, 0xdb, 0x62, 0x79, 0x2d, 0xf3, 0xf5, 0xcb, 0xc8, 0x73, 0x2d, 
    0xcb, 0xc8, 0xf3, 0xad, 0xaa, 0x6d, 0x8d, 0xeb, 0x63, 0x9c, 0x87, 0x3b, 0x87, 0x1a, 0xeb, 0xe9, 
    0x21, 0x1d, 0x7e, 0xf5, 0xa4, 0x1f, 0x4f, 0x3d, 0x1c, 0x3d, 0xf2, 0xf6, 0x15, 0xc5, 0x67, 0xc3, 
    0xd9, 0x9b, 0x2a, 0x60, 0x15, 0x45, 0x51, 0x14, 0x45, 0x71, 0x1f, 0x41, 0x21, 0xe4, 0x4b, 0x11, 
    0x3f, 0xb4, 0xb7, 0x3c, 0xf2, 0x92, 0xfc, 0xdd, 0xa9, 0xd7, 0xc3, 0x3d, 0x57, 0x7c, 0xe0, 0xf1, 
    0x1b, 0xf9, 0xa3, 0xe5, 0x8a, 0x26, 0xef, 0xd8, 0xfc, 0x9d, 0xe0, 0x37, 0xad, 0xfe, 0xb5, 0x2f, 
    0x7f, 0x65, 0xbe, 0x79, 0x75, 0x95, 0xe1, 0x37, 0xb1, 0xfe, 0xea, 0x4f, 0x7e, 0x3c, 0xdf, 0xcc, 
    0xba, 0x13, 0x14, 0x12, 0xfd, 0x6c, 0xbe, 0xea, 0xb5, 0x2f, 0x7d, 0x5e, 0x9f, 0x8d, 0x22, 0xa3, 
    0x9f, 0xc5, 0xcf, 0x6c, 0x66, 0x5c, 0x14, 0x9f, 0x0b, 0xb0, 0xff, 0x67, 0xeb, 0xcc, 0xf6, 0x19, 
    0x81, 0xc7, 0x2d, 0xb4, 0x5b, 0x6b, 0xb6, 0xd4, 0xc4, 0x18, 0x3b, 0xfe, 0xc5, 0x6b, 0x77, 0x12, 
    0xaf, 0xb6, 0xad, 0x3a, 0x39, 0xfe, 0xa4, 0x7f, 0x78, 0x6c, 0xcb, 0xb5, 0xcc, 0xde, 0xf2, 0x89, 
    0xe5, 0xcd, 0xbd, 0x0e, 0xe6, 0x26, 0x1f, 0x4b, 0xec, 0xb9, 0x38, 0x8f, 0x35, 0xcf, 0xe7, 0x1a, 
    0xfb, 0xe5, 0xd2, 0xb3, 0xc7, 0xcb, 0xcb, 0x61, 0xac, 0x8d, 0x67, 0xae, 0xd7, 0x65, 0xbc, 0x7c, 
    0x38, 0x3c, 0x2a, 0x15, 0x31, 0x06, 0x11, 0xc1, 0x8a, 0x8b, 0x88, 0x0f, 0x7f, 0x38, 0x5c, 0xe7, 
    0x3a, 0x85, 0xf1, 0x70, 0x18, 0x49, 0x7c, 0xcc, 0x07, 0x9e, 0x9a, 0xaf, 0x55, 0x18, 0xcb, 0x89, 
    0x25, 0x5a, 0x69, 0x82, 0xf4, 0x5c, 0x2c, 0x56, 0x6e, 0xe4, 0xda, 0x85, 0xc5, 0xdb, 0x76, 0xe4, 
    0xcd, 0x3c, 0xae, 0xfc, 0xee, 0xe0, 0x15, 0x0c, 0x66, 0xdd, 0x88, 0x2d, 0x83, 0x63, 0x8d, 0x18, 
    0x9e, 0x23, 0xe6, 0xd1, 0x18, 0x3f, 0x69, 0xf2, 0x73, 0xb1, 0xb6, 0x11, 0x13, 0x4f, 0x7f, 0xae, 
    0x8e, 0x38, 0x5c, 0x1e, 0x7a, 0x8c, 0xd6, 0xf1, 0x18, 0x5d, 0xe2, 0x06, 0xa2, 0x8d, 0x71, 0x38, 
    0xde, 0x10, 0x3e, 0xea, 0xf1, 0x90, 0xf6, 0x92, 0xf8, 0xa9, 0x12, 0x13, 0xe2, 0x47, 0xf4, 0x59, 
    0x7e, 0xb8, 0xac, 0xc5, 0xa7, 0x0f, 0x92, 0xbb, 0x24, 0x9e, 0x4f, 0x9b, 0xf8, 0x84, 0x23, 0x5e, 
    0xa2, 0x52, 0x38, 0x3e, 0x6c, 0xd7, 0xda, 0x33, 0xc6, 0x87, 0x9f, 0x9c, 0x1a, 0xb1, 0xb5, 0xac, 
    0xc1, 0x46, 0x80, 0x9a, 0x38, 0x46, 0xae, 0xf7, 0xb5, 0xea, 0x93, 0x73, 0xdd, 0x5e, 0x97, 0x6b, 
    0x87, 0x87, 0xe3, 0x3c, 0x9e, 0x6f, 0xce, 0x85, 0x0f, 0x8f, 0x19, 0xdb, 0x4f, 0xcd, 0xfa, 0x3e, 
    0x5b, 0x3e, 0x79, 0x51, 0x3c, 0x3d, 0x2a, 0x60, 0x15, 0x45, 0x51, 0x14, 0x45, 0xf1, 0x39, 0x87, 
    0xdf, 0xd6, 0xf9, 0xd5, 0x6f, 0x7e, 0x79, 0xfe, 0xd6, 0xd4, 0x73, 0x15, 0x44, 0x9e, 0x0d, 0x96, 
    0x78, 0xa2, 0x57, 0x3c, 0xf9, 0x52, 0x84, 0x98, 0xdf, 0xfa, 0xf6, 0x57, 0xbf, 0x28, 0xe7, 0xbe, 
    0x08, 0x50, 0xf4, 0xfb, 0x8e, 0x77, 0x7c, 0xf4, 0xf0, 0x33, 0x1f, 0xe3, 0xbd, 0xe1, 0xb3, 0x51, 
    0xb4, 0xf2, 0x33, 0xd2, 0xbf, 0x50, 0xf0, 0x9c, 0x7f, 0x03, 0xf1, 0xec, 0x07, 0xdf, 0xfb, 0xf8, 
    0xe1, 0xfd, 0xc4, 0x45, 0xf1, 0x62, 0x41, 0x61, 0x47, 0xa1, 0xc8, 0xad, 0xb3, 0x62, 0x13, 0x5b, 
    0x69, 0x62, 0x8c, 0x9d, 0xbe, 0x79, 0x78, 0x4c, 0xe1, 0x49, 0x81, 0x47, 0xce, 0xed, 0xbb, 0x6b, 
    0xe4, 0xd2, 0x9b, 0x19, 0x18, 0xb1, 0x82, 0x0b, 0xdb, 0x7e, 0x62, 0x2c, 0xf5, 0x63, 0x3e, 0xfd, 
    0x78, 0x8d, 0x3e, 0xfb, 0xd7, 0x96, 0x7f, 0xf2, 0xb1, 0xc4, 0x99, 0x4f, 0x4c, 0xae, 0x78, 0x65, 
    0x6f, 0x62, 0x8c, 0xfd, 0x3f, 0x31, 0x39, 0x3e, 0x7c, 0x3c, 0x3c, 0xe6, 0xb5, 0x8c, 0x74, 0x40, 
    0x1e, 0xfe, 0xb4, 0xee, 0x3a, 0x3c, 0xd7, 0x21, 0x67, 0x2c, 0x52, 0x63, 0x1d, 0xd4, 0xb9, 0x78, 
    0x3c, 0x46, 0x12, 0x1f, 0xe3, 0xb1, 0xf1, 0x9e, 0x47, 0xac, 0xfc, 0xe9, 0x44, 0x2b, 0xbd, 0x30, 
    0x1e, 0xd0, 0xc7, 0x1a, 0x21, 0x67, 0x79, 0x72, 0x78, 0x72, 0xe1, 0x7b, 0x7d, 0x8a, 0xd4, 0x6d, 
    0x7c, 0x2e, 0x60, 0xa9, 0xa2, 0xcc, 0x29, 0x14, 0x8b, 0xc4, 0x9c, 0x1d, 0xb1, 0x89, 0x3a, 0x6d, 
    0x98, 0x39, 0x9e, 0x9c, 0x23, 0xe6, 0xd1, 0x18, 0x4f, 0x6a, 0xac, 0x17, 0x89, 0x35, 0x88, 0xf1, 
    0xd3, 0xe7, 0x85, 0xae, 0xdc, 0x4a, 0x62, 0x8d, 0x75, 0xe3, 0x31, 0xba, 0xf4, 0x7c, 0x12, 0xe7, 
    0x62, 0x31, 0x3d, 0x78, 0x44, 0x9d, 0xc4, 0x70, 0xd6, 0xe4, 0xbc, 0x63, 0xc6, 0xdb, 0xcb, 0x1a, 
    0xd6, 0xd9, 0x63, 0x3e, 0xfc, 0xd4, 0x73, 0x07, 0xe0, 0xc3, 0x63, 0xf2, 0x23, 0x2a, 0x91, 0xb3, 
    0x66, 0x84, 0x25, 0x3c, 0xb9, 0x66, 0xec, 0x9a, 0xa7, 0x13, 0xb1, 0xe2, 0x31, 0xfd, 0x88, 0x4d, 
    0x93, 0xdb, 0x67, 0x7f, 0x44, 0xa9, 0x2d, 0x4e, 0xbf, 0xf3, 0x9d, 0x45, 0xec, 0x7b, 0x1d, 0x8e, 
    0xfe, 0x98, 0x31, 0x5c, 0x7a, 0xb1, 0xe4, 0xf2, 0xac, 0x71, 0x46, 0x51, 0x3c, 0x1d, 0x2a, 0x60, 
    0x15, 0x45, 0x51, 0x14, 0x45, 0xf1, 0x39, 0x81, 0x62, 0xc8, 0xaf, 0x41, 0xb4, 0xfa, 0xba, 0x37, 
    0xbe, 0x2c, 0xdf, 0x7e, 0x2a, 0x8a, 0x85, 0x1f, 0x78, 0xef, 0xa7, 0x0e, 0x3f, 0xf0, 0xbe, 0xc7, 
    0x0f, 0xff, 0xd3, 0xbb, 0x3f, 0x49, 0x56, 0x14, 0x2f, 0x1c, 0xdc, 0x2a, 0xb3, 0x65, 0x46, 0xf4, 
    0xc1, 0xdc, 0x4a, 0x2b, 0x1a, 0x25, 0x27, 0xd6, 0xcb, 0xe1, 0xd9, 0x7e, 0xc7, 0xdb, 0x97, 0x35, 
    0xf6, 0x11, 0xcb, 0x25, 0xb7, 0xbe, 0xe7, 0xc4, 0x1a, 0xb9, 0x22, 0xcc, 0xcc, 0x62, 0xab, 0x4f, 
    0x1e, 0x4f, 0xff, 0xc4, 0x1a, 0x48, 0xdd, 0x58, 0x4f, 0xdd, 0x3c, 0xf3, 0x89, 0xc9, 0xcf, 0x89, 
    0x57, 0x70, 0xf6, 0x28, 0x43, 0x18, 0xdb, 0x73, 0x8d, 0x34, 0x9e, 0x99, 0xb4, 0x62, 0xf0, 0xf8, 
    0xc9, 0xe5, 0xb7, 0x9c, 0xd8, 0x73, 0x2d, 0x4e, 0xa0, 0x21, 0xb0, 0x9e, 0x3e, 0x72, 0xaf, 0x45, 
    0x0f, 0xb5, 0x79, 0x8c, 0x24, 0x3e, 0xc6, 0x23, 0xbc, 0x12, 0x07, 0x7c, 0xe2, 0x35, 0x87, 0x1a, 
    0x71, 0x6c, 0xad, 0xc1, 0x0b, 0x63, 0x8f, 0xf6, 0x0b, 0xf3, 0xb9, 0x16, 0x38, 0x3d, 0xf0, 0x7d, 
    0x12, 0x67, 0xbe, 0x18, 0x60, 0x65, 0x61, 0xd5, 0x4e, 0xc1, 0xd2, 0xc1, 0xf2, 0xb7, 0x63, 0x5b, 
    0x72, 0x87, 0xa5, 0x11, 0x53, 0x16, 0x94, 0x96, 0xc4, 0xad, 0x9b, 0xc3, 0xad, 0x1a, 0x57, 0xcf, 
    0xe1, 0x16, 0xaf, 0xd4, 0x2b, 0x24, 0x06, 0x0a, 0x35, 0x1c, 0x79, 0xe8, 0x89, 0x58, 0x6a, 0xbc, 
    0x7b, 0xcd, 0x04, 0x4c, 0xbc, 0xf5, 0xf9, 0x6a, 0x89, 0x5d, 0x19, 0x5e, 0xa3, 0x6d, 0x3c, 0x66, 
    0x0f, 0xde, 0x77, 0x35, 0x1e, 0x11, 0xc7, 0xba, 0x50, 0xcc, 0xb1, 0x8f, 0x0b, 0xa3, 0x6e, 0x7c, 
    0xe4, 0x14, 0x7d, 0xcc, 0x8d, 0xf5, 0xc9, 0xa9, 0xf9, 0x52, 0xe2, 0x31, 0xdf, 0x20, 0xd7, 0x19, 
    0xdb, 0xe7, 0x5d, 0xf6, 0xd9, 0x44, 0x2c, 0xeb, 0x73, 0x2e, 0xe6, 0x11, 0x2b, 0x3a, 0xd1, 0x4e, 
    0x6c, 0x3f, 0x6b, 0xf1, 0x99, 0xc5, 0xfb, 0xe4, 0xf9, 0xcc, 0x9d, 0x65, 0xef, 0x31, 0xb7, 0x9f, 
    0x75, 0xe6, 0xce, 0x37, 0x37, 0x96, 0xa3, 0xae, 0xb7, 0x2f, 0xde, 0x59, 0x7a, 0xfa, 0xc2, 0xed, 
    0x7d, 0x45, 0x71, 0x67, 0x9c, 0xbd, 0xe9, 0xbf, 0xac, 0x80, 0x55, 0x14, 0x45, 0x51, 0x14, 0xc5, 
    0x8b, 0x07, 0x45, 0xab, 0xdf, 0xf8, 0xe5, 0x8f, 0xf4, 0xdb, 0x4e, 0xc5, 0x33, 0xe2, 0xc7, 0x3f, 
    0xfc, 0xe9, 0xc3, 0x5f, 0xf9, 0xc9, 0x8f, 0xe7, 0x9b, 0x72, 0x45, 0x71, 0xaf, 0xe1, 0xf6, 0x3e, 
    0xdb, 0x65, 0x84, 0x1e, 0xb7, 0xcc, 0x11, 0x72, 0x92, 0x13, 0xeb, 0xe5, 0xf0, 0xdb, 0x16, 0x1b, 
    0x9e, 0x6d, 0x3d, 0xca, 0xc2, 0x2e, 0x28, 0xd1, 0x3f, 0xbd, 0x18, 0xb5, 0x70, 0xc6, 0xd8, 0x78, 
    0xb8, 0xad, 0x1e, 0xc1, 0x8a, 0xb5, 0xec, 0xfb, 0x31, 0x63, 0x8c, 0x98, 0x81, 0xd4, 0x8d, 0xf5, 
    0xd4, 0x31, 0x73, 0xc5, 0x9e, 0xc4, 0xf4, 0x24, 0x4f, 0x8c, 0xe1, 0xb3, 0xc6, 0x18, 0xe3, 0x89, 
    0x9f, 0x7a, 0xd6, 0x24, 0xc7, 0x63, 0xf6, 0xee, 0x9e, 0x55, 0x9e, 0x37, 0xde, 0x9c, 0x60, 0xfc, 
    0xd4, 0x35, 0x08, 0x9f, 0xac, 0x3f, 0xed, 0xc3, 0x10, 0x19, 0x14, 0x96, 0x7c, 0xbd, 0x90, 0x3c, 
    0x89, 0xe5, 0xf3, 0xc0, 0x27, 0x86, 0xc7, 0x8b, 0xc4, 0xf0, 0x10, 0xf1, 0xf2, 0x8b, 0xd3, 0x8b, 
    0x89, 0xed, 0xe1, 0x49, 0x9f, 0x58, 0x42, 0x55, 0xb2, 0x1c, 0x70, 0xac, 0x3d, 0x87, 0xdb, 0xd2, 
    0xbb, 0xc6, 0x36, 0x6f, 0x41, 0xd1, 0x26, 0x60, 0x1e, 0xcf, 0x40, 0x51, 0x46, 0x44, 0x84, 0xca, 
    0xd3, 0x2b, 0xdc, 0xb8, 0x98, 0x39, 0x9e, 0xb5, 0xc6, 0x04, 0xf1, 0x72, 0x62, 0xf8, 0xe5, 0x35, 
    0x1e, 0x5b, 0xcc, 0x81, 0xf9, 0xbc, 0xcb, 0xa8, 0x4b, 0xb7, 0x78, 0x4d, 0x8b, 0x87, 0x8e, 0x68, 
    0xa3, 0xf7, 0xe0, 0x3b, 0xaf, 0xed, 0x75, 0xb8, 0x78, 0xcb, 0x5b, 0xdf, 0xaa, 0xef, 0x1e, 0xe3, 
    0x99, 0xd8, 0xde, 0xcc, 0x23, 0x97, 0xd7, 0x7c, 0xf1, 0xf6, 0x1a, 0xa7, 0xce, 0xa7, 0x7d, 0x4e, 
    0xc4, 0x22, 0x37, 0x5e, 0x3d, 0xe6, 0x59, 0x43, 0x8f, 0xc2, 0x52, 0xce, 0x9b, 0xd8, 0x7e, 0xd6, 
    0xa6, 0x86, 0xd1, 0xb7, 0xd6, 0x8d, 0xa7, 0x76, 0x52, 0xf7, 0xf5, 0x0e, 0xe7, 0x38, 0x39, 0x62, 
    0xf2, 0xbd, 0x77, 0x79, 0x7b, 0xf5, 0xe9, 0x87, 0xdb, 0xfb, 0x8a, 0xe2, 0xa9, 0x38, 0xfb, 0xfc, 
    0xff, 0xf2, 0x9d, 0xbd, 0x37, 0x8a, 0xa2, 0x28, 0x8a, 0xa2, 0x78, 0x41, 0xe1, 0x37, 0xac, 0xfe, 
    0xd5, 0x2f, 0x7d, 0x45, 0xc4, 0x2b, 0xff, 0xc6, 0x55, 0x51, 0x3c, 0x1b, 0x7c, 0xff, 0xfb, 0x3e, 
    0x75, 0xf8, 0x73, 0xef, 0xf8, 0x58, 0x7f, 0xb5, 0xb0, 0xb8, 0xa7, 0x50, 0xe8, 0x89, 0x90, 0xe4, 
    0x76, 0x99, 0x98, 0xad, 0xf3, 0xc4, 0xec, 0xd6, 0x15, 0x71, 0xdc, 0x42, 0x0f, 0x47, 0x8e, 0x4f, 
    0x8c, 0x1e, 0x10, 0xef, 0xba, 0xad, 0x67, 0xd6, 0x6a, 0xe6, 0xcc, 0x8d, 0xc7, 0x76, 0xde, 0x1e, 
    0x72, 0x6a, 0x8a, 0x48, 0xae, 0x55, 0x98, 0x51, 0xb0, 0xb1, 0x27, 0x46, 0xbf, 0x7d, 0x5a, 0x72, 
    0xfa, 0x38, 0x15, 0x3c, 0x1c, 0x79, 0x78, 0x7a, 0x66, 0x06, 0xb1, 0x75, 0x76, 0x71, 0x13, 0x1f, 
    0xeb, 0x59, 0x93, 0x9c, 0x9a, 0x39, 0xc1, 0x9a, 0xa1, 0x77, 0x11, 0x14, 0x36, 0xde, 0xde, 0xcc, 
    0x22, 0x96, 0x33, 0x17, 0xf6, 0xf3, 0xdc, 0x84, 0x2b, 0x8c, 0x06, 0xeb, 0xe1, 0xad, 0x13, 0x53, 
    0xc0, 0xe3, 0x38, 0xf0, 0xc4, 0xc8, 0x09, 0xf4, 0xc2, 0x59, 0xc6, 0xca, 0x58, 0xca, 0x25, 0x22, 
    0xeb, 0x4d, 0x81, 0x73, 0x85, 0xb9, 0xbc, 0x50, 0x2c, 0x5b, 0x70, 0x2d, 0x87, 0x60, 0xd5, 0x07, 
    0x43, 0xae, 0xf5, 0x4f, 0x87, 0x25, 0x48, 0x11, 0x61, 0x03, 0x05, 0x9b, 0x00, 0x8a, 0x2b, 0x21, 
    0x18, 0x28, 0x2a, 0x09, 0xeb, 0x6b, 0xec, 0x5a, 0x6f, 0x2e, 0x3f, 0xa0, 0x9e, 0x07, 0xef, 0xee, 
    0xc6, 0x19, 0xa7, 0x47, 0x6f, 0xce, 0x81, 0x27, 0x07, 0x73, 0x8d, 0x70, 0xc5, 0x24, 0xce, 0x1d, 
    0x21, 0x8b, 0xd8, 0x03, 0x70, 0x56, 0xea, 0x89, 0xf9, 0x24, 0x93, 0x53, 0xdf, 0x38, 0x9b, 0xfd, 
    0x94, 0xec, 0x1f, 0x0f, 0x35, 0x9f, 0xe8, 0xde, 0xeb, 0xdd, 0x61, 0x7f, 0x72, 0x8d, 0xd1, 0xce, 
    0x32, 0x46, 0x7a, 0xc4, 0x88, 0xa9, 0x4f, 0x8e, 0x97, 0xa3, 0x9e, 0xfe, 0xe4, 0xf2, 0x93, 0x6b, 
    0xb9, 0x4e, 0xbc, 0xc2, 0xd2, 0x08, 0x57, 0xd3, 0x6f, 0x9f, 0x66, 0x4f, 0xfa, 0x63, 0xeb, 0x7a, 
    0xe0, 0xc2, 0x63, 0xf4, 0x66, 0x2d, 0xbc, 0x22, 0x56, 0x7c, 0xcc, 0xf5, 0xe3, 0xa7, 0x07, 0x4f, 
    0x1e, 0x2e, 0x6b, 0xf1, 0xac, 0x33, 0x2e, 0x8a, 0xdb, 0x51, 0x01, 0xab, 0x28, 0x8a, 0xa2, 0x28, 
    0x8a, 0x17, 0x14, 0xeb, 0x0f, 0xa3, 0xfb, 0x2f, 0xd3, 0x15, 0xc5, 0xf3, 0xc1, 0x77, 0x20, 0x62, 
    0xfd, 0x77, 0x3f, 0xf3, 0x09, 0xa2, 0xa2, 0x78, 0x7e, 0x50, 0x5c, 0x51, 0x48, 0x62, 0x9b, 0x8c, 
    0xb1, 0xed, 0x46, 0xc4, 0x49, 0x8c, 0x32, 0xa0, 0xa0, 0x13, 0xce, 0x1c, 0x2f, 0xaf, 0x80, 0xa2, 
    0x60, 0xe2, 0xba, 0xe1, 0x31, 0xe2, 0xd5, 0x3f, 0x1c, 0x73, 0xe3, 0xc9, 0x53, 0x63, 0xb3, 0x45, 
    0xcd, 0xdc, 0xde, 0xe1, 0xd8, 0xea, 0xc7, 0x63, 0x7a, 0x8d, 0xba, 0x5b, 0x7a, 0x2d, 0x39, 0x6b, 
    0xfc, 0x5f, 0x4b, 0xcf, 0xed, 0x9a, 0xf0, 0xf4, 0x38, 0xdf, 0xdc, 0xba, 0xeb, 0x29, 0x10, 0xaf, 
    0x3a, 0xb6, 0xc5, 0xf6, 0x1c, 0xaf, 0xf5, 0xd8, 0x03, 0x19, 0x8f, 0x5e, 0x30, 0xfd, 0xd8, 0xc4, 
    0x9c, 0x0f, 0xcf, 0x13, 0x4f, 0xcc, 0xda, 0xc9, 0xf1, 0x9a, 0x71, 0xd6, 0xe2, 0xc9, 0x69, 0xc0, 
    0xe3, 0x38, 0xf0, 0xc4, 0xc8, 0x09, 0xc6, 0x6f, 0x73, 0x79, 0x28, 0x59, 0x08, 0xb9, 0xd4, 0x99, 
    0x2b, 0x12, 0xc3, 0x89, 0x25, 0x58, 0xed, 0x79, 0x3c, 0xab, 0xb7, 0xde, 0x40, 0x6e, 0xda, 0x00, 
    0xf1, 0x73, 0xc2, 0x36, 0xc0, 0xe5, 0xdb, 0x39, 0x85, 0x22, 0x0d, 0x47, 0x04, 0x1a, 0x3d, 0xd1, 
    0xf2, 0x9e, 0x13, 0x98, 0xaf, 0x4b, 0xb1, 0xd7, 0x58, 0x6e, 0x40, 0xce, 0x83, 0x77, 0x2c, 0x1c, 
    0xaf, 0x12, 0x4f, 0x5d, 0x4f, 0x75, 0x62, 0xb0, 0x6a, 0x86, 0xc6, 0x04, 0x93, 0x63, 0xc6, 0x99, 
    0xeb, 0xbb, 0x46, 0xcc, 0x81, 0x4f, 0x77, 0xf3, 0xde, 0x55, 0xd6, 0xe0, 0xf1, 0x34, 0xc6, 0x2b, 
    0xec, 0x40, 0x8d, 0xcf, 0x5a, 0x6c, 0xe3, 0xd3, 0x8f, 0x19, 0x13, 0x20, 0x04, 0x19, 0x3b, 0x0f, 
    0xef, 0x1a, 0x67, 0x53, 0x9f, 0x1c, 0x2f, 0x47, 0xdd, 0xfe, 0xf0, 0x98, 0x3d, 0xe6, 0x31, 0xd6, 
    0x73, 0x12, 0x3c, 0xeb, 0xf4, 0x1a, 0x75, 0xaf, 0x17, 0x0d, 0x0e, 0x3f, 0xf9, 0x18, 0xb9, 0x3e, 
    0x35, 0xf8, 0xad, 0x36, 0x1c, 0xb3, 0xe1, 0x8e, 0xfd, 0xc4, 0x9b, 0xdf, 0xfb, 0xc9, 0x33, 0x57, 
    0x8e, 0xd8, 0x73, 0xba, 0xae, 0x28, 0x4e, 0x51, 0x01, 0xab, 0x28, 0x8a, 0xa2, 0x28, 0x8a, 0x17, 
    0x04, 0xfe, 0x8d, 0xab, 0xdf, 0xf1, 0xd5, 0xaf, 0xee, 0x37, 0xae, 0x8a, 0x7b, 0x0a, 0xff, 0x2e, 
    0xd6, 0x77, 0xfe, 0xc4, 0xa3, 0x4f, 0xfb, 0xaf, 0x24, 0x16, 0xc5, 0x33, 0xc1, 0x2d, 0x31, 0x5b, 
    0x63, 0x84, 0x1d, 0xcc, 0x6d, 0x34, 0xa2, 0x52, 0xb6, 0xcc, 0x2b, 0x8f, 0xc9, 0x8d, 0x97, 0x57, 
    0x50, 0x91, 0x57, 0xe0, 0x19, 0x8e, 0x3c, 0x1c, 0x35, 0xb8, 0x99, 0x49, 0x4e, 0x2c, 0x77, 0xbb, 
    0x78, 0x25, 0x8c, 0xc3, 0xb9, 0x0e, 0x4e, 0xcb, 0x5c, 0xb8, 0x9c, 0xcb, 0x7c, 0xf3, 0xce, 0x52, 
    0xcc, 0x49, 0xce, 0xba, 0xa7, 0x13, 0xaf, 0x72, 0xed, 0x5b, 0x8c, 0x23, 0xa6, 0x4e, 0xbf, 0xf1, 
    0xce, 0x99, 0x1b, 0x64, 0x16, 0x46, 0xec, 0x1c, 0x1c, 0x36, 0xb9, 0xb5, 0xcc, 0xd7, 0x6f, 0x06, 
    0x41, 0xed, 0xd8, 0xc7, 0xc5, 0xe2, 0x71, 0x1c, 0x78, 0x62, 0xe4, 0x04, 0xfa, 0xe3, 0xb9, 0x04, 
    0xb1, 0x39, 0x89, 0xaf, 0x4f, 0x24, 0x96, 0xdb, 0x04, 0x89, 0xc4, 0x98, 0xd8, 0xdc, 0x04, 0x29, 
    0xe3, 0xc1, 0xac, 0x0d, 0x11, 0x38, 0x23, 0x58, 0x1e, 0x78, 0xee, 0x3b, 0x81, 0xe9, 0x1c, 0x37, 
    0x6c, 0x2d, 0x19, 0xb7, 0x03, 0xe9, 0xe9, 0x74, 0xa0, 0xb5, 0xed, 0xda, 0x36, 0x47, 0x3f, 0xd3, 
    0x31, 0xa1, 0xa0, 0x65, 0xbc, 0x66, 0xb8, 0xd6, 0x58, 0xce, 0xf5, 0x84, 0x31, 0x05, 0x17, 0xcf, 
    0x9d, 0x9a, 0x1e, 0x6e, 0x62, 0xb0, 0x6a, 0x84, 0x8a, 0x36, 0x16, 0x26, 0xcf, 0x27, 0x44, 0x3a, 
    0xb3, 0xe6, 0xdb, 0x4a, 0xe4, 0x64, 0xf6, 0x99, 0x5b, 0xb7, 0xc6, 0x12, 0x78, 0x3f, 0x25, 0x38, 
    0xfa, 0xe3, 0xcd, 0xe9, 0x4b, 0x2c, 0x47, 0xb0, 0x8b, 0x3f, 0x89, 0x9d, 0x49, 0x9d, 0xdc, 0xff, 
    0xd5, 0x4c, 0x7f, 0x66, 0x99, 0x63, 0x78, 0xf3, 0xa3, 0xa7, 0x9e, 0x35, 0x9b, 0x11, 0x3b, 0xdf, 
    0x75, 0x22, 0x1c, 0x71, 0x38, 0x4e, 0x61, 0xec, 0x1a, 0x67, 0x71, 0xba, 0xe1, 0xe5, 0x58, 0x77, 
    0xae, 0xd7, 0x7a, 0x38, 0x63, 0x38, 0x72, 0xbd, 0x7c, 0x0c, 0xde, 0xd7, 0x96, 0x6b, 0xdf, 0x72, 
    0xeb, 0xce, 0x2c, 0x8a, 0x85, 0xb3, 0xcf, 0xff, 0xb3, 0x15, 0xb0, 0x8a, 0xa2, 0x28, 0x8a, 0xa2, 
    0xb8, 0x77, 0x50, 0xb0, 0xfa, 0x2d, 0x5f, 0xf1, 0xaa, 0xc3, 0xd7, 0xbf, 0xe9, 0x65, 0x64, 0x45, 
    0x71, 0xef, 0xe1, 0xbf, 0x20, 0xf9, 0xa7, 0x7f, 0xf4, 0xa3, 0xf9, 0x17, 0x24, 0x8b, 0xe2, 0xd9, 
    0x42, 0xb1, 0x45, 0xe1, 0x27, 0xdb, 0x63, 0x62, 0xb6, 0xca, 0x13, 0xb3, 0xf3, 0x57, 0xb0, 0x71, 
    0xcb, 0x3c, 0x1c, 0x39, 0x3e, 0x31, 0x1b, 0x75, 0xff, 0x06, 0x94, 0xf9, 0xf4, 0x38, 0x87, 0x9a, 
    0x1c, 0x33, 0xd2, 0x4b, 0x3e, 0x73, 0xe9, 0x25, 0x66, 0xbb, 0x4e, 0x8c, 0x67, 0x6d, 0x3c, 0x36, 
    0x7d, 0xce, 0xc7, 0x6b, 0xab, 0x6f, 0x71, 0x78, 0xaf, 0x43, 0x71, 0x47, 0xcb, 0xbc, 0xb5, 0xde, 
    0x9c, 0x1e, 0x3d, 0x14, 0x31, 0x9c, 0x9e, 0x5c, 0x43, 0x3a, 0x80, 0xb3, 0x86, 0x27, 0xf7, 0xbc, 
    0x9e, 0x33, 0xde, 0x9c, 0x96, 0xeb, 0xe7, 0xce, 0x27, 0x8f, 0xd9, 0x93, 0x18, 0x9e, 0x98, 0x28, 
    0xf1, 0xea, 0x73, 0xee, 0xf4, 0x6d, 0x06, 0x27, 0x9f, 0xba, 0xd7, 0xea, 0x05, 0xea, 0xe1, 0x20, 
    0x7d, 0x72, 0x2e, 0x72, 0xde, 0x08, 0x7b, 0x98, 0xc6, 0x63, 0xd5, 0xcc, 0x17, 0xe4, 0x30, 0x20, 
    0xef, 0x31, 0x35, 0x0e, 0x99, 0xb5, 0xe1, 0x24, 0x0c, 0x28, 0x3f, 0x2b, 0xdc, 0xb6, 0x1c, 0x11, 
    0x85, 0xc3, 0x06, 0x45, 0x1c, 0x1b, 0x78, 0x82, 0x11, 0x94, 0x02, 0xf9, 0x2d, 0xb6, 0x16, 0x9e, 
    0x40, 0x6f, 0x57, 0x3c, 0x6f, 0x95, 0x82, 0x0c, 0x34, 0x01, 0x4f, 0xd7, 0x98, 0xa3, 0x38, 0x29, 
    0xde, 0xd8, 0xa3, 0x80, 0x23, 0x4f, 0x79, 0xcc, 0xc3, 0xe2, 0xf1, 0xd6, 0x60, 0x79, 0xd7, 0xf9, 
    0xe4, 0x88, 0x2d, 0xf3, 0xae, 0x12, 0xeb, 0x11, 0x87, 0xc2, 0x9d, 0x1d, 0x6e, 0x20, 0xe6, 0x10, 
    0xc2, 0x93, 0x53, 0x58, 0x3d, 0xab, 0xbe, 0x7d, 0x82, 0xc9, 0x35, 0x4a, 0x70, 0xf4, 0xe0, 0x5d, 
    0x63, 0x7d, 0x3c, 0x9f, 0x30, 0xa4, 0x22, 0x91, 0xb9, 0xe6, 0xb5, 0xce, 0x9a, 0x53, 0x4f, 0x1f, 
    0x7e, 0x62, 0x0c, 0xef, 0x39, 0x5d, 0x9f, 0xf3, 0xea, 0xe5, 0xd2, 0x47, 0xce, 0xbc, 0xb5, 0xc6, 
    0xfe, 0xfc, 0xfd, 0xab, 0xe4, 0xd4, 0xe2, 0xe9, 0x0f, 0xc7, 0xf5, 0x10, 0x9b, 0xdb, 0x3b, 0xb1, 
    0x6b, 0xf0, 0x5e, 0x07, 0x79, 0x38, 0x66, 0x18, 0xcf, 0x5c, 0x5f, 0x5b, 0x51, 0x0c, 0x2a, 0x60, 
    0x15, 0x45, 0x51, 0x14, 0x45, 0x71, 0xcf, 0xe0, 0xdf, 0xb9, 0xfa, 0xad, 0x6f, 0x7f, 0x15, 0x51, 
    0x51, 0xbc, 0xb0, 0xf8, 0xc4, 0x13, 0xb7, 0x0e, 0xbf, 0xef, 0xfb, 0x3f, 0x58, 0x11, 0xab, 0x78, 
    0x56, 0x70, 0x2b, 0xcc, 0x96, 0x18, 0x01, 0xe6, 0xe6, 0xe1, 0x3a, 0x0a, 0x84, 0x42, 0x53, 0x72, 
    0x76, 0xe5, 0x72, 0x6e, 0x9f, 0x67, 0xeb, 0x4c, 0x8e, 0x4f, 0xcc, 0xa2, 0x08, 0x55, 0x89, 0x31, 
    0x6b, 0xa8, 0x2a, 0xe1, 0xf4, 0x6b, 0xa6, 0x96, 0x9c, 0xba, 0x31, 0xc6, 0x9e, 0x7c, 0xbc, 0x96, 
    0x78, 0xd5, 0xf0, 0xcc, 0xb2, 0x17, 0x3a, 0xb1, 0x6b, 0xbd, 0x0e, 0xc5, 0x1b, 0xed, 0x99, 0xc4, 
    0x2b, 0xfb, 0x13, 0xc7, 0xd3, 0xb3, 0xc7, 0xf4, 0xe2, 0x95, 0x0a, 0x8c, 0xd1, 0x00, 0x78, 0xad, 
    0x78, 0x38, 0x79, 0x39, 0x3d, 0x6e, 0x38, 0x02, 0xbd, 0xbc, 0xd7, 0x78, 0xf4, 0xcc, 0x8c, 0xdf, 
    0x2c, 0x3d, 0x9e, 0x83, 0x73, 0xa7, 0x87, 0xcc, 0xb9, 0xd7, 0x30, 0xf8, 0x88, 0x56, 0x04, 0xd3, 
    0x47, 0x00, 0x26, 0xd6, 0x84, 0x27, 0xc4, 0xe1, 0xe5, 0x4c, 0x4c, 0x5d, 0x2f, 0x68, 0x0d, 0xe4, 
    0x02, 0x02, 0xd7, 0x2f, 0xcc, 0x9a, 0xe7, 0x0e, 0xcf, 0xba, 0xa0, 0x70, 0x03, 0x11, 0x6c, 0x0e, 
    0x81, 0x85, 0x03, 0xc8, 0xdf, 0xa7, 0xc2, 0x13, 0xf1, 0x90, 0xc4, 0x42, 0x0c, 0x2f, 0x97, 0xf5, 
    0xc0, 0x0e, 0x63, 0x5e, 0x3a, 0xeb, 0xf1, 0x72, 0xac, 0xe7, 0xc2, 0xe1, 0x14, 0xa6, 0x78, 0x17, 
    0x11, 0x67, 0xc2, 0xdb, 0xa7, 0xd7, 0x38, 0xe4, 0x9d, 0x8f, 0x87, 0xdf, 0x3d, 0xfd, 0x9b, 0xc7, 
    0xb1, 0x96, 0x98, 0x20, 0x1e, 0xbb, 0xe1, 0x5c, 0x54, 0x21, 0x39, 0x1b, 0xc2, 0xef, 0x5e, 0x9e, 
    0x3b, 0x63, 0x8b, 0xf5, 0xf3, 0x49, 0xc1, 0x27, 0x86, 0x8f, 0xb7, 0x87, 0x3a, 0x37, 0x86, 0xb9, 
    0x16, 0xf1, 0x48, 0xbf, 0xae, 0x95, 0x5e, 0x63, 0xd7, 0xa4, 0x1f, 0x3f, 0xd7, 0x68, 0x4c, 0x0f, 
    0xb1, 0x5e, 0x9b, 0x5e, 0x8c, 0x58, 0xa3, 0x94, 0x7c, 0x04, 0x2b, 0x79, 0x2c, 0xb3, 0xa8, 0x85, 
    0x3b, 0xce, 0xb1, 0x36, 0xf1, 0xd6, 0xe3, 0x75, 0x90, 0x2b, 0x8c, 0xdd, 0x48, 0x2f, 0x66, 0xce, 
    0xcc, 0xa2, 0x10, 0x67, 0x5f, 0xf0, 0x67, 0x7f, 0xaa, 0xf7, 0x43, 0x51, 0x14, 0x45, 0x51, 0x14, 
    0xcf, 0x0b, 0xfe, 0x91, 0xf6, 0x7f, 0xfb, 0x97, 0xbc, 0xfa, 0xf0, 0x75, 0xfd, 0xd6, 0x55, 0xf1, 
    0x22, 0xc2, 0x5f, 0x23, 0xfc, 0xfd, 0xdf, 0xff, 0xa1, 0x8a, 0x58, 0xc5, 0x5d, 0xc1, 0x2d, 0x7f, 
    0xb6, 0xc3, 0x4b, 0x80, 0x41, 0x09, 0x38, 0xcd, 0x47, 0x3c, 0xda, 0xe2, 0x8d, 0x8f, 0x28, 0x63, 
    0x4e, 0x1c, 0x2e, 0xc6, 0xac, 0x3d, 0xdf, 0x66, 0x62, 0xc3, 0x9d, 0xe6, 0xf4, 0xb1, 0x36, 0x5b, 
    0x72, 0x84, 0x18, 0x39, 0x67, 0xcb, 0x39, 0x2f, 0xde, 0x7e, 0x62, 0xeb, 0x5e, 0x8f, 0x6b, 0x8c, 
    0x47, 0xbc, 0x82, 0xa3, 0x47, 0x11, 0xc7, 0x75, 0xf6, 0x51, 0x4e, 0x2c, 0x67, 0xcd, 0x9e, 0xe4, 
    0xf2, 0xd6, 0xc9, 0x8d, 0xe3, 0xb9, 0x76, 0xb9, 0x39, 0x07, 0x5b, 0x3e, 0x0a, 0x5e, 0x43, 0xce, 
    0xa1, 0x87, 0x37, 0xf6, 0xfa, 0x84, 0xbd, 0x8a, 0x52, 0xce, 0xd5, 0x5c, 0x43, 0x99, 0x06, 0x3d, 
    0x0f, 0xfc, 0x75, 0x7a, 0x69, 0x81, 0x82, 0x43, 0x78, 0x22, 0x24, 0xe6, 0xc0, 0x49, 0x5c, 0x93, 
    0x1c, 0x62, 0x8f, 0xb1, 0x39, 0xac, 0x9c, 0xe6, 0x04, 0xe4, 0x84, 0xc2, 0xd4, 0x83, 0x73, 0x45, 
    0x7a, 0xc0, 0x96, 0x26, 0x58, 0xdc, 0xc2, 0xed, 0xf9, 0xd3, 0x81, 0xb3, 0x70, 0x3c, 0x22, 0xf9, 
    0xb6, 0x74, 0x73, 0x78, 0x38, 0xc0, 0x4b, 0xe2, 0x90, 0x67, 0x80, 0xf6, 0x32, 0x07, 0x08, 0x7b, 
    0x70, 0x60, 0xe5, 0xcb, 0xe0, 0xe9, 0x59, 0x31, 0x6f, 0xcf, 0x5a, 0x82, 0xd0, 0x04, 0xcf, 0x8b, 
    0x72, 0xee, 0x0d, 0xde, 0xa0, 0xe9, 0x23, 0x89, 0xa7, 0x35, 0x7e, 0x33, 0x9a, 0x14, 0x6b, 0x04, 
    0xef, 0x3c, 0xb9, 0x9e, 0x9e, 0x2d, 0xd6, 0x4b, 0xb8, 0x86, 0x53, 0xe0, 0xe1, 0x33, 0x1b, 0x23, 
    0xd7, 0x87, 0x23, 0xe6, 0x13, 0x22, 0x96, 0xc7, 0xf0, 0xe6, 0xe1, 0xa9, 0x27, 0x86, 0xb3, 0x66, 
    0x8f, 0x22, 0x96, 0xde, 0x73, 0x8c, 0xb8, 0x04, 0x97, 0x3e, 0xf2, 0xf4, 0x38, 0x13, 0x1f, 0x83, 
    0xa7, 0x9e, 0xeb, 0x23, 0x77, 0x4d, 0xb8, 0x18, 0xfd, 0xf4, 0x4e, 0xac, 0x4d, 0x6d, 0xb8, 0x89, 
    0x63, 0xe4, 0x59, 0xcb, 0xb5, 0x1b, 0x87, 0x33, 0x37, 0x96, 0x23, 0x5e, 0x7c, 0xae, 0xe7, 0x34, 
    0x67, 0x4e, 0x51, 0x54, 0xc0, 0x2a, 0x8a, 0xa2, 0x28, 0x8a, 0xe2, 0x79, 0xe1, 0x4b, 0x1f, 0x79, 
    0xf0, 0xf0, 0x7b, 0x7e, 0xf9, 0x6b, 0x0e, 0x6f, 0x78, 0xf9, 0x03, 0x64, 0x45, 0xf1, 0xe2, 0xa2, 
    0x22, 0x56, 0x71, 0xb7, 0x50, 0x90, 0x89, 0x30, 0xe4, 0x76, 0x98, 0x98, 0xad, 0xf1, 0xc4, 0xec, 
    0xc4, 0x15, 0x6f, 0xdc, 0x22, 0x0f, 0x47, 0x8e, 0x4f, 0x6c, 0xdf, 0x5e, 0xd7, 0x9c, 0x43, 0xcd, 
    0x39, 0xf8, 0x95, 0x3b, 0x97, 0x6d, 0x38, 0xb1, 0x46, 0x4e, 0x2f, 0x3a, 0x06, 0x46, 0x2c, 0xa7, 
    0xa7, 0xce, 0x1e, 0x7d, 0xb8, 0xd8, 0xb6, 0x96, 0xba, 0xf3, 0xac, 0x19, 0x3b, 0x4b, 0x6f, 0x3e, 
    0xbd, 0x70, 0xf4, 0x91, 0x26, 0x56, 0x20, 0x3a, 0xcd, 0x35, 0xb9, 0x18, 0x9c, 0xde, 0xf9, 0xc6, 
    0xf3, 0x2b, 0x83, 0xc3, 0xe5, 0xfa, 0x30, 0x63, 0xcf, 0xad, 0x47, 0x76, 0x88, 0x4f, 0x8d, 0x46, 
    0xfd, 0x9c, 0x57, 0x8f, 0xf9, 0xc0, 0xbb, 0x2e, 0xd7, 0xc4, 0x7b, 0x71, 0x57, 0xc2, 0x95, 0x87, 
    0x15, 0xe3, 0x39, 0x60, 0xe4, 0x5b, 0xe8, 0xc1, 0x9e, 0xd4, 0x00, 0x61, 0x0e, 0xc7, 0x7c, 0xbc, 
    0x80, 0x1e, 0x10, 0xc8, 0xe3, 0x9e, 0x15, 0x9c, 0x94, 0x55, 0x06, 0x60, 0x73, 0x41, 0x78, 0x10, 
    0x4f, 0x81, 0x67, 0x60, 0xce, 0x4b, 0x35, 0xf0, 0x89, 0x98, 0xb2, 0x1d, 0x48, 0x52, 0x23, 0xcd, 
    0xd5, 0x10, 0xf0, 0xc4, 0x8c, 0xb1, 0x2d, 0xe6, 0xed, 0x5f, 0xed, 0xbb, 0x90, 0xa5, 0xf8, 0xe3, 
    0xa7, 0x31, 0x7d, 0x3c, 0xe2, 0x31, 0x9a, 0xf4, 0xf3, 0xcd, 0x24, 0x73, 0x16, 0x6e, 0x9e, 0x31, 
    0x9b, 0x27, 0xd7, 0x88, 0x69, 0x9b, 0x5f, 0x29, 0xc4, 0xe7, 0xee, 0xd8, 0xb8, 0x78, 0xcc, 0x5e, 
    0x4d, 0x4e, 0xf1, 0x67, 0x71, 0x2b, 0x9f, 0x58, 0xde, 0x9c, 0x9a, 0x42, 0x11, 0xde, 0x3c, 0xa2, 
    0x11, 0xf1, 0xf4, 0x51, 0xb7, 0x4f, 0xa3, 0xe6, 0x3a, 0x73, 0xeb, 0xe1, 0xb6, 0x7a, 0x7a, 0xc3, 
    0x51, 0xcf, 0x7a, 0xcc, 0x1a, 0x7e, 0xe6, 0x61, 0xe6, 0x5b, 0xef, 0x7a, 0x2f, 0x9c, 0x11, 0x8e, 
    0x75, 0x13, 0xcb, 0xe3, 0xad, 0x93, 0x87, 0xa3, 0xcf, 0x78, 0xe6, 0xfa, 0xbe, 0x14, 0x57, 0x1d, 
    0x15, 0xb0, 0x8a, 0xa2, 0x28, 0x8a, 0xa2, 0x78, 0xce, 0xf0, 0x57, 0x06, 0xbf, 0xb5, 0xbf, 0x32, 
    0x58, 0x7c, 0x8e, 0x51, 0x11, 0xab, 0x78, 0x26, 0xb8, 0xf5, 0x65, 0x0b, 0x8c, 0x08, 0x83, 0xb1, 
    0x35, 0x56, 0x30, 0x5a, 0xb9, 0xdf, 0x2a, 0x0a, 0xb7, 0x79, 0xf9, 0xc4, 0xa8, 0x2d, 0x0a, 0x36, 
    0xe6, 0xf6, 0xa1, 0xd5, 0xc4, 0x67, 0x2d, 0x7e, 0xe5, 0x0a, 0x4e, 0xd9, 0x82, 0xd3, 0xbf, 0x7a, 
    0x3d, 0x1f, 0x72, 0xc0, 0xe4, 0x7a, 0x6b, 0x58, 0xe6, 0xc6, 0x66, 0xad, 0xeb, 0x34, 0x6b, 0x31, 
    0x66, 0xe9, 0xd9, 0xc3, 0xc3, 0x13, 0xa7, 0x66, 0x1f, 0xfd, 0xc4, 0x8a, 0x44, 0xa7, 0xb9, 0x26, 
    0x17, 0xe3, 0x5a, 0xd9, 0xe7, 0xc3, 0x4d, 0x3d, 0xe2, 0x15, 0xc1, 0xcc, 0x27, 0x86, 0x4b, 0x3f, 
    0xde, 0x6f, 0x8b, 0x09, 0xd7, 0x2d, 0xe1, 0x2a, 0xe7, 0xc5, 0x93, 0x62, 0x78, 0x66, 0xe9, 0x71, 
    0x18, 0xeb, 0x3f, 0xab, 0x70, 0x85, 0x37, 0x37, 0xd0, 0x73, 0x94, 0xb7, 0x99, 0xe7, 0xe4, 0xac, 
    0x11, 0xe9, 0xc3, 0x7b, 0x98, 0x98, 0x06, 0x40, 0x1a, 0xb8, 0x6e, 0xc5, 0x0b, 0x33, 0xf7, 0x14, 
    0x08, 0x6b, 0xdb, 0xba, 0xa7, 0xc3, 0x4c, 0x39, 0xdf, 0xc3, 0x5b, 0x74, 0x0e, 0xa6, 0x0a, 0x3c, 
    0xc2, 0x58, 0xb8, 0x4e, 0xe3, 0xe0, 0x13, 0x23, 0x06, 0x7c, 0x34, 0xc4, 0x98, 0x29, 0x07, 0xd7, 
    0x99, 0x7b, 0x2d, 0xce, 0xb5, 0x0f, 0x47, 0xbc, 0x79, 0x72, 0xde, 0x36, 0x5b, 0x89, 0x31, 0x84, 
    0x2c, 0x3f, 0x51, 0x28, 0x72, 0x7a, 0x08, 0xe2, 0xb7, 0x5c, 0x81, 0x66, 0x3c, 0x39, 0xb1, 0xf0, 
    0x9b, 0x49, 0xa4, 0xac, 0xb1, 0x86, 0x4f, 0x4e, 0x4c, 0x72, 0x4e, 0xc4, 0x72, 0x16, 0x6f, 0x92, 
    0xeb, 0x34, 0xfb, 0xb5, 0xd4, 0xed, 0xdb, 0xb8, 0x95, 0x4f, 0x2c, 0x6f, 0x4e, 0x8d, 0x0f, 0x27, 
    0x1e, 0xcb, 0x7c, 0x6c, 0xfa, 0xa8, 0xdb, 0x87, 0x59, 0x8b, 0x59, 0x23, 0xcf, 0xeb, 0xe6, 0x38, 
    0x7d, 0x18, 0xb5, 0xac, 0xcb, 0x2c, 0x6c, 0xab, 0x9d, 0x13, 0xb1, 0xe2, 0xe5, 0xe8, 0x4b, 0xff, 
    0xe4, 0xce, 0x9c, 0xf8, 0x2c, 0xdf, 0x56, 0x3b, 0xf6, 0xe9, 0xed, 0xd5, 0x93, 0x33, 0xa3, 0xb8, 
    0xda, 0x38, 0xfb, 0x82, 0xef, 0xa8, 0x80, 0x55, 0x14, 0x45, 0x51, 0x14, 0xc5, 0xb3, 0x87, 0xbf, 
    0x32, 0xf8, 0x6b, 0xde, 0xfc, 0x72, 0xa2, 0xa2, 0xf8, 0xdc, 0xe3, 0xfd, 0x8f, 0x3f, 0x79, 0xf8, 
    0xdd, 0xdf, 0xfb, 0xc1, 0x88, 0x59, 0x45, 0x71, 0x3b, 0x14, 0x67, 0x22, 0x0e, 0xb9, 0x0d, 0x4e, 
    0xcc, 0x36, 0x19, 0x11, 0xc7, 0x2d, 0xb1, 0xdf, 0xc0, 0x52, 0xd0, 0x49, 0x6c, 0x1d, 0x73, 0x3b, 
    0xad, 0x4d, 0xcf, 0x32, 0x36, 0x4f, 0x2b, 0x67, 0x07, 0xb5, 0x6a, 0xe1, 0xce, 0xe5, 0xac, 0x65, 
    0xe6, 0xe4, 0xfa, 0xb1, 0x25, 0x7c, 0x4d, 0x6d, 0xfa, 0xe7, 0x1c, 0x58, 0xb8, 0x95, 0xaf, 0xf3, 
    0x10, 0x67, 0x1e, 0xbd, 0xc4, 0x53, 0xdb, 0xf2, 0xf4, 0x0f, 0x97, 0xf3, 0xc5, 0xc3, 0x53, 0xb7, 
    0x57, 0x33, 0x97, 0x4f, 0x1f, 0xb6, 0xd6, 0x20, 0x75, 0x58, 0x20, 0x66, 0x16, 0x8f, 0xf1, 0xe6, 
    0xf0, 0xd4, 0xfc, 0x35, 0x42, 0xcf, 0x6b, 0x2e, 0xbf, 0xcf, 0x20, 0xf6, 0xe0, 0x2c, 0x9e, 0xf1, 
    0x39, 0x0f, 0x34, 0xc3, 0xe1, 0x30, 0x13, 0x78, 0x9e, 0x01, 0xfa, 0x43, 0xea, 0xf6, 0xf2, 0x8c, 
    0x17, 0x7a, 0x9e, 0x81, 0xb3, 0xd3, 0x04, 0x36, 0x47, 0x9d, 0xc3, 0x06, 0xcf, 0x7f, 0x8a, 0xdb, 
    0xf3, 0x67, 0x02, 0x67, 0xe2, 0x78, 0xc4, 0x69, 0xce, 0x25, 0x07, 0x9b, 0x4b, 0xa0, 0xb0, 0x22, 
    0x74, 0x0a, 0x3f, 0x42, 0xcf, 0x73, 0xbc, 0xf9, 0xf6, 0x3f, 0x33, 0xa4, 0x39, 0x38, 0x47, 0x51, 
    0x06, 0xf5, 0x26, 0x75, 0xdf, 0xd1, 0xf4, 0x42, 0xe9, 0x25, 0x79, 0x66, 0xb6, 0xe7, 0x5f, 0x31, 
    0xef, 0x32, 0x75, 0x33, 0x62, 0x72, 0x23, 0xc5, 0x9a, 0x5b, 0x3c, 0xf4, 0x38, 0x30, 0x35, 0xbf, 
    0x99, 0xe4, 0x2c, 0xe3, 0xcc, 0xa0, 0xe6, 0x79, 0x62, 0xf4, 0x9a, 0x0f, 0x8f, 0xe1, 0xed, 0x9b, 
    0x35, 0xf4, 0x59, 0x97, 0xc3, 0x92, 0x73, 0xde, 0x89, 0xf1, 0xe4, 0xa9, 0x19, 0xd3, 0xef, 0xba, 
    0x3d, 0xb7, 0x16, 0x8e, 0xf5, 0x7c, 0x98, 0xd6, 0x62, 0x5b, 0xdd, 0x9a, 0xe7, 0xcb, 0x3c, 0x72, 
    0x5e, 0x3e, 0x39, 0xfe, 0x24, 0x37, 0x1e, 0x6e, 0xe2, 0x18, 0xb9, 0xe7, 0xd0, 0x92, 0xc7, 0xc8, 
    0xe1, 0x73, 0x0d, 0xc4, 0xf6, 0xdc, 0x3c, 0x43, 0x5e, 0x5e, 0xf3, 0xb7, 0xf3, 0x17, 0x57, 0x1b, 
    0x67, 0x5f, 0x58, 0x01, 0xab, 0x28, 0x8a, 0xa2, 0x28, 0x8a, 0x67, 0x01, 0xff, 0xde, 0xd5, 0x6f, 
    0xf9, 0xc5, 0x8f, 0x1c, 0x7e, 0x75, 0xc5, 0xab, 0xe2, 0x3e, 0xc3, 0x0f, 0xbc, 0xef, 0x53, 0x87, 
    0x3f, 0xf6, 0xc3, 0x1f, 0x26, 0x2a, 0x8a, 0x23, 0xdc, 0xf2, 0xb2, 0xf5, 0x45, 0x28, 0xb9, 0x79, 
    0xd8, 0xff, 0x70, 0x3b, 0xde, 0x2d, 0xb4, 0x1c, 0xdb, 0x66, 0xe2, 0x2d, 0xc7, 0xbb, 0x5d, 0x56, 
    0x60, 0x19, 0xc1, 0x87, 0x35, 0x87, 0x1b, 0x70, 0xc7, 0x19, 0x68, 0x35, 0xf1, 0xf6, 0xe9, 0x57, 
    0x6e, 0x5d, 0x55, 0xc6, 0x75, 0x59, 0xaf, 0x71, 0x9e, 0xc4, 0xce, 0xb6, 0x87, 0xfc, 0x9c, 0x40, 
    0x45, 0x8d, 0x94, 0x98, 0x3e, 0xcc, 0x5a, 0xfa, 0xa8, 0x79, 0x5d, 0xfb, 0x5a, 0x0d, 0x9e, 0xbd, 
    0x3d, 0x33, 0x86, 0xb7, 0x9e, 0xf5, 0x98, 0x75, 0xcf, 0x7d, 0x1d, 0x3f, 0x3c, 0x7d, 0xf6, 0x33, 
    0xdb, 0x73, 0x9d, 0xb1, 0xf1, 0x9f, 0x9c, 0x3a, 0x7d, 0xb1, 0xd4, 0xec, 0x9d, 0x78, 0xf7, 0xab, 
    0x67, 0xf7, 0x72, 0xf4, 0xf2, 0x42, 0x49, 0x37, 0x4e, 0x03, 0xa7, 0x9c, 0x96, 0x78, 0xcc, 0x84, 
    0x27, 0xde, 0x27, 0x31, 0x09, 0xcf, 0xf1, 0xd2, 0x1c, 0x78, 0x06, 0xc6, 0x03, 0x1a, 0x80, 0xfd, 
    0xc2, 0x5e, 0x8e, 0x98, 0x47, 0xe3, 0xf3, 0x98, 0xca, 0x53, 0xf1, 0xd4, 0x4e, 0xb9, 0xd5, 0x8d, 
    0x3c, 0xc4, 0xfb, 0x21, 0x8e, 0xdc, 0x78, 0xde, 0xda, 0x40, 0x67, 0xcc, 0x13, 0xcf, 0x99, 0x29, 
    0xc7, 0xdb, 0x07, 0x49, 0x98, 0x43, 0x7a, 0x34, 0xf2, 0xd4, 0x35, 0x62, 0xd4, 0x16, 0x9e, 0x04, 
    0xd6, 0x20, 0x78, 0x22, 0x7a, 0xc1, 0x51, 0x82, 0x1a, 0x8e, 0x59, 0xfa, 0xf9, 0x54, 0x58, 0x42, 
    0xbc, 0x7b, 0x8d, 0x38, 0x5e, 0xa3, 0x47, 0x41, 0xe7, 0x16, 0xef, 0x87, 0x22, 0x8f, 0x35, 0xf3, 
    0x08, 0x4c, 0xd4, 0x72, 0x87, 0xd2, 0x97, 0x59, 0x7a, 0x4c, 0x3e, 0x31, 0xd7, 0xe1, 0x35, 0xa6, 
    0x1f, 0x4e, 0x93, 0xb7, 0x6e, 0x1c, 0x9e, 0x3a, 0x77, 0x02, 0xf9, 0x9a, 0x0d, 0x4f, 0xcd, 0x73, 
    0x59, 0x1b, 0xf1, 0x08, 0x0b, 0x47, 0x2d, 0xf9, 0x8a, 0xd7, 0xb9, 0xe5, 0x30, 0x52, 0x7d, 0xe6, 
    0xe1, 0x57, 0x6e, 0x9d, 0x51, 0x5c, 0xab, 0xa2, 0x14, 0x39, 0xeb, 0x5c, 0x9f, 0xbe, 0xd8, 0xcc, 
    0xc8, 0x75, 0x59, 0xd7, 0x73, 0x1e, 0xaf, 0xa1, 0x7f, 0xd0, 0xbd, 0x58, 0x40, 0xc0, 0xfa, 0xe9, 
    0xde, 0x03, 0x45, 0x51, 0x14, 0x45, 0x51, 0xdc, 0x15, 0x14, 0xaf, 0xfe, 0xc0, 0xd7, 0xbd, 0x36, 
    0x7f, 0xf7, 0xaa, 0x28, 0xee, 0x47, 0xfc, 0x99, 0x1f, 0xfd, 0xe8, 0xe1, 0x7f, 0x7e, 0xcf, 0xe3, 
    0x44, 0x45, 0x31, 0x50, 0x98, 0x51, 0x84, 0x72, 0xeb, 0x9b, 0x6f, 0x41, 0xb9, 0x0d, 0x46, 0xcc, 
    0x31, 0x1f, 0x31, 0xc8, 0x58, 0x23, 0xa7, 0x4f, 0xd1, 0x44, 0x3e, 0x5c, 0x6a, 0xf4, 0x60, 0xa7, 
    0xb9, 0xc6, 0xf6, 0x3a, 0xde, 0xf9, 0xd6, 0xcc, 0xb3, 0x76, 0x71, 0x9c, 0x6b, 0x66, 0x7b, 0x0d, 
    0x78, 0x72, 0x79, 0x1a, 0xe1, 0xa8, 0xd3, 0x6f, 0x6e, 0xec, 0xda, 0xc4, 0xf4, 0xed, 0x62, 0x93, 
    0xb9, 0x3c, 0xeb, 0x13, 0x6b, 0xcc, 0x60, 0xdf, 0x4f, 0x3f, 0x31, 0xf9, 0x9a, 0xcf, 0x22, 0x5e, 
    0xa3, 0x1c, 0x75, 0xd2, 0xd4, 0xf0, 0x53, 0x37, 0xc6, 0x20, 0xf4, 0xd6, 0x50, 0x1c, 0xe2, 0xe5, 
    0x52, 0x8f, 0xa7, 0x17, 0x4e, 0x2c, 0x2e, 0xfd, 0xbb, 0x48, 0x45, 0x81, 0x80, 0x27, 0x62, 0x16, 
    0xe7, 0xd1, 0x73, 0x88, 0x71, 0xcd, 0xd6, 0x8d, 0x49, 0x7c, 0x26, 0x8e, 0xa5, 0x86, 0x77, 0x39, 
    0x07, 0x67, 0xea, 0x07, 0xc4, 0x98, 0x58, 0xdc, 0xe6, 0x76, 0x2f, 0x5c, 0x3f, 0x60, 0xd6, 0xd6, 
    0x7f, 0xb7, 0xf0, 0x0c, 0x1e, 0x85, 0x82, 0xc9, 0xc2, 0x30, 0x27, 0x7e, 0x0b, 0xa6, 0x5f, 0x23, 
    0x86, 0x33, 0x1f, 0x8f, 0xb1, 0x7e, 0x44, 0x24, 0xbc, 0x66, 0x1b, 0x87, 0xc4, 0x34, 0xdc, 0x5e, 
    0xbb, 0x75, 0x93, 0x77, 0x12, 0xef, 0x61, 0xea, 0x88, 0x39, 0x28, 0x3a, 0x6b, 0x26, 0xef, 0x22, 
    0x45, 0x3c, 0x05, 0xde, 0xfd, 0x9d, 0x8b, 0x87, 0xf3, 0x3a, 0xf4, 0xab, 0x5f, 0x3f, 0x75, 0x7a, 
    0xa9, 0x4e, 0x4d, 0x9f, 0x3b, 0x97, 0x06, 0xeb, 0x38, 0xf2, 0xa9, 0x61, 0x34, 0x28, 0x04, 0x25, 
    0xc7, 0xac, 0xcf, 0xb9, 0x88, 0xe9, 0xf3, 0x9a, 0xf5, 0xa9, 0xc3, 0x3b, 0xdf, 0xd8, 0x1e, 0x63, 
    0xc8, 0xc9, 0x33, 0x03, 0x63, 0x7d, 0xe6, 0x27, 0x87, 0xa7, 0xc7, 0x59, 0xb3, 0x16, 0x23, 0x0e, 
    0x67, 0x8c, 0x8f, 0xd9, 0x4f, 0xee, 0xf5, 0x9c, 0xe6, 0x4b, 0xc4, 0x52, 0x26, 0x0e, 0x0f, 0x37, 
    0xb3, 0x8d, 0x31, 0x63, 0x39, 0xcf, 0x45, 0x3e, 0xe2, 0x17, 0xd7, 0x54, 0x5c, 0x59, 0x54, 0xc0, 
    0x2a, 0x8a, 0xa2, 0x28, 0x8a, 0xe2, 0xae, 0x50, 0xf1, 0xaa, 0xb8, 0x08, 0xf0, 0x57, 0x08, 0xff, 
    0xc0, 0x0f, 0x7c, 0xb8, 0x7f, 0x0f, 0xab, 0x08, 0xdc, 0xea, 0x8e, 0x78, 0xc5, 0x36, 0x98, 0x8d, 
    0x3a, 0x5b, 0xe2, 0x88, 0x40, 0xc7, 0x5c, 0xe1, 0xc7, 0xfa, 0xda, 0x6e, 0xcb, 0x4d, 0xcd, 0x5c, 
    0x73, 0x86, 0xc2, 0x90, 0x71, 0x84, 0x2d, 0x6a, 0xd3, 0x83, 0x6d, 0xb9, 0x35, 0x94, 0x1a, 0x72, 
    0x38, 0x3d, 0x73, 0xac, 0xb3, 0x0f, 0xdf, 0x38, 0x0c, 0x4e, 0x21, 0x46, 0x6f, 0xff, 0xea, 0x73, 
    0x56, 0xfa, 0xec, 0x61, 0x67, 0xa6, 0x9f, 0x3e, 0x3c, 0x0f, 0xf3, 0xf4, 0x32, 0xc7, 0x3e, 0xaf, 
    0xd1, 0x7c, 0xc4, 0x29, 0x40, 0x7c, 0xbb, 0x78, 0xe5, 0x5c, 0x79, 0xbd, 0xfd, 0xae, 0x5b, 0x75, 
    0xd7, 0xe9, 0xfd, 0x96, 0x96, 0x35, 0xfb, 0x8f, 0x1e, 0x0e, 0x9f, 0x75, 0x24, 0x89, 0x19, 0xe5, 
    0x81, 0x30, 0xf9, 0xba, 0xde, 0xc4, 0x88, 0x09, 0x2b, 0x26, 0xa1, 0x86, 0xcb, 0x5a, 0x8c, 0x5a, 
    0x66, 0x42, 0x0e, 0x47, 0x11, 0x2f, 0x26, 0x37, 0x66, 0x7d, 0x8e, 0x83, 0x23, 0xa7, 0x1f, 0x0c, 
    0x37, 0x38, 0x8d, 0x9f, 0x0d, 0x14, 0x49, 0x16, 0xce, 0xc5, 0x9c, 0xc9, 0xe3, 0xe2, 0x9c, 0xae, 
    0x79, 0x94, 0x9b, 0xba, 0x20, 0xa6, 0x60, 0xae, 0x57, 0x44, 0x51, 0xf8, 0x59, 0x3d, 0x50, 0x14, 
    0xf1, 0x31, 0xc3, 0xad, 0x66, 0xec, 0xbb, 0x69, 0xec, 0x28, 0xc4, 0x2b, 0x9e, 0x93, 0x53, 0xe3, 
    0x9d, 0xc4, 0x63, 0x96, 0xe2, 0xa9, 0xef, 0x9e, 0x3e, 0x78, 0x05, 0x1d, 0xbd, 0x62, 0x8e, 0x6b, 
    0x52, 0xc3, 0x1c, 0xa8, 0x9f, 0xfe, 0xa9, 0xdf, 0x8d, 0x88, 0x65, 0x1f, 0x57, 0x47, 0x0f, 0x7e, 
    0xcb, 0xbd, 0x26, 0xbd, 0x7d, 0x5e, 0xef, 0x9a, 0x6b, 0x8f, 0x71, 0xfa, 0xf0, 0xf6, 0x38, 0xc7, 
    0xbe, 0xc4, 0xe1, 0x30, 0xb8, 0x39, 0x2f, 0x9c, 0x9e, 0x0f, 0xdb, 0x7a, 0x66, 0xad, 0x3c, 0xb1, 
    0x1c, 0x6b, 0x8d, 0x35, 0x6a, 0xf6, 0x78, 0x8d, 0xc9, 0xf1, 0x8a, 0x54, 0xc9, 0xa9, 0x85, 0x63, 
    0xb6, 0x3d, 0x2b, 0x9f, 0x7a, 0x71, 0x55, 0x71, 0xf6, 0x85, 0xdf, 0xf9, 0xd3, 0xfd, 0xfc, 0x8b, 
    0xa2, 0x28, 0x8a, 0xa2, 0xf8, 0xac, 0x88, 0x78, 0xf5, 0x2b, 0x2b, 0x5e, 0x15, 0x17, 0x03, 0x8a, 
    0x57, 0xbf, 0xfb, 0xef, 0x7f, 0x90, 0xa8, 0xb8, 0xea, 0xb8, 0xee, 0x96, 0x17, 0xc1, 0xc6, 0x2d, 
    0xf0, 0x53, 0xbe, 0x7d, 0x65, 0x2c, 0x87, 0xd8, 0x60, 0xec, 0xf6, 0x78, 0x6d, 0xa7, 0xcd, 0x57, 
    0xdf, 0x70, 0xf3, 0x1d, 0x11, 0x7b, 0xed, 0x33, 0xb7, 0x66, 0x6e, 0xcc, 0xee, 0x3d, 0x7e, 0x72, 
    0x8c, 0xb5, 0x68, 0x02, 0xc4, 0x72, 0x18, 0x9c, 0x73, 0x14, 0x60, 0x46, 0xf4, 0x82, 0xa3, 0xc1, 
    0xba, 0xbc, 0x3e, 0x39, 0xbc, 0x79, 0xfa, 0xf6, 0xf5, 0xc6, 0xf0, 0xd4, 0xad, 0x99, 0x2b, 0x42, 
    0xa1, 0x29, 0xd1, 0x80, 0x78, 0xb5, 0xcd, 0xb3, 0xee, 0x79, 0x34, 0x5e, 0x6c, 0xbc, 0x3c, 0x49, 
    0xbc, 0x33, 0x67, 0xbd, 0x0c, 0xbd, 0xe1, 0x78, 0x8f, 0x78, 0x0f, 0x68, 0x66, 0x14, 0x75, 0xbc, 
    0x7f, 0xcb, 0x6a, 0xff, 0xd6, 0xd5, 0x96, 0xbb, 0x96, 0xe0, 0xb8, 0x2e, 0x0f, 0x28, 0xfa, 0x7c, 
    0xed, 0x89, 0xa9, 0x9b, 0xca, 0xb1, 0x2c, 0x70, 0xbe, 0xe7, 0x4c, 0x0f, 0x75, 0xd2, 0x98, 0x38, 
    0xd6, 0x98, 0x95, 0x9a, 0xb1, 0x19, 0x9e, 0x9a, 0xb0, 0x27, 0x80, 0x3a, 0xc5, 0xa2, 0x83, 0x73, 
    0x09, 0x38, 0xe9, 0x3d, 0x09, 0x07, 0x5b, 0x2f, 0x2f, 0x69, 0x80, 0xf7, 0xcc, 0x42, 0xaf, 0x50, 
    0x63, 0x34, 0x31, 0x21, 0xd0, 0xc5, 0x52, 0x83, 0xd7, 0x24, 0x00, 0xef, 0xdc, 0x21, 0xbf, 0x1a, 
    0x48, 0xc9, 0xfa, 0xd0, 0x78, 0x08, 0x63, 0x27, 0x2d, 0xd1, 0x46, 0x81, 0x27, 0x3d, 0xbc, 0x28, 
    0xdf, 0x72, 0xc2, 0xf9, 0x36, 0xd6, 0x96, 0x2b, 0xf2, 0x38, 0xd0, 0x5f, 0x97, 0x73, 0xfe, 0x5a, 
    0x77, 0x93, 0xc3, 0x9c, 0x93, 0xf3, 0xc0, 0x99, 0xe9, 0xfd, 0x14, 0x58, 0x1c, 0xaf, 0xad, 0x35, 
    0x37, 0x32, 0x07, 0x0e, 0xf7, 0x14, 0x11, 0x8b, 0x4f, 0xc6, 0x3c, 0xde, 0x49, 0xc4, 0xd6, 0x5c, 
    0xe7, 0x79, 0xe4, 0x93, 0xe3, 0x93, 0xcb, 0x33, 0x6f, 0xef, 0xd3, 0xe4, 0xa8, 0x53, 0xde, 0x62, 
    0x39, 0x0c, 0xce, 0xd7, 0xae, 0x9f, 0x5c, 0xb3, 0x6f, 0x72, 0x65, 0xe2, 0xc9, 0xe5, 0xb1, 0xac, 
    0xd5, 0x66, 0x76, 0xfa, 0x34, 0x7a, 0x15, 0xad, 0x12, 0xc3, 0xaf, 0xbe, 0xf5, 0x2d, 0x2c, 0x73, 
    0x67, 0x15, 0x57, 0x13, 0x15, 0xb0, 0x8a, 0xa2, 0x28, 0x8a, 0xa2, 0xf8, 0xac, 0xa8, 0x78, 0x55, 
    0x5c, 0x44, 0xfc, 0xb5, 0x77, 0x7e, 0xfc, 0xf0, 0x57, 0xdf, 0xf9, 0x18, 0x51, 0x71, 0x55, 0xa1, 
    0xd0, 0x13, 0x81, 0x8a, 0x6d, 0xaf, 0x31, 0x5b, 0xdf, 0x3d, 0xf7, 0x3b, 0x1c, 0x11, 0x81, 0x88, 
    0xd9, 0x1a, 0x63, 0x6e, 0x8d, 0xe1, 0xf0, 0xf6, 0xda, 0x77, 0xfd, 0x2c, 0xdf, 0x67, 0x49, 0x4d, 
    0xd1, 0x66, 0xfa, 0xb6, 0x1e, 0xfc, 0xea, 0x73, 0x8e, 0x02, 0x4c, 0xb8, 0x98, 0xb9, 0x3d, 0xdb, 
    0x5a, 0x8d, 0x7a, 0x7a, 0x50, 0x11, 0x66, 0x16, 0x35, 0xbc, 0xe7, 0xb4, 0x1e, 0xd1, 0x87, 0x5d, 
    0x59, 0x38, 0xfb, 0xac, 0xc3, 0xbb, 0x4e, 0x2f, 0x12, 0x63, 0x73, 0x7e, 0xc0, 0x82, 0x3b, 0x89, 
    0x57, 0x9e, 0x7b, 0xf2, 0xf1, 0x9e, 0xc3, 0x99, 0xfa, 0xa3, 0x78, 0x65, 0xec, 0x1c, 0x79, 0x38, 
    0x72, 0x7b, 0xe5, 0xd3, 0x07, 0x17, 0xc1, 0x8a, 0x6b, 0xca, 0xaf, 0x0b, 0x9a, 0x92, 0xc8, 0x27, 
    0xe6, 0xdc, 0xc8, 0x1f, 0x13, 0xcb, 0x93, 0xca, 0xa5, 0x4e, 0x2e, 0x9f, 0x7a, 0x62, 0x8a, 0x1c, 
    0xe5, 0x3c, 0x87, 0xb9, 0x5e, 0x24, 0xc6, 0x38, 0xec, 0x9c, 0xa9, 0x58, 0xb9, 0x33, 0x38, 0x62, 
    0x1e, 0x8d, 0x9f, 0x3d, 0x3c, 0xcb, 0x00, 0x49, 0x09, 0x81, 0x44, 0xf0, 0xd6, 0x0d, 0x26, 0x9d, 
    0x1c, 0xb3, 0x57, 0x13, 0x72, 0xc6, 0xe3, 0x05, 0xeb, 0x93, 0x5b, 0xc7, 0x73, 0x34, 0xf6, 0x13, 
    0x52, 0xb4, 0xe2, 0x99, 0x5c, 0x3e, 0x75, 0x08, 0xe3, 0xd4, 0x37, 0xfe, 0xf4, 0xd7, 0x0a, 0xc3, 
    0xd3, 0xa7, 0x68, 0x93, 0x73, 0xe8, 0xe1, 0x7c, 0xc7, 0x15, 0x6a, 0xc2, 0x9b, 0x73, 0xb0, 0x6f, 
    0xea, 0x18, 0x79, 0x3e, 0x3d, 0x7c, 0x44, 0x2a, 0x38, 0xcd, 0xdc, 0x75, 0xbb, 0x88, 0xc5, 0x5a, 
    0x3f, 0x15, 0xe7, 0x68, 0xc2, 0x75, 0xc6, 0xf1, 0xe4, 0xce, 0x74, 0x0d, 0xed, 0x5c, 0x1b, 0x31, 
    0xbc, 0xe7, 0x08, 0x47, 0x3d, 0x9e, 0x79, 0xd3, 0x87, 0x51, 0x1f, 0xa3, 0xdf, 0x5a, 0x62, 0xf9, 
    0xe9, 0x09, 0xa7, 0xd8, 0x44, 0x1c, 0xee, 0xa4, 0x9e, 0x59, 0xe4, 0x5c, 0xe6, 0xe1, 0xc6, 0x2d, 
    0x24, 0xe1, 0xad, 0xcf, 0x9e, 0x9c, 0x13, 0x9f, 0x3e, 0xbc, 0x73, 0xfc, 0x09, 0x34, 0xb6, 0xcf, 
    0x1e, 0x7b, 0x57, 0x6e, 0x5c, 0x5c, 0x3d, 0x9c, 0xbd, 0xb9, 0x02, 0x56, 0x51, 0x14, 0x45, 0x51, 
    0x14, 0x4f, 0x03, 0xc5, 0xab, 0xdf, 0x5f, 0xf1, 0xaa, 0xb8, 0x80, 0xf8, 0xe4, 0x13, 0x37, 0x0f, 
    0xff, 0xf6, 0xf7, 0x7c, 0x20, 0xbf, 0x52, 0x58, 0x5c, 0x3d, 0xb8, 0xb5, 0x65, 0x8b, 0x8b, 0x20, 
    0x83, 0xb1, 0xf5, 0x3d, 0xfd, 0xf6, 0x15, 0xdb, 0x66, 0xea, 0x6c, 0x87, 0xe5, 0x10, 0x47, 0xe4, 
    0xdd, 0x16, 0x87, 0xc3, 0xf2, 0x2b, 0x85, 0xf4, 0x65, 0x06, 0x3e, 0x7d, 0xf0, 0x0a, 0x29, 0xf6, 
    0x8e, 0x11, 0x93, 0x1f, 0xd7, 0xc1, 0x91, 0x8f, 0xc7, 0x5c, 0x6b, 0x8c, 0xd1, 0x80, 0xa7, 0xb6, 
    0xd7, 0x59, 0x87, 0xd2, 0x90, 0x3e, 0x62, 0x3d, 0x2e, 0x3e, 0xb9, 0xbd, 0x58, 0xd6, 0xc9, 0xa5, 
    0x77, 0x0c, 0x39, 0x81, 0xeb, 0x90, 0xe7, 0x3a, 0xc3, 0x9f, 0xcc, 0xd7, 0xc8, 0xad, 0xe7, 0xba, 
    0xe2, 0xe5, 0xc6, 0x48, 0xe1, 0xc6, 0xdb, 0x37, 0xd7, 0x48, 0x1e, 0x0e, 0x83, 0xf0, 0x5c, 0x47, 
    0xef, 0xf9, 0xf0, 0x5a, 0x7a, 0xce, 0xe6, 0x9b, 0x59, 0xe6, 0x94, 0x56, 0x5d, 0x51, 0x8c, 0x25, 
    0x5b, 0x0f, 0x1e, 0x6e, 0xc5, 0x62, 0x5d, 0x87, 0x5e, 0x4c, 0xac, 0x91, 0x00, 0x42, 0x38, 0xe0, 
    0xc1, 0x84, 0xc0, 0x1e, 0x11, 0x2f, 0x0f, 0x12, 0xef, 0x38, 0xf6, 0x3c, 0x1d, 0x38, 0x43, 0x8e, 
    0x0b, 0x93, 0x03, 0xa8, 0x15, 0x8f, 0x97, 0xc0, 0xeb, 0xcc, 0x08, 0x05, 0x6f, 0x01, 0xe6, 0x59, 
    0x86, 0x48, 0x4e, 0xac, 0x17, 0xba, 0x55, 0x5f, 0x31, 0x9f, 0x06, 0xc2, 0x0a, 0x07, 0x39, 0xc4, 
    0x20, 0x28, 0x6a, 0xf0, 0xc6, 0x3e, 0x20, 0xcc, 0x57, 0x3d, 0xc2, 0x10, 0x8b, 0x96, 0xb7, 0x66, 
    0x0f, 0x9f, 0x1e, 0x06, 0x8f, 0x88, 0xe3, 0x38, 0x39, 0xbd, 0xa2, 0x8d, 0x36, 0x7d, 0xf0, 0xbc, 
    0xf3, 0x7a, 0xfb, 0x66, 0x0d, 0xb3, 0xb7, 0x5c, 0x11, 0x2b, 0xbd, 0xe4, 0x7e, 0x42, 0xc6, 0xb1, 
    0xf0, 0x7c, 0x62, 0xf0, 0xf6, 0xc7, 0xe4, 0xe1, 0x70, 0xf1, 0xc7, 0x5c, 0x8f, 0xad, 0xf5, 0xf4, 
    0xce, 0x3a, 0xf2, 0x18, 0x42, 0x14, 0x3f, 0x31, 0x5e, 0xdf, 0xd4, 0x59, 0x43, 0x8f, 0xd7, 0x35, 
    0xb9, 0x46, 0x8c, 0xa5, 0xc7, 0x9c, 0x1b, 0x2c, 0xb3, 0x59, 0xab, 0x77, 0xbd, 0xfc, 0xbe, 0x4e, 
    0xb3, 0x97, 0x3e, 0x39, 0x7e, 0x1a, 0xc9, 0x31, 0xfc, 0xe9, 0xb7, 0xb0, 0x92, 0x33, 0xa3, 0xb8, 
    0x5a, 0x40, 0xc0, 0x7a, 0x57, 0x3f, 0xf7, 0xa2, 0x28, 0x8a, 0xa2, 0x28, 0xee, 0x08, 0xff, 0xe6, 
    0xd5, 0xdb, 0x5f, 0xfb, 0x12, 0xa2, 0xa2, 0xb8, 0x78, 0xf8, 0xef, 0x7f, 0xf6, 0x93, 0x87, 0x3f, 
    0xf7, 0x13, 0x8f, 0x12, 0x15, 0x57, 0x0d, 0x0a, 0x36, 0x23, 0x3c, 0x61, 0xc4, 0x6c, 0x79, 0x93, 
    0x5f, 0x57, 0xb8, 0xb9, 0x45, 0xae, 0x97, 0x63, 0x0b, 0xac, 0x77, 0x57, 0x1e, 0xe1, 0x0a, 0xaf, 
    0xb8, 0x33, 0x5b, 0x69, 0x8d, 0x1e, 0x72, 0xe3, 0xe1, 0x98, 0x81, 0xc9, 0x99, 0x6b, 0x72, 0x93, 
    0x7b, 0x5e, 0xe2, 0x70, 0x18, 0xf1, 0xb1, 0x4e, 0x2d, 0x9e, 0x35, 0x5c, 0x87, 0x7e, 0x8c, 0x9e, 
    0x5c, 0x0f, 0xb1, 0xeb, 0x57, 0x0f, 0xa6, 0xf7, 0x5a, 0xed, 0x71, 0xbd, 0xd7, 0x38, 0x3c, 0xd7, 
    0x10, 0x9e, 0x6d, 0x1c, 0x7c, 0xd6, 0x50, 0x33, 0x47, 0x6f, 0x80, 0x62, 0xa6, 0x71, 0x38, 0xea, 
    0x5b, 0x2c, 0x67, 0x6e, 0x7c, 0x9d, 0xd8, 0xf3, 0x2a, 0x48, 0xa1, 0x2c, 0xe0, 0xe1, 0x09, 0xaf, 
    0xf9, 0x6d, 0x2b, 0xbc, 0xdf, 0xba, 0xe2, 0x38, 0x6b, 0xe8, 0x67, 0x19, 0x1c, 0x71, 0x6a, 0x1c, 
    0x36, 0x2e, 0x73, 0x34, 0xe2, 0xd8, 0x16, 0xa7, 0x4e, 0xc0, 0x13, 0x4f, 0xbc, 0x72, 0x4c, 0x78, 
    0xee, 0xc4, 0xd4, 0x38, 0xf0, 0x20, 0xc7, 0x38, 0xf0, 0xc4, 0x03, 0xd9, 0x85, 0xf4, 0x6e, 0x58, 
    0xf5, 0xbb, 0x85, 0x93, 0x17, 0x38, 0xed, 0x0e, 0xe4, 0x24, 0x8e, 0x7a, 0xea, 0x84, 0x7a, 0xcd, 
    0x08, 0xa5, 0x24, 0xbd, 0x0a, 0x38, 0x22, 0xb1, 0x46, 0x5d, 0x21, 0x86, 0x10, 0xcf, 0xc1, 0x9c, 
    0xe3, 0xce, 0x69, 0xc4, 0x37, 0x30, 0xe3, 0xd4, 0x23, 0x54, 0xc1, 0x73, 0x90, 0xe3, 0x1d, 0x4e, 
    0x0f, 0x0c, 0x1c, 0xef, 0x2e, 0xe1, 0xcd, 0xdd, 0x43, 0x73, 0xce, 0x08, 0x5e, 0xf8, 0x99, 0x43, 
    0xce, 0x42, 0xd7, 0x4c, 0xac, 0x91, 0x13, 0x0f, 0xc7, 0x5a, 0xf2, 0xf0, 0x70, 0xde, 0x0d, 0x90, 
    0xc9, 0x47, 0xc4, 0xb2, 0xce, 0x70, 0x6b, 0xe1, 0xb9, 0x63, 0xc2, 0xb3, 0x16, 0xd3, 0xbb, 0xc6, 
    0x53, 0x9b, 0x7b, 0xde, 0xf4, 0x10, 0x6b, 0x11, 0x8d, 0xf0, 0xe9, 0x71, 0x3d, 0xde, 0x73, 0xa7, 
    0x47, 0xaf, 0x11, 0x53, 0x8a, 0x5f, 0x75, 0xcd, 0xdc, 0x9f, 0xaa, 0xc5, 0xad, 0x5e, 0x73, 0xe3, 
    0x70, 0xc9, 0xb9, 0x56, 0x7e, 0xb2, 0x72, 0x8d, 0x5b, 0x4d, 0xef, 0xb7, 0xb0, 0xbc, 0xd6, 0x1b, 
    0xf1, 0xe4, 0x70, 0xfb, 0xb5, 0x90, 0x1b, 0x17, 0x57, 0x0b, 0x67, 0x6f, 0xfe, 0x73, 0xef, 0xf2, 
    0x5e, 0x2b, 0x8a, 0xa2, 0x28, 0x8a, 0xa2, 0x38, 0x87, 0x7f, 0xeb, 0xab, 0x5e, 0x75, 0xf8, 0xd5, 
    0x5f, 0xf8, 0x10, 0x51, 0x51, 0x5c, 0x5c, 0xf8, 0x2d, 0xac, 0x0f, 0x3c, 0x7e, 0x83, 0xa8, 0xb8, 
    0x2a, 0x70, 0x4b, 0xcb, 0xd6, 0x16, 0xb1, 0x06, 0xbb, 0x95, 0x2d, 0x72, 0xf2, 0x08, 0x54, 0x08, 
    0x26, 0x6e, 0x9b, 0x15, 0xb3, 0x52, 0x27, 0x5e, 0x75, 0xe3, 0x78, 0xf8, 0xf4, 0xc4, 0xc8, 0xf5, 
    0x70, 0x7b, 0x8c, 0x4f, 0x1d, 0x4e, 0x71, 0x66, 0x66, 0x79, 0x5e, 0x3d, 0xc6, 0x39, 0x3d, 0x4f, 
    0xfa, 0x36, 0x8f, 0xa4, 0x00, 0xb7, 0xe5, 0x5b, 0xbf, 0xb9, 0xf3, 0x66, 0x1d, 0x79, 0xbc, 0x39, 
    0x3d, 0x78, 0x73, 0x68, 0x62, 0x3c, 0x41, 0x78, 0xb8, 0xa9, 0x91, 0xeb, 0xa9, 0x39, 0x43, 0x63, 
    0x3f, 0x8f, 0x1e, 0x64, 0x2f, 0x31, 0x46, 0x4a, 0x1d, 0x8f, 0x21, 0x4d, 0xe0, 0xc9, 0xe3, 0x31, 
    0xe6, 0xcc, 0x4c, 0x2c, 0xf9, 0x5a, 0x43, 0x2f, 0x02, 0x15, 0x21, 0xf3, 0xc6, 0x2b, 0x72, 0x79, 
    0xee, 0x33, 0x16, 0x78, 0xad, 0xae, 0xc9, 0x0c, 0xcc, 0x18, 0x1a, 0x3f, 0xb1, 0x0b, 0xf4, 0xb1, 
    0xc4, 0x18, 0x17, 0x92, 0x9c, 0xf7, 0xc5, 0xd8, 0x6b, 0x31, 0x17, 0xab, 0x87, 0x88, 0xd8, 0xe3, 
    0x60, 0xb8, 0x81, 0xbc, 0x38, 0xe5, 0x48, 0x36, 0x9c, 0x70, 0xe7, 0xb0, 0x35, 0x9c, 0x94, 0x3d, 
    0x93, 0xe0, 0x32, 0x76, 0xec, 0x9c, 0xe6, 0x81, 0x48, 0x4e, 0x21, 0x47, 0x84, 0x32, 0x47, 0xdd, 
    0x51, 0xd8, 0x31, 0x4f, 0x2c, 0x47, 0x4f, 0x72, 0x8c, 0x62, 0xfc, 0xf0, 0x7a, 0xc5, 0x1c, 0xde, 
    0x2d, 0xcc, 0x98, 0x77, 0x0b, 0x7e, 0x66, 0x8f, 0x38, 0x05, 0xb7, 0x79, 0x94, 0x98, 0xbc, 0xab, 
    0xce, 0x5b, 0x3e, 0x6b, 0x38, 0xf8, 0xe9, 0x3a, 0x43, 0x5e, 0xf1, 0xc8, 0x6b, 0x49, 0xae, 0x91, 
    0xa5, 0x57, 0xe3, 0x8d, 0xf5, 0xba, 0xd2, 0xa7, 0x21, 0xf8, 0xc8, 0x43, 0x11, 0xeb, 0xc9, 0xe1, 
    0x33, 0xd3, 0x9a, 0x3c, 0x9c, 0x35, 0x79, 0xfd, 0xe4, 0xcc, 0xd4, 0x87, 0xc3, 0x93, 0x2b, 0x14, 
    0x65, 0x96, 0xf9, 0xb6, 0x2e, 0x39, 0x3e, 0xeb, 0x78, 0x5f, 0xac, 0x65, 0xdd, 0x6d, 0xfd, 0x99, 
    0x2d, 0xbf, 0x3c, 0xdc, 0x1e, 0xe3, 0x53, 0x0f, 0xa7, 0x11, 0xe3, 0x33, 0xc7, 0x58, 0xde, 0x59, 
    0x89, 0x11, 0xb1, 0xf8, 0x09, 0xde, 0xeb, 0xdb, 0x39, 0x27, 0x2f, 0xae, 0x12, 0x2a, 0x60, 0x15, 
    0x45, 0x51, 0x14, 0x45, 0xf1, 0x14, 0x54, 0xbc, 0x2a, 0x2e, 0x0b, 0xde, 0xf1, 0xe1, 0xcf, 0x1c, 
    0xfe, 0xc0, 0x0f, 0x7e, 0x98, 0xa8, 0xb8, 0x2a, 0x50, 0x58, 0x89, 0x48, 0xe4, 0xf6, 0x96, 0x98, 
    0xad, 0x2e, 0x5b, 0x5f, 0xc4, 0xab, 0x5b, 0xf0, 0x6c, 0x77, 0xf7, 0x6f, 0x5f, 0x99, 0x13, 0x5b, 
    0x4f, 0x4e, 0x2d, 0x79, 0x78, 0x0c, 0xce, 0x2d, 0x73, 0xfa, 0xc3, 0xe1, 0x4f, 0x7a, 0x14, 0x5f, 
    0xec, 0x49, 0xee, 0x79, 0x13, 0xdf, 0xca, 0x1a, 0xe3, 0xbd, 0x6e, 0x2d, 0x3d, 0x5b, 0x4e, 0xf3, 
    0x78, 0x66, 0xe0, 0xd9, 0x8b, 0x93, 0x5b, 0xc3, 0xec, 0x33, 0xf7, 0xfa, 0xa9, 0xaf, 0x7c, 0xad, 
    0x35, 0xbe, 0x4e, 0x9c, 0xd9, 0xd4, 0x5c, 0x33, 0x31, 0x3d, 0xac, 0x31, 0xd6, 0xe6, 0x9c, 0x78, 
    0x2c, 0x92, 0x04, 0x75, 0xaf, 0xcb, 0xf5, 0xae, 0xc3, 0x4d, 0x4c, 0x6d, 0xfa, 0xc7, 0xdb, 0xbb, 
    0xf3, 0x64, 0x8a, 0x58, 0xce, 0xb2, 0x96, 0x6b, 0x88, 0x37, 0xa7, 0x27, 0xb1, 0x06, 0x12, 0xe3, 
    0xb0, 0xcc, 0x27, 0x88, 0xe5, 0x7d, 0x82, 0xd4, 0x40, 0xfa, 0xd3, 0x8b, 0xa5, 0x20, 0xa7, 0x79, 
    0x6e, 0xbc, 0x09, 0x48, 0x9e, 0x18, 0x0f, 0x12, 0x9e, 0x00, 0xb9, 0x8b, 0xe3, 0x33, 0x43, 0xc9, 
    0xe8, 0x14, 0xc7, 0x8c, 0xf5, 0x24, 0x5c, 0x05, 0x31, 0x9e, 0x58, 0x98, 0x6f, 0x21, 0x9c, 0xab, 
    0xc9, 0x11, 0x4f, 0xf4, 0x01, 0x45, 0x68, 0x04, 0x23, 0x38, 0x3d, 0xa6, 0x90, 0x82, 0x8b, 0x51, 
    0x88, 0xb7, 0x5f, 0xd1, 0xc5, 0x3a, 0xcf, 0x89, 0xe1, 0x9c, 0xa5, 0x08, 0x14, 0xf1, 0x0a, 0xcf, 
    0x3b, 0x05, 0x47, 0x10, 0x6f, 0xed, 0xd4, 0xd3, 0x47, 0x25, 0xf3, 0x09, 0xb8, 0x83, 0x89, 0x21, 
    0xa8, 0x39, 0x2f, 0x46, 0x66, 0x7f, 0x0c, 0xb1, 0xc7, 0xba, 0xb1, 0xeb, 0x67, 0x9d, 0xc2, 0x0f, 
    0x35, 0xf8, 0xed, 0x6e, 0x99, 0x98, 0x5a, 0xd6, 0xb3, 0x66, 0xcf, 0xa9, 0x69, 0xe6, 0x7c, 0xd2, 
    0x70, 0xe6, 0x7a, 0xea, 0x78, 0xd7, 0x4e, 0xdf, 0x96, 0x6f, 0xf5, 0xb9, 0xae, 0x89, 0x69, 0x25, 
    0x26, 0x37, 0x86, 0xf3, 0x7d, 0x9a, 0x7c, 0xf3, 0xe4, 0x7e, 0xab, 0x2a, 0x6b, 0xb4, 0xdb, 0x7b, 
    0xe0, 0xe6, 0xdc, 0x98, 0x3c, 0xb1, 0xfd, 0xa9, 0x91, 0x2b, 0x62, 0x4d, 0x9d, 0x5c, 0xcf, 0xf5, 
    0x1b, 0x17, 0x57, 0x07, 0x67, 0x5f, 0xf4, 0xe7, 0xde, 0xe5, 0x7d, 0x56, 0x14, 0x45, 0x51, 0x14, 
    0x45, 0x11, 0x28, 0x5c, 0xfd, 0x76, 0x04, 0xac, 0xa2, 0xb8, 0x2c, 0xf8, 0xb6, 0x1f, 0xfb, 0xd8, 
    0xe1, 0x7f, 0x7e, 0xcf, 0xe3, 0x44, 0xc5, 0x55, 0x80, 0x42, 0x8d, 0x22, 0x8a, 0xa2, 0xd3, 0xb6, 
    0xcd, 0x85, 0x63, 0xcb, 0xbc, 0x09, 0x27, 0x23, 0x0e, 0x61, 0xc4, 0xab, 0x6e, 0xac, 0x8f, 0x58, 
    0x95, 0x18, 0x21, 0xca, 0x3f, 0xe2, 0xce, 0x0c, 0xd7, 0x59, 0x93, 0x4b, 0x7f, 0x72, 0xe2, 0xf4, 
    0x32, 0x97, 0xdd, 0x54, 0xe6, 0x2d, 0xde, 0x1e, 0xfc, 0x70, 0x6c, 0xb8, 0x72, 0x3e, 0x72, 0xf9, 
    0x78, 0x7a, 0xac, 0xe1, 0xf7, 0x7c, 0xd5, 0xe8, 0xf7, 0xfa, 0x14, 0x79, 0x5c, 0xaf, 0x50, 0xb3, 
    0x7a, 0xe5, 0xb2, 0x7d, 0xc7, 0x4f, 0x8d, 0xd9, 0x78, 0x05, 0x26, 0x67, 0x5b, 0x8f, 0x99, 0xe3, 
    0xb5, 0xbc, 0x5e, 0x88, 0xd5, 0xaf, 0x9f, 0x59, 0x67, 0xf1, 0x5c, 0x5c, 0xbc, 0xbf, 0x32, 0x78, 
    0x86, 0x10, 0xe0, 0xaf, 0x10, 0x92, 0xe2, 0xe1, 0x08, 0xa6, 0x8f, 0x5a, 0xd6, 0x9a, 0x63, 0xc4, 
    0xd0, 0xf0, 0xc4, 0x2b, 0xc7, 0x18, 0xb0, 0xf5, 0x18, 0x6e, 0xde, 0xdc, 0x12, 0xbd, 0x90, 0xe4, 
    0x66, 0x84, 0x31, 0x73, 0x78, 0xa2, 0x63, 0x6c, 0x36, 0x90, 0xf5, 0xe9, 0xba, 0x05, 0xfb, 0x9e, 
    0x0b, 0x98, 0xce, 0x71, 0x03, 0xaf, 0x13, 0x82, 0x27, 0x07, 0x30, 0x47, 0x3c, 0xfc, 0xf4, 0x51, 
    0xd9, 0xe2, 0x63, 0x8d, 0xe8, 0x84, 0x4b, 0x9d, 0x40, 0xf1, 0x45, 0x1f, 0x11, 0x05, 0x23, 0x1c, 
    0x23, 0xf6, 0x5d, 0xb3, 0xc6, 0x13, 0x4f, 0x8e, 0x19, 0xe7, 0x13, 0xa0, 0xe0, 0x2c, 0xbf, 0x8d, 
    0x85, 0xc3, 0xc3, 0xf1, 0x3a, 0xfd, 0x95, 0x42, 0xd7, 0x91, 0xc4, 0xdb, 0xa7, 0x57, 0xd0, 0xc9, 
    0x5a, 0xbc, 0x82, 0x52, 0xd6, 0xda, 0x83, 0x91, 0xd2, 0x87, 0xc7, 0x9c, 0xcd, 0x27, 0x48, 0x7c, 
    0xda, 0xaf, 0xf0, 0xb3, 0xea, 0x7a, 0x6b, 0xcc, 0xd5, 0xcb, 0x45, 0x04, 0xb2, 0x97, 0x5a, 0xd6, 
    0xc3, 0x11, 0xeb, 0xed, 0xd5, 0x4f, 0x4e, 0x8c, 0x5f, 0x42, 0x99, 0xeb, 0xad, 0x9d, 0x5b, 0x23, 
    0xc7, 0xe5, 0xfb, 0x13, 0x77, 0xba, 0x76, 0xef, 0xd1, 0x9b, 0xf3, 0xbe, 0xe5, 0x8f, 0xb8, 0x87, 
    0x23, 0x4f, 0xaf, 0x66, 0xce, 0x75, 0x61, 0x89, 0xe5, 0x39, 0xdf, 0x7a, 0xbd, 0x0a, 0x58, 0x7b, 
    0x9d, 0x19, 0xd6, 0xf9, 0x09, 0xe4, 0x95, 0x16, 0x57, 0x05, 0x15, 0xb0, 0x8a, 0xa2, 0x28, 0x8a, 
    0xa2, 0xd8, 0xf1, 0xa5, 0xaf, 0x7c, 0xf0, 0xf0, 0xfb, 0xbf, 0xee, 0x35, 0x87, 0x97, 0x3f, 0xd0, 
    0xff, 0x20, 0x2c, 0x2e, 0x0f, 0x3e, 0xf9, 0xe4, 0xcd, 0xc3, 0x1f, 0xfc, 0x81, 0x8f, 0x1c, 0x7e, 
    0xe6, 0xe3, 0x4f, 0x90, 0x15, 0x97, 0x19, 0x0a, 0x28, 0x0a, 0x40, 0x6c, 0x6f, 0x23, 0x88, 0xe8, 
    0x23, 0x5e, 0xdd, 0x72, 0x0b, 0x4c, 0x1e, 0x01, 0x07, 0x33, 0x47, 0xa0, 0xda, 0xb6, 0xc2, 0x18, 
    0x9e, 0xda, 0x19, 0xbc, 0x33, 0xb2, 0x06, 0x2e, 0x02, 0x51, 0x38, 0xfc, 0x69, 0x8e, 0xd0, 0xe3, 
    0x79, 0xd8, 0x43, 0xc3, 0x13, 0x6f, 0xfc, 0x3a, 0xa7, 0x33, 0xe2, 0xb9, 0xa6, 0xac, 0x31, 0xa7, 
    0x5f, 0x31, 0x29, 0x39, 0xb3, 0x52, 0x27, 0xd7, 0xcf, 0x3a, 0x6c, 0xf3, 0xd3, 0x73, 0xec, 0xd5, 
    0xfb, 0x17, 0x82, 0xac, 0xcf, 0xeb, 0xc0, 0xc3, 0xd9, 0xb3, 0xd6, 0xc7, 0xcc, 0xf1, 0xda, 0xf4, 
    0x99, 0x53, 0x0f, 0x6f, 0x3f, 0x3c, 0x17, 0x3d, 0x7e, 0xf8, 0x53, 0xf1, 0x8a, 0x65, 0xe4, 0xd4, 
    0xa8, 0xbb, 0x56, 0xef, 0xdf, 0xb9, 0x12, 0x99, 0xb9, 0x71, 0x89, 0xe1, 0x8c, 0x39, 0xf0, 0x84, 
    0xe3, 0x62, 0x7c, 0xff, 0xd0, 0x1b, 0xc8, 0x35, 0x62, 0xfa, 0x90, 0x53, 0xf0, 0x91, 0xa3, 0x30, 
    0x63, 0x39, 0x72, 0x7c, 0x72, 0x32, 0x01, 0xc3, 0x49, 0xac, 0x19, 0x2f, 0x7f, 0x04, 0x23, 0x76, 
    0xac, 0xfa, 0x33, 0xe1, 0x38, 0x9d, 0xf8, 0x64, 0xc9, 0x0a, 0xf7, 0x3a, 0xaa, 0x8b, 0xa2, 0x8e, 
    0xf0, 0x28, 0xaf, 0xb8, 0x63, 0xa4, 0x4f, 0x6e, 0x96, 0x21, 0xc4, 0xa7, 0x1c, 0x8a, 0x91, 0x82, 
    0x8c, 0x7f, 0xbf, 0x4a, 0x8e, 0x03, 0xcf, 0xa9, 0x29, 0xba, 0x24, 0x26, 0x31, 0x16, 0xe7, 0xfe, 
    0xae, 0x15, 0x3e, 0xdf, 0xc6, 0xa2, 0x74, 0x2a, 0x62, 0x51, 0x62, 0x4d, 0x3e, 0x59, 0x3c, 0x62, 
    0x13, 0x5e, 0xb1, 0x46, 0x5e, 0xbf, 0xd6, 0x3a, 0x53, 0x23, 0xa5, 0x0f, 0x8f, 0xf9, 0x29, 0x73, 
    0x29, 0xc4, 0x78, 0xf2, 0xd5, 0xe7, 0x2f, 0x52, 0x87, 0x23, 0x1f, 0x7f, 0xcc, 0xad, 0xeb, 0xf7, 
    0xf5, 0x0c, 0x8c, 0x0f, 0x87, 0x37, 0xe7, 0x83, 0xb5, 0x2f, 0x39, 0x6b, 0x53, 0x27, 0xd7, 0x67, 
    0x9d, 0xef, 0x41, 0x6a, 0xe6, 0xd4, 0xed, 0xe7, 0xb5, 0xc8, 0xcf, 0x9a, 0xad, 0x7e, 0x92, 0x47, 
    0x90, 0x62, 0x6d, 0xde, 0xbf, 0x8d, 0x73, 0xbd, 0xfe, 0x96, 0x02, 0x97, 0xbc, 0x39, 0xb5, 0xbc, 
    0x0e, 0xf2, 0xac, 0x81, 0xcb, 0x39, 0xf1, 0x39, 0x0f, 0x71, 0x71, 0x35, 0x70, 0xf6, 0x45, 0xff, 
    0xdf, 0x9f, 0xe1, 0xf6, 0x2a, 0x8a, 0xa2, 0x28, 0x8a, 0xe2, 0xaa, 0xe3, 0x15, 0x0f, 0x9c, 0xe5, 
    0x5f, 0x1c, 0xfc, 0x92, 0x47, 0x1e, 0x20, 0x2b, 0x8a, 0xcb, 0x85, 0x9f, 0x7d, 0xf4, 0xc9, 0xc3, 
    0xef, 0xf9, 0xbe, 0x0f, 0x11, 0x15, 0x97, 0x19, 0xd9, 0xda, 0x22, 0xcc, 0x28, 0x16, 0xb1, 0x05, 
    0x76, 0x7b, 0x0b, 0x87, 0x18, 0x85, 0x30, 0x90, 0x1c, 0x3e, 0x75, 0xe2, 0x6d, 0xfb, 0xbb, 0x19, 
    0xf9, 0xc6, 0x67, 0x06, 0x96, 0xfe, 0x8d, 0x1b, 0x71, 0x6a, 0x66, 0xb1, 0x87, 0x86, 0xa3, 0x4e, 
    0x2e, 0xef, 0xec, 0x18, 0xb3, 0xc3, 0x71, 0x1d, 0xae, 0x73, 0x8e, 0x22, 0xcd, 0xf4, 0xc0, 0x13, 
    0x67, 0xa6, 0xb6, 0xe5, 0xd6, 0xd2, 0xf3, 0x94, 0x1c, 0x9f, 0xf5, 0xce, 0x22, 0x77, 0x0d, 0x79, 
    0x62, 0xb8, 0x9c, 0x67, 0xeb, 0x25, 0x85, 0xb3, 0xd7, 0x1a, 0x46, 0x9e, 0xd8, 0x35, 0xf0, 0xfa, 
    0xcc, 0xc1, 0xe7, 0x9b, 0x55, 0xec, 0xfe, 0x14, 0xad, 0xec, 0x33, 0x91, 0xb7, 0x9f, 0x16, 0xfc, 
    0xf4, 0x99, 0xeb, 0x9d, 0x27, 0xa7, 0x79, 0x7e, 0x7d, 0x5e, 0x03, 0xbc, 0x91, 0x7d, 0x9a, 0xbd, 
    0x94, 0x88, 0xb5, 0x89, 0x9d, 0xad, 0x8f, 0xed, 0x31, 0x3e, 0xd7, 0xc0, 0x5a, 0xf2, 0x1c, 0x52, 
    0x73, 0x1e, 0x21, 0x39, 0xcf, 0x60, 0x71, 0xc2, 0xf5, 0x1c, 0xd7, 0xf3, 0x59, 0xc1, 0x95, 0xeb, 
    0xa0, 0xe8, 0xb1, 0xe0, 0x59, 0x85, 0x25, 0xde, 0xca, 0x20, 0x9c, 0x3d, 0xe4, 0x3c, 0x09, 0x59, 
    0xa3, 0xc0, 0x04, 0x9f, 0x9c, 0x5a, 0x3c, 0x46, 0x31, 0x3e, 0x1c, 0x01, 0x4f, 0xdf, 0x21, 0xe2, 
    0x31, 0x19, 0x85, 0x95, 0xac, 0xa5, 0xe8, 0x3b, 0xae, 0xd7, 0xe4, 0x57, 0xef, 0x78, 0x78, 0x57, 
    0x6c, 0xb9, 0xb3, 0x15, 0x89, 0x22, 0x66, 0x91, 0xfa, 0x4d, 0x2d, 0x79, 0xfb, 0xf4, 0x0a, 0x3a, 
    0xfa, 0xe9, 0x87, 0xc3, 0x27, 0x86, 0xa7, 0x65, 0x62, 0xde, 0xcc, 0x08, 0x45, 0x10, 0xd6, 0x3d, 
    0xbf, 0x6b, 0x8c, 0x9d, 0xe3, 0xa7, 0x36, 0x31, 0x1c, 0xbd, 0xc6, 0x59, 0xaf, 0x3f, 0xc9, 0x5d, 
    0xe3, 0x6b, 0xd8, 0x73, 0x6a, 0xf6, 0xf0, 0x53, 0x35, 0x79, 0xce, 0x87, 0xdf, 0x84, 0xa4, 0x58, 
    0x7a, 0xc8, 0xe9, 0xf1, 0x5c, 0x8a, 0x4e, 0xc9, 0xe1, 0x9d, 0xe7, 0xba, 0xcc, 0xa4, 0x9e, 0x39, 
    0xc4, 0xa9, 0xe3, 0xe5, 0xb4, 0x5c, 0x9f, 0xb9, 0x3c, 0xb3, 0xd3, 0xcf, 0x6c, 0x67, 0x4d, 0x9d, 
    0x1c, 0xde, 0xba, 0x33, 0x8a, 0xab, 0x81, 0x0a, 0x58, 0x45, 0x51, 0x14, 0x45, 0x51, 0x04, 0xff, 
    0xc7, 0xb7, 0x3e, 0x7c, 0xf8, 0x96, 0xb7, 0xbd, 0x82, 0xa8, 0x28, 0x2e, 0x27, 0xbe, 0xeb, 0x9d, 
    0x9f, 0x38, 0xfc, 0xb5, 0x9f, 0x7a, 0x8c, 0xa8, 0xb8, 0x8c, 0x60, 0x9f, 0xcf, 0xd6, 0xd6, 0xad, 
    0x2c, 0xdb, 0x5e, 0x84, 0x07, 0xbd, 0xa2, 0x92, 0x9c, 0xb5, 0x11, 0x73, 0x30, 0xb8, 0x08, 0x40, 
    0x87, 0xad, 0x67, 0xf3, 0x6c, 0xa1, 0xd3, 0xab, 0x38, 0x23, 0x97, 0x1e, 0x7a, 0x57, 0x9e, 0x6d, 
    0x32, 0xb1, 0x7d, 0xe9, 0x27, 0x1e, 0x9e, 0x1e, 0x7d, 0xbe, 0xd1, 0xb5, 0xce, 0x63, 0x1f, 0x9e, 
    0x13, 0x4f, 0x1d, 0xa3, 0xff, 0xdc, 0x1a, 0x62, 0xca, 0x78, 0xe2, 0x8d, 0x63, 0x7f, 0xbf, 0xe7, 
    0xe9, 0xd5, 0x88, 0xad, 0x25, 0xc6, 0x68, 0xc1, 0x8c, 0xe9, 0x27, 0x8e, 0x87, 0x9f, 0x9a, 0x1e, 
    0x2e, 0x5e, 0x7e, 0x8b, 0xb5, 0x08, 0x47, 0xac, 0x7d, 0x1a, 0xf1, 0x2a, 0x75, 0xbd, 0xeb, 0xe8, 
    0x3b, 0xe6, 0x7a, 0x7a, 0xe3, 0x59, 0xc6, 0x21, 0x6b, 0x34, 0xf3, 0x55, 0x23, 0xe1, 0xc9, 0x81, 
    0x58, 0xa7, 0xad, 0x58, 0xaf, 0x21, 0x40, 0xd8, 0x47, 0x00, 0x8f, 0x19, 0x03, 0x9d, 0xb9, 0x08, 
    0x87, 0xf1, 0x0c, 0x76, 0x1e, 0x3b, 0x82, 0x8c, 0x19, 0x9f, 0x15, 0x9c, 0x8b, 0x03, 0x36, 0x58, 
    0x11, 0x67, 0xe5, 0xa8, 0x07, 0x1c, 0x14, 0x58, 0x84, 0xfc, 0x16, 0x86, 0x33, 0x77, 0x46, 0x62, 
    0xce, 0xa5, 0x68, 0x13, 0x4b, 0x7d, 0xf3, 0x18, 0xc5, 0x78, 0xfb, 0x14, 0x58, 0x5c, 0x47, 0x48, 
    0x8e, 0x8f, 0x11, 0x93, 0xaf, 0xda, 0x78, 0x72, 0x44, 0x29, 0x42, 0x72, 0x3f, 0x05, 0xbc, 0x39, 
    0xde, 0x35, 0x7c, 0x02, 0x04, 0x7a, 0xdc, 0x6d, 0x22, 0x96, 0xe6, 0x4c, 0xd7, 0x19, 0x2b, 0x50, 
    0xed, 0x73, 0x31, 0x79, 0xa8, 0xcd, 0xc3, 0x25, 0x96, 0xc7, 0xf8, 0xc4, 0x67, 0x0d, 0x3c, 0x36, 
    0x31, 0x7d, 0x34, 0x1d, 0x6b, 0xe4, 0x6b, 0xcd, 0xc6, 0xa5, 0x57, 0x4b, 0x8e, 0xd1, 0xc0, 0xa7, 
    0x4e, 0x0c, 0x47, 0xbf, 0xd7, 0x79, 0xd3, 0x6f, 0x4c, 0x99, 0x6f, 0x7c, 0xd6, 0x10, 0x7b, 0x0d, 
    0xb3, 0x76, 0xab, 0x1b, 0x23, 0x3c, 0xed, 0x82, 0x15, 0xb9, 0xa2, 0x54, 0xfa, 0xe8, 0x0f, 0xb7, 
    0xf9, 0xf4, 0xd0, 0x9b, 0x9c, 0x98, 0xd3, 0xa6, 0x77, 0x71, 0xeb, 0x1c, 0x72, 0xd6, 0x8a, 0xcb, 
    0x8f, 0x0a, 0x58, 0x45, 0x51, 0x14, 0x45, 0x51, 0x1c, 0x5e, 0xff, 0xd0, 0xf5, 0xc3, 0x9f, 0xfe, 
    0xa6, 0xd7, 0x11, 0x15, 0xc5, 0xe5, 0xc6, 0xef, 0xf8, 0x9e, 0x0f, 0xf6, 0x5f, 0x25, 0xbc, 0xa4, 
    0x50, 0x44, 0x89, 0x00, 0x85, 0xe8, 0xc4, 0xd6, 0x97, 0x6d, 0x2d, 0x5b, 0x5b, 0xc4, 0x18, 0xb6, 
    0xbb, 0x93, 0xc3, 0x9b, 0xb3, 0xed, 0x25, 0xd7, 0x2f, 0x23, 0x87, 0xb7, 0xcf, 0x58, 0x2e, 0xfd, 
    0x70, 0xc9, 0xd9, 0xdd, 0x5f, 0xbb, 0xb6, 0xcd, 0x45, 0x48, 0x48, 0xdd, 0x9a, 0x7c, 0xce, 0xb9, 
    0xe5, 0xf6, 0x6a, 0x5b, 0xac, 0x60, 0xa3, 0xb7, 0xdf, 0xbe, 0xe4, 0x59, 0x33, 0xf9, 0xe2, 0x57, 
    0x4f, 0x66, 0x5b, 0x23, 0x57, 0x9c, 0x41, 0x3f, 0x82, 0x63, 0xbe, 0x1c, 0x5e, 0x5e, 0x9f, 0x6b, 
    0x8f, 0x9f, 0x7e, 0x7b, 0xe6, 0x7a, 0x35, 0x38, 0x63, 0x7a, 0xd8, 0xe3, 0xe3, 0x8d, 0x31, 0x86, 
    0x51, 0x86, 0x63, 0x2d, 0xeb, 0x4c, 0xec, 0x77, 0xdd, 0x9c, 0x97, 0x3c, 0xf1, 0xf2, 0x72, 0xb4, 
    0x11, 0xe7, 0x1c, 0x2c, 0xb1, 0x47, 0x26, 0x3d, 0x98, 0xb5, 0xe9, 0xc3, 0x5b, 0xf2, 0x1c, 0xb8, 
    0x18, 0x44, 0xe6, 0xc8, 0x21, 0x32, 0xc8, 0x4d, 0xdd, 0x46, 0xeb, 0x98, 0x9e, 0xdc, 0x5e, 0x0e, 
    0xc4, 0x38, 0x72, 0x61, 0x9c, 0xa3, 0x35, 0x90, 0x9e, 0x1d, 0xf0, 0xcf, 0x0a, 0xc7, 0xb5, 0x0a, 
    0x1e, 0x41, 0x3c, 0xa2, 0x14, 0x47, 0xc1, 0x55, 0x60, 0x80, 0xcf, 0xc7, 0x9e, 0x95, 0x93, 0x06, 
    0xe6, 0xa8, 0x26, 0x78, 0x62, 0xae, 0xc5, 0x6f, 0x65, 0xf9, 0xae, 0x4c, 0x2f, 0x1c, 0x96, 0xba, 
    0x6d, 0x1c, 0x5c, 0xe7, 0x9a, 0x89, 0x21, 0xc9, 0x12, 0x13, 0x8d, 0x10, 0x63, 0x0d, 0x16, 0x5b, 
    0x73, 0xf4, 0xe9, 0x81, 0x9b, 0x3a, 0xeb, 0x30, 0xc5, 0xa1, 0x3b, 0x8a, 0x58, 0x14, 0xfc, 0x34, 
    0x8d, 0x9d, 0x65, 0xbf, 0xeb, 0x32, 0x2b, 0xe7, 0x58, 0x1c, 0x3d, 0xf8, 0xe9, 0x43, 0x2c, 0xb2, 
    0x86, 0x67, 0x14, 0x83, 0xf1, 0xe1, 0xe5, 0xe8, 0xb7, 0x37, 0x39, 0x66, 0xac, 0xa7, 0xe6, 0x37, 
    0xa7, 0xb2, 0x46, 0x93, 0xa7, 0x27, 0x39, 0x3e, 0x75, 0x3d, 0xa6, 0xe0, 0xc4, 0x4f, 0x0a, 0x1c, 
    0x79, 0xd6, 0x10, 0x93, 0x67, 0x36, 0x37, 0xe4, 0xcd, 0x9b, 0xfc, 0xb4, 0xc0, 0xdb, 0xeb, 0x3a, 
    0xaf, 0xd7, 0xba, 0xb9, 0xeb, 0xa6, 0x7f, 0x71, 0xe4, 0x58, 0x72, 0x79, 0xd6, 0xdb, 0x6f, 0x5f, 
    0x72, 0xbc, 0xb9, 0xbc, 0x02, 0x96, 0xe7, 0x2c, 0x2e, 0x3f, 0xce, 0xbe, 0xb8, 0x02, 0x56, 0x51, 
    0x14, 0x45, 0x51, 0x5c, 0x79, 0xfc, 0xbe, 0x5f, 0xf9, 0x9a, 0xc3, 0x57, 0xbe, 0xf6, 0x25, 0x44, 
    0x45, 0x71, 0xb9, 0xf1, 0xe3, 0x1f, 0xfe, 0xcc, 0xe1, 0x0f, 0xfd, 0xe0, 0x47, 0x88, 0x8a, 0xcb, 
    0x04, 0xb7, 0xae, 0xd9, 0xd2, 0x22, 0xb6, 0x28, 0x34, 0xed, 0x5e, 0xee, 0xc0, 0x36, 0xd8, 0xdc, 
    0x18, 0x4e, 0x31, 0x24, 0x71, 0x2c, 0x5b, 0xe0, 0xf8, 0x88, 0x5f, 0xd4, 0xd8, 0x76, 0xe3, 0xe1, 
    0xe8, 0x35, 0x9f, 0x3e, 0x8c, 0xd8, 0x5a, 0xfa, 0x89, 0xb3, 0x86, 0xbe, 0xf9, 0x23, 0xed, 0x98, 
    0xd7, 0x80, 0xb7, 0x67, 0xfa, 0xc9, 0xe3, 0xb1, 0x70, 0x18, 0x71, 0xce, 0xcf, 0x8e, 0x3e, 0x33, 
    0xf6, 0x9c, 0x5e, 0x62, 0xb9, 0x83, 0x1e, 0x67, 0xee, 0xdf, 0x9f, 0x92, 0x9b, 0x99, 0x18, 0x9c, 
    0x39, 0xca, 0x03, 0xeb, 0xe8, 0xc1, 0x2f, 0xee, 0x98, 0x6f, 0x46, 0x9c, 0x75, 0x0c, 0x23, 0xc5, 
    0x73, 0x2e, 0x56, 0x7a, 0xfd, 0xec, 0xf9, 0x53, 0xf7, 0x1a, 0x3d, 0xbf, 0x7d, 0x7a, 0xbf, 0xc7, 
    0x32, 0x1c, 0x66, 0x1f, 0xde, 0x3e, 0x6b, 0xc3, 0x33, 0x08, 0x0c, 0x37, 0xb9, 0xe7, 0x22, 0x0c, 
    0xcc, 0x8d, 0x73, 0x2e, 0x04, 0x05, 0xe3, 0x88, 0x58, 0xf4, 0x73, 0xf0, 0x89, 0x91, 0xd3, 0xc7, 
    0x81, 0x18, 0x67, 0x8e, 0x37, 0x1a, 0x1e, 0x0b, 0x16, 0xbb, 0x40, 0xc4, 0x73, 0x3b, 0x3c, 0x0b, 
    0x30, 0x8f, 0xe7, 0x76, 0xd8, 0x8e, 0x62, 0x8b, 0xb8, 0x4e, 0xc5, 0x18, 0x02, 0x1e, 0x1e, 0xc9, 
    0xf1, 0x90, 0x3c, 0x8d, 0x35, 0xc0, 0x21, 0x31, 0xca, 0x0f, 0x21, 0xcb, 0x10, 0xa5, 0x14, 0x96, 
    0x8c, 0xe9, 0x13, 0xc6, 0x0a, 0x29, 0xe6, 0x2c, 0xf7, 0x1d, 0x84, 0x81, 0x27, 0x57, 0x64, 0x8a, 
    0x87, 0xb3, 0xc6, 0x3b, 0x17, 0x2f, 0xef, 0x77, 0x04, 0xad, 0x65, 0x3e, 0x5e, 0x2e, 0x7d, 0x88, 
    0x54, 0xe9, 0x63, 0x46, 0xce, 0xc5, 0x38, 0x45, 0x2c, 0xfb, 0xac, 0x7b, 0xae, 0x18, 0xf1, 0xcc, 
    0x22, 0x8e, 0xb8, 0x33, 0xb9, 0xef, 0xd5, 0x39, 0x0e, 0x33, 0xf7, 0xef, 0x70, 0x85, 0x63, 0xde, 
    0x41, 0x7f, 0x92, 0xcf, 0xf9, 0x89, 0xf5, 0x7c, 0x46, 0x7b, 0xee, 0x5a, 0x2d, 0x31, 0xc6, 0x7c, 
    0xfd, 0xcc, 0x24, 0x67, 0x94, 0xde, 0x3f, 0xf2, 0xae, 0x48, 0x36, 0xbd, 0xac, 0xdf, 0x7b, 0x30, 
    0xe2, 0x98, 0x31, 0x7d, 0xe9, 0xdf, 0x6a, 0x11, 0xa1, 0x88, 0xed, 0xd7, 0xa7, 0x0f, 0xcb, 0xf9, 
    0xed, 0x25, 0xb6, 0x7f, 0xaf, 0xc9, 0x99, 0x2f, 0x0f, 0xc7, 0x25, 0x15, 0x97, 0x1c, 0x15, 0xb0, 
    0x8a, 0xa2, 0x28, 0x8a, 0xe2, 0x8a, 0xe3, 0xed, 0x08, 0x57, 0xbf, 0x1f, 0x01, 0xab, 0x28, 0xae, 
    0x0a, 0xfe, 0x20, 0x02, 0xd6, 0x3b, 0x10, 0xb2, 0x8a, 0xcb, 0x03, 0x45, 0x94, 0x08, 0x4e, 0xd9, 
    0xc6, 0x6e, 0xa6, 0xb0, 0x23, 0xb7, 0x6a, 0xe6, 0x07, 0xb7, 0x3e, 0x08, 0x43, 0x58, 0x7a, 0xc8, 
    0xd7, 0xb7, 0xa7, 0xe4, 0x66, 0x6b, 0x4c, 0xff, 0xc6, 0xa5, 0xc7, 0x98, 0xf5, 0xec, 0xe5, 0xa7, 
    0x6e, 0x4e, 0x6d, 0xfa, 0xe9, 0xd9, 0x72, 0x6d, 0xcd, 0xf2, 0x9c, 0x53, 0x27, 0x27, 0x8e, 0xc1, 
    0xef, 0x39, 0x57, 0xb1, 0xd6, 0x0d, 0x77, 0xcc, 0x15, 0x70, 0xec, 0x89, 0x98, 0x44, 0x4d, 0x51, 
    0x67, 0xaf, 0xa3, 0x4a, 0x78, 0x0e, 0xaf, 0xc5, 0xde, 0x70, 0xd4, 0x59, 0x14, 0x6f, 0x1e, 0xd1, 
    0x8b, 0x9a, 0xd7, 0xb6, 0xf7, 0x29, 0x28, 0xa5, 0x0b, 0xcf, 0xc9, 0xc3, 0x41, 0x38, 0xdb, 0xbe, 
    0xc9, 0x35, 0x39, 0x8c, 0x3e, 0x73, 0x42, 0x3c, 0xb9, 0xb1, 0x46, 0x9f, 0xf5, 0x55, 0x33, 0x1e, 
    0x0e, 0x4b, 0xce, 0x0c, 0xbd, 0x76, 0x47, 0xe1, 0x0a, 0xaf, 0x19, 0xcb, 0x79, 0x10, 0xac, 0xe3, 
    0xc0, 0x63, 0x43, 0x0a, 0xda, 0x3a, 0xde, 0x8e, 0x3b, 0xb3, 0x4f, 0x85, 0x73, 0xcf, 0xe3, 0xc8, 
    0x10, 0xf1, 0x7e, 0x8a, 0xfd, 0x88, 0x58, 0x22, 0xa4, 0x79, 0x62, 0x5c, 0x29, 0x41, 0xcc, 0x18, 
    0xce, 0x43, 0x62, 0xd4, 0x1e, 0x42, 0xde, 0x29, 0x72, 0xd6, 0x19, 0x8f, 0xc7, 0x48, 0x78, 0x22, 
    0xac, 0xac, 0x58, 0x3f, 0xa6, 0xf0, 0xc3, 0x13, 0x4f, 0xce, 0xbb, 0x65, 0x5d, 0xce, 0x9c, 0x4f, 
    0x07, 0x0e, 0x33, 0x96, 0x33, 0xe6, 0x04, 0xe9, 0x73, 0x0d, 0x22, 0x56, 0x38, 0x12, 0xfb, 0x8c, 
    0x77, 0x31, 0x0a, 0x2f, 0xab, 0x4f, 0x4e, 0x2d, 0x7d, 0xc6, 0xbc, 0x9f, 0xe1, 0x92, 0x13, 0x33, 
    0x4f, 0xd1, 0xcc, 0x5e, 0x5f, 0xb3, 0xbd, 0x7b, 0x9d, 0xda, 0x9e, 0x33, 0xd1, 0x9e, 0x23, 0x37, 
    0x66, 0x8e, 0xdc, 0x9b, 0x58, 0x3e, 0xe7, 0xc0, 0xc7, 0x88, 0xbd, 0xb6, 0xd4, 0xf1, 0x93, 0x63, 
    0xcc, 0x3e, 0x15, 0x9b, 0x56, 0x4d, 0x6f, 0x7d, 0xf5, 0x1f, 0x67, 0x0d, 0xc7, 0xdd, 0x46, 0x4c, 
    0x2e, 0x9f, 0xf5, 0xc4, 0xf1, 0x58, 0x6a, 0x9b, 0x85, 0xe3, 0xf5, 0x14, 0x97, 0x1a, 0x67, 0x5f, 
    0xfc, 0xe7, 0x7f, 0x96, 0x5b, 0xa9, 0x28, 0x8a, 0xa2, 0x28, 0x8a, 0xab, 0x8a, 0xdf, 0xf7, 0x2b, 
    0xfa, 0xed, 0xab, 0xe2, 0x6a, 0x21, 0xdf, 0xc2, 0xfa, 0x87, 0xfd, 0x16, 0xd6, 0x65, 0x81, 0x5b, 
    0x56, 0xb6, 0xae, 0x88, 0x2a, 0x18, 0xbb, 0xfd, 0xdd, 0x87, 0x73, 0x6b, 0x8c, 0xd7, 0xe0, 0x14, 
    0x58, 0xd8, 0x22, 0x23, 0x0e, 0xb9, 0x35, 0x26, 0x27, 0x66, 0x6b, 0x4d, 0x1f, 0xc2, 0xcf, 0x9e, 
    0xd3, 0xab, 0xd1, 0x1b, 0xbf, 0x19, 0x1a, 0x00, 0x75, 0x62, 0xf8, 0x59, 0xbf, 0x72, 0x2c, 0xeb, 
    0x98, 0x7d, 0x52, 0x93, 0xdf, 0xe7, 0xb1, 0xf6, 0x7c, 0x8e, 0x97, 0x4b, 0xaf, 0xf1, 0x98, 0x42, 
    0x8e, 0xd7, 0x69, 0x2d, 0xdf, 0xee, 0x32, 0x4f, 0xbf, 0xbd, 0xcc, 0x27, 0xe6, 0x40, 0x0e, 0x97, 
    0x73, 0xc0, 0x61, 0x7a, 0xeb, 0x23, 0x5e, 0xad, 0x1e, 0x63, 0x3d, 0x73, 0xa8, 0x65, 0xb6, 0x3c, 
    0x71, 0xbe, 0x95, 0x85, 0xcf, 0x5a, 0x4a, 0xe6, 0xf6, 0xef, 0x1c, 0xeb, 0x7c, 0xbd, 0xf6, 0x9a, 
    0x47, 0x8c, 0x42, 0x81, 0xc8, 0xbf, 0x34, 0x48, 0x6d, 0x66, 0x02, 0x0e, 0x50, 0xd3, 0x83, 0xed, 
    0x31, 0xeb, 0x38, 0xf8, 0x24, 0xc7, 0xe2, 0xe1, 0x35, 0x4b, 0x21, 0x08, 0xa8, 0x18, 0xea, 0x87, 
    0xd4, 0x8d, 0x27, 0xc2, 0x04, 0x3d, 0x9c, 0x5b, 0x1f, 0xc4, 0xe5, 0x70, 0x17, 0x60, 0x1d, 0xcf, 
    0xc1, 0x2d, 0xb4, 0x1a, 0xd7, 0x2d, 0x62, 0xbc, 0xff, 0xca, 0x5f, 0x10, 0x4f, 0x0f, 0x47, 0x3d, 
    0xcd, 0xa1, 0x70, 0x78, 0x63, 0xcc, 0x0a, 0x07, 0x9e, 0x39, 0xf0, 0x6a, 0xc8, 0xf3, 0xa9, 0xc4, 
    0x6b, 0xc6, 0x14, 0x7c, 0x22, 0xa8, 0xf8, 0x0e, 0xe2, 0x21, 0x3d, 0x77, 0x44, 0xaf, 0xf4, 0xe8, 
    0xe1, 0xa9, 0x99, 0x3b, 0x47, 0xf1, 0xc5, 0x6f, 0x57, 0xf1, 0x3c, 0x72, 0x24, 0xf6, 0x2a, 0x2c, 
    0x31, 0x60, 0x38, 0x66, 0xba, 0xce, 0x7e, 0x08, 0x62, 0xee, 0x22, 0xe2, 0xe9, 0xa3, 0x07, 0xd3, 
    0x4f, 0x0f, 0x9f, 0x08, 0x3d, 0x7e, 0x32, 0x53, 0x87, 0x23, 0xb6, 0x27, 0xdf, 0x92, 0x32, 0x47, 
    0xf8, 0x71, 0x76, 0xd6, 0x68, 0xf6, 0x71, 0x17, 0xa7, 0x96, 0x9c, 0x7e, 0xb9, 0xd5, 0x7f, 0x9a, 
    0x73, 0x0e, 0xbf, 0x39, 0xe5, 0xbc, 0x59, 0x87, 0xc1, 0xcf, 0xf9, 0xa6, 0xe6, 0x0c, 0xf3, 0x79, 
    0xbd, 0xf2, 0x9b, 0xc1, 0xc7, 0x63, 0xce, 0xf3, 0x27, 0xc1, 0xb5, 0xce, 0x30, 0x97, 0x77, 0xbd, 
    0x71, 0xe6, 0x73, 0x9d, 0x72, 0x31, 0x73, 0xbd, 0x9c, 0x6b, 0x96, 0x87, 0xe3, 0x34, 0xc5, 0x25, 
    0x46, 0x05, 0xac, 0xa2, 0x28, 0x8a, 0xa2, 0xb8, 0xc2, 0xc8, 0xb7, 0xaf, 0x10, 0xb0, 0x8a, 0xe2, 
    0xaa, 0xe1, 0x0f, 0x22, 0x60, 0xf5, 0x5b, 0x58, 0x97, 0x03, 0x0a, 0x2f, 0x11, 0x7d, 0xd8, 0xbe, 
    0x2a, 0x90, 0x5c, 0xbf, 0xc5, 0x56, 0x18, 0x81, 0x45, 0x8e, 0x2d, 0x3e, 0x5b, 0xe0, 0x2d, 0x77, 
    0x6b, 0x0b, 0x67, 0x7f, 0x38, 0x72, 0xbf, 0xcd, 0xe4, 0xb7, 0x9a, 0xae, 0x9f, 0xf9, 0x7d, 0x14, 
    0xe6, 0x68, 0xe1, 0x30, 0xfa, 0x9c, 0xa9, 0xa1, 0x3d, 0x50, 0x9f, 0x98, 0x2d, 0x79, 0x6a, 0xe9, 
    0xdf, 0x7b, 0xa9, 0x13, 0xaf, 0x9a, 0x33, 0xcd, 0x13, 0xeb, 0x39, 0xb5, 0xf9, 0x5e, 0xc7, 0xb2, 
    0x5e, 0x83, 0x77, 0xfd, 0x6c, 0xef, 0xcd, 0xb9, 0x9e, 0xcd, 0xbb, 0x26, 0x9c, 0x46, 0x8e, 0x92, 
    0x83, 0x97, 0x9b, 0xd7, 0xed, 0xeb, 0x3d, 0xe6, 0x18, 0xd7, 0xa2, 0xd8, 0x64, 0x6d, 0x38, 0x72, 
    0xd6, 0xce, 0x3a, 0x72, 0x62, 0xc5, 0x2a, 0xb9, 0xac, 0xa5, 0x74, 0x9d, 0x83, 0xf1, 0xce, 0x65, 
    0x1d, 0xb1, 0xfe, 0x1a, 0x32, 0x04, 0x81, 0x9c, 0xef, 0xc1, 0x9a, 0x6f, 0x9c, 0x7e, 0x1e, 0xf6, 
    0xd0, 0x0e, 0x4f, 0x9d, 0xd7, 0x00, 0xe5, 0x73, 0xeb, 0xc1, 0x28, 0x6a, 0x94, 0x49, 0x68, 0x84, 
    0x95, 0xd7, 0x53, 0xc0, 0xeb, 0xc6, 0x13, 0x4d, 0x0b, 0xde, 0xe7, 0x1c, 0xb4, 0x75, 0x5c, 0x38, 
    0x9f, 0x3d, 0x3d, 0x32, 0x2c, 0x38, 0x1f, 0x61, 0x3c, 0x3d, 0xa0, 0x85, 0x80, 0x24, 0x08, 0x25, 
    0xe3, 0x09, 0x3c, 0xf0, 0x10, 0x1c, 0x69, 0xe2, 0x95, 0x41, 0xf3, 0xaa, 0xb5, 0xc4, 0x18, 0xde, 
    0x83, 0x9f, 0x00, 0x6f, 0x8d, 0x6d, 0x88, 0x4e, 0xc4, 0x79, 0xd0, 0x47, 0x4d, 0xd1, 0x4a, 0x81, 
    0xc5, 0x98, 0x16, 0x08, 0x7c, 0x7a, 0xf0, 0x2c, 0x90, 0x9b, 0x99, 0x18, 0xfe, 0x46, 0xfa, 0x8f, 
    0xdc, 0x33, 0x89, 0x58, 0x6b, 0xbe, 0xf5, 0xe1, 0x98, 0x0d, 0x6f, 0x6d, 0xe5, 0xae, 0x9b, 0x7c, 
    0x2c, 0xdf, 0x72, 0x22, 0xf7, 0xae, 0xd7, 0xcb, 0xe5, 0xd3, 0x73, 0x86, 0x35, 0xf2, 0x39, 0xcf, 
    0x58, 0x7e, 0x5a, 0xe4, 0x69, 0x4b, 0x1d, 0x6e, 0xf2, 0xdb, 0xea, 0xae, 0xcf, 0xb5, 0x90, 0x6f, 
    0xeb, 0xad, 0xe5, 0xfd, 0xd1, 0xac, 0xe3, 0x63, 0xd4, 0x56, 0xef, 0x3a, 0xdf, 0x0d, 0xff, 0x10, 
    0x3c, 0x33, 0x33, 0xcb, 0x9c, 0x9f, 0x04, 0xfb, 0xbc, 0xb9, 0xcc, 0xed, 0x95, 0x63, 0x0c, 0x7d, 
    0x70, 0xe6, 0x67, 0xe4, 0xf4, 0x64, 0x66, 0x38, 0xfa, 0x8b, 0x4b, 0x8b, 0xb3, 0x2f, 0xa9, 0x80, 
    0x55, 0x14, 0x45, 0x51, 0x14, 0x57, 0x16, 0xbf, 0xfd, 0xab, 0x1e, 0x39, 0x7c, 0xf3, 0x17, 0x3c, 
    0x44, 0x54, 0x14, 0x57, 0x0b, 0xdf, 0xfd, 0xf3, 0x8f, 0x1f, 0xbe, 0xed, 0xc7, 0x1e, 0x25, 0x2a, 
    0x2e, 0x3a, 0x14, 0x5b, 0x22, 0x48, 0xa1, 0x20, 0xb0, 0xf5, 0x75, 0x1b, 0x9b, 0x3c, 0xa2, 0x09, 
    0x3b, 0xe6, 0xd3, 0x3c, 0x75, 0x44, 0x1d, 0x45, 0xae, 0xc4, 0x1a, 0xb9, 0x3d, 0x89, 0xe3, 0x99, 
    0x43, 0x2f, 0x5b, 0xe7, 0xc4, 0x1a, 0xcd, 0xf1, 0xeb, 0x5c, 0xa4, 0x5b, 0x8e, 0xb1, 0xce, 0x59, 
    0x7e, 0x63, 0x4a, 0x8e, 0xfd, 0x77, 0xbc, 0xbc, 0x75, 0x52, 0x6a, 0x5c, 0x1f, 0x6b, 0x73, 0x8d, 
    0x10, 0x89, 0xb7, 0x1e, 0xcf, 0x65, 0x1e, 0x1f, 0x6e, 0xab, 0xb3, 0xf6, 0xb4, 0x3e, 0x6b, 0xf1, 
    0x58, 0x3c, 0x35, 0xe3, 0xdd, 0x7c, 0xad, 0x88, 0x4b, 0xf2, 0x9e, 0x63, 0xf5, 0x28, 0x82, 0x91, 
    0x4e, 0x0f, 0x75, 0xaf, 0xd5, 0x98, 0xe7, 0x2e, 0x5e, 0xd9, 0xe7, 0xf9, 0x58, 0x85, 0x37, 0x3e, 
    0xf2, 0x04, 0x93, 0x13, 0xc7, 0x33, 0xcc, 0x38, 0x9e, 0xdc, 0xeb, 0xd5, 0xcb, 0x29, 0x92, 0x11, 
    0xf8, 0x1c, 0x0e, 0x5b, 0x75, 0x8e, 0x3c, 0x80, 0x0b, 0x8d, 0xe2, 0x05, 0x7c, 0xca, 0xe6, 0x63, 
    0x1e, 0x07, 0x46, 0x1a, 0xc7, 0x69, 0xca, 0x73, 0x3b, 0xdc, 0x05, 0x58, 0xc3, 0xd3, 0x83, 0x22, 
    0xc7, 0x40, 0x42, 0x3b, 0x3d, 0x62, 0xbc, 0x7f, 0xd3, 0x42, 0x2c, 0xc8, 0x39, 0xf0, 0x84, 0x27, 
    0x22, 0x20, 0x54, 0x28, 0x21, 0xc2, 0xc7, 0x88, 0x3d, 0x28, 0xdc, 0xf0, 0x6a, 0xc3, 0x1d, 0xeb, 
    0xf8, 0x70, 0xd6, 0xf1, 0xc4, 0x7a, 0x09, 0x3f, 0x11, 0x7b, 0xcc, 0x35, 0x48, 0xbc, 0x9f, 0xfe, 
    0xf0, 0x8a, 0x58, 0x38, 0x38, 0x3c, 0x5c, 0x44, 0xac, 0xc4, 0x74, 0x9e, 0xf4, 0x31, 0x2a, 0x71, 
    0xea, 0xbc, 0x7f, 0xf6, 0xec, 0x06, 0x6f, 0x8f, 0x71, 0xfc, 0x26, 0xee, 0x24, 0xa6, 0x96, 0xf3, 
    0x25, 0x76, 0x06, 0x9f, 0xb4, 0x31, 0x16, 0x6f, 0x1d, 0x6e, 0x72, 0xea, 0xdb, 0x5a, 0x05, 0x26, 
    0x52, 0x62, 0xf2, 0xad, 0x27, 0x75, 0xbc, 0xdf, 0xe8, 0xca, 0xb5, 0x6a, 0xc4, 0x72, 0x94, 0xf8, 
    0x69, 0xe1, 0x27, 0x89, 0xb5, 0xe6, 0x12, 0x7a, 0x8d, 0x9f, 0x08, 0xd6, 0x0e, 0x3f, 0xb6, 0xc5, 
    0x59, 0xcb, 0x79, 0x31, 0xc5, 0x29, 0x73, 0x63, 0x7b, 0x33, 0xcb, 0x1e, 0x5e, 0xeb, 0x69, 0x6e, 
    0xdd, 0x6b, 0x4c, 0x0e, 0x5f, 0x5c, 0x5e, 0x54, 0xc0, 0x2a, 0x8a, 0xa2, 0x28, 0x8a, 0x2b, 0x8c, 
    0x3f, 0xfb, 0x6b, 0x5e, 0x7f, 0x78, 0xc5, 0x83, 0xfc, 0x47, 0x65, 0x51, 0x5c, 0x31, 0xf8, 0x2f, 
    0x11, 0xfe, 0x3b, 0x7f, 0xf7, 0x83, 0x44, 0xc5, 0x45, 0x86, 0x5b, 0x55, 0xb6, 0xb3, 0x6c, 0x5b, 
    0x11, 0x95, 0xce, 0x14, 0x4b, 0xd8, 0xce, 0x22, 0xf4, 0x24, 0xb7, 0x86, 0x28, 0x13, 0x0e, 0x9b, 
    0x3f, 0xb6, 0xbe, 0xf5, 0x68, 0xd6, 0xd8, 0x7d, 0xc7, 0x9b, 0xb3, 0x0d, 0x4e, 0x4c, 0x9f, 0x6b, 
    0x23, 0x3a, 0xc1, 0x9b, 0xe8, 0x35, 0xb6, 0xc7, 0xdb, 0x79, 0xb0, 0xd5, 0x4b, 0x7d, 0x89, 0x57, 
    0xce, 0xf7, 0xd7, 0xdd, 0x52, 0x23, 0x8e, 0xb7, 0x37, 0x46, 0x0c, 0xb7, 0xaf, 0xd7, 0xa8, 0xbb, 
    0x9e, 0xed, 0xf7, 0x36, 0x7b, 0x9b, 0xb5, 0xf5, 0x1c, 0x7b, 0xad, 0xe1, 0xb1, 0x78, 0x39, 0xbd, 
    0x66, 0x8c, 0xf9, 0xcd, 0x28, 0x5f, 0x0f, 0xfb, 0xf8, 0x9d, 0x3f, 0x15, 0xaf, 0x9c, 0xed, 0xf9, 
    0x12, 0xb3, 0x03, 0xbc, 0x1b, 0xf1, 0xca, 0x59, 0x2c, 0x83, 0x3b, 0xce, 0x91, 0xb9, 0xfd, 0x5b, 
    0x57, 0xce, 0x8e, 0xb9, 0x46, 0x4f, 0x51, 0x19, 0xca, 0x75, 0x64, 0x3c, 0x80, 0xcd, 0xc2, 0x06, 
    0x18, 0x5a, 0x70, 0x13, 0x6b, 0x1e, 0xf5, 0x9a, 0xeb, 0xf5, 0x04, 0xf8, 0x23, 0xa8, 0x70, 0x7c, 
    0xf6, 0x40, 0x7a, 0xe2, 0x78, 0x02, 0xde, 0x27, 0x0e, 0x38, 0xe7, 0x6d, 0x31, 0x47, 0x7d, 0x8c, 
    0x7a, 0x4a, 0x5b, 0x1c, 0xf0, 0x59, 0x4f, 0x34, 0x62, 0x13, 0x1d, 0x94, 0x78, 0xc5, 0x90, 0xbe, 
    0xda, 0x78, 0x8c, 0x77, 0xd8, 0xd6, 0xac, 0xf7, 0x9b, 0x56, 0x44, 0xf4, 0x53, 0x27, 0x9a, 0x75, 
    0x30, 0xd4, 0x79, 0xd7, 0xe8, 0xe7, 0x93, 0xdf, 0x0c, 0x16, 0x9f, 0x77, 0x33, 0xfc, 0xa9, 0x88, 
    0x25, 0x9f, 0xd9, 0xc4, 0x38, 0xe2, 0xe9, 0x4b, 0xee, 0x2c, 0xde, 0xa7, 0x7c, 0x13, 0x4b, 0x4e, 
    0x83, 0x8f, 0x11, 0x3b, 0xcb, 0x38, 0x9e, 0x6b, 0xdb, 0x39, 0xbc, 0x7c, 0x84, 0x27, 0x86, 0x7a, 
    0xb7, 0xe7, 0x53, 0x27, 0xf6, 0x7c, 0xa9, 0x63, 0xe9, 0xd5, 0xa8, 0x99, 0xc7, 0xac, 0xcb, 0xe1, 
    0xfd, 0xd5, 0xc8, 0xc4, 0xd4, 0xd7, 0x2c, 0xc5, 0x24, 0x6b, 0xf6, 0xba, 0xde, 0xd9, 0xd6, 0x35, 
    0x4e, 0x12, 0xbf, 0x8b, 0x61, 0x27, 0xbd, 0xf2, 0x89, 0x33, 0x13, 0x6f, 0xae, 0x31, 0xc3, 0x3f, 
    0x0e, 0x9f, 0x58, 0xa3, 0xe6, 0xda, 0x08, 0x56, 0x1b, 0x3f, 0xe7, 0x21, 0x37, 0xa6, 0x56, 0x5c, 
    0x4e, 0x9c, 0x7d, 0xc9, 0x5f, 0xf8, 0xd9, 0x7e, 0xbe, 0x45, 0x51, 0x14, 0x45, 0x71, 0x05, 0xf1, 
    0xa5, 0xaf, 0x7c, 0xe0, 0xf0, 0x47, 0xfe, 0x85, 0xcf, 0x23, 0x2a, 0x8a, 0xab, 0x89, 0xdf, 0xfb, 
    0x0f, 0x3e, 0x74, 0xf8, 0x99, 0x8f, 0x3f, 0x49, 0x54, 0x5c, 0x54, 0x28, 0xa8, 0x28, 0x22, 0xcd, 
    0x16, 0x76, 0x33, 0x44, 0x93, 0x78, 0x76, 0xd2, 0xf1, 0x5b, 0xce, 0x16, 0x18, 0x8e, 0x78, 0xcb, 
    0xdd, 0xe6, 0x26, 0x86, 0x53, 0x30, 0x99, 0xad, 0xef, 0xc4, 0xae, 0x55, 0x04, 0xb3, 0xce, 0xc2, 
    0xf0, 0xf6, 0xcb, 0xb1, 0xb7, 0x26, 0x26, 0xa7, 0x66, 0x5f, 0x3c, 0x35, 0x7d, 0x6a, 0xcc, 0xcb, 
    0x75, 0x91, 0x2f, 0x3e, 0x1e, 0xcb, 0x6c, 0x6d, 0xef, 0x81, 0xcb, 0x2c, 0xe2, 0x78, 0xd6, 0xaf, 
    0x38, 0xfd, 0xe6, 0xcc, 0x25, 0x8e, 0x4f, 0x4e, 0x9c, 0xdc, 0xba, 0xd7, 0x64, 0xbc, 0xf5, 0xa3, 
    0x0f, 0xcc, 0x35, 0x19, 0xd3, 0xcf, 0x4e, 0x2f, 0xc2, 0x56, 0xde, 0x2b, 0x7a, 0x20, 0x18, 0x11, 
    0xbf, 0x1b, 0xe7, 0x62, 0x10, 0x5e, 0x9e, 0x35, 0xf6, 0x33, 0xc3, 0x59, 0xd3, 0xeb, 0x3a, 0x63, 
    0x38, 0x7d, 0xd6, 0x8c, 0xd7, 0x8c, 0x29, 0x22, 0x6a, 0x91, 0xdb, 0x93, 0x73, 0x62, 0x43, 0x73, 
    0x30, 0x49, 0x04, 0x90, 0xa0, 0x10, 0x1a, 0x26, 0x27, 0xe6, 0xa8, 0xd7, 0x86, 0xf2, 0x30, 0x80, 
    0xe1, 0xb8, 0xb0, 0x62, 0x58, 0x4f, 0x10, 0x2c, 0xee, 0xe9, 0x30, 0x7d, 0x0a, 0x1b, 0x1c, 0x31, 
    0xb1, 0xbc, 0xd1, 0x31, 0xa6, 0xc9, 0x27, 0xf0, 0x40, 0xcc, 0x51, 0x2f, 0xe9, 0xbf, 0x36, 0x48, 
    0x80, 0x01, 0x72, 0x94, 0xa2, 0x64, 0x31, 0xde, 0x3a, 0xc7, 0xf3, 0xaa, 0x11, 0xab, 0x12, 0xf8, 
    0x6e, 0xd2, 0xc6, 0x3b, 0x81, 0x1d, 0x63, 0xbc, 0x3d, 0xf8, 0x25, 0xbe, 0xb8, 0x56, 0xa1, 0x26, 
    0xc2, 0x13, 0x1c, 0x29, 0x24, 0x22, 0x16, 0xef, 0xa8, 0x82, 0xcd, 0x32, 0x7b, 0xf5, 0xab, 0xc7, 
    0x7e, 0x52, 0x3c, 0x39, 0xc1, 0xcc, 0xa0, 0x27, 0xf3, 0x11, 0x86, 0xf0, 0x9e, 0x33, 0x35, 0x62, 
    0x3d, 0x63, 0xf1, 0x9e, 0xd7, 0x1c, 0x6f, 0x6e, 0xbc, 0x9f, 0xcb, 0x7c, 0x62, 0x3f, 0x51, 0x7d, 
    0x8c, 0xcf, 0x4e, 0x9f, 0x79, 0xe9, 0xc7, 0x58, 0xbf, 0x7b, 0x79, 0x7a, 0x32, 0xcf, 0x7c, 0xf1, 
    0x5c, 0x53, 0x3c, 0xb3, 0xac, 0x8d, 0xb0, 0x04, 0x47, 0xce, 0x09, 0x52, 0x0b, 0x47, 0xdf, 0xcc, 
    0x36, 0xb7, 0x97, 0x98, 0x79, 0xd6, 0x57, 0x7f, 0x62, 0xb8, 0x5c, 0xfb, 0xca, 0xf5, 0xac, 0x8d, 
    0x5f, 0xf9, 0x32, 0x7a, 0xbd, 0xae, 0xe2, 0x72, 0x02, 0x01, 0xeb, 0xe7, 0xb8, 0x85, 0x8a, 0xa2, 
    0x28, 0x8a, 0xa2, 0xb8, 0x6a, 0xf8, 0xe6, 0x2f, 0x78, 0xd9, 0xe1, 0xb7, 0x7f, 0xe5, 0x23, 0x44, 
    0x45, 0x71, 0x35, 0xf1, 0x6d, 0x3f, 0xfe, 0xe8, 0xe1, 0xbb, 0x7f, 0xfe, 0x53, 0x44, 0xc5, 0x45, 
    0x05, 0x5b, 0x60, 0xc4, 0x15, 0x8c, 0x1d, 0x3c, 0xdb, 0xd6, 0xdd, 0xfc, 0xe6, 0x51, 0x84, 0x9d, 
    0x8d, 0x57, 0xf4, 0xd0, 0xc7, 0xe0, 0xcc, 0xd7, 0xda, 0x6c, 0x83, 0xd9, 0x11, 0x5d, 0xbf, 0xc6, 
    0x16, 0xda, 0x9a, 0xeb, 0x52, 0xbf, 0xc1, 0x6e, 0x89, 0x98, 0x1d, 0xb8, 0x7d, 0x72, 0xb3, 0xcd, 
    0x46, 0xac, 0x71, 0x0d, 0x96, 0x39, 0x98, 0xf1, 0xbe, 0xc5, 0x4e, 0x8e, 0xb9, 0x26, 0xf9, 0xea, 
    0xa7, 0x6e, 0x0d, 0xf3, 0xdc, 0x5e, 0xe3, 0x70, 0xd4, 0xb7, 0x38, 0x7d, 0xc9, 0xe5, 0x89, 0x77, 
    0xce, 0x9c, 0x58, 0xf3, 0xfc, 0xd4, 0xcc, 0xf3, 0x1a, 0xa9, 0x9f, 0xb1, 0xc8, 0xde, 0x5c, 0x3b, 
    0xc2, 0x95, 0x3d, 0xc6, 0x8a, 0x58, 0xc6, 0xf6, 0xd3, 0x12, 0x2e, 0x33, 0x62, 0xf0, 0xac, 0x85, 
    0xc4, 0x63, 0xf6, 0x10, 0xf8, 0x0d, 0x32, 0x34, 0x00, 0x38, 0xe6, 0xa6, 0x0f, 0xd1, 0x88, 0x75, 
    0x13, 0xe3, 0xed, 0x65, 0xae, 0xac, 0xb1, 0xd7, 0x99, 0xfe, 0x6d, 0x5d, 0x38, 0x1e, 0x14, 0x12, 
    0xf9, 0xf4, 0xb0, 0x84, 0x2b, 0x8e, 0xc0, 0xe3, 0x35, 0x53, 0x42, 0x0f, 0x62, 0xd5, 0x84, 0x11, 
    0xb9, 0x2e, 0x58, 0xc1, 0x78, 0xaf, 0xc7, 0xe3, 0x67, 0x07, 0xe2, 0xd3, 0xde, 0x63, 0xbf, 0x18, 
    0xcf, 0xa5, 0x02, 0x0f, 0xda, 0xf9, 0xa3, 0x45, 0x9e, 0x80, 0xf7, 0x06, 0x2e, 0x21, 0xc4, 0x2e, 
    0x64, 0xf1, 0xcc, 0x41, 0x2e, 0x0f, 0x42, 0x5a, 0x15, 0x54, 0xf4, 0x7e, 0x3b, 0x2a, 0x1c, 0x0f, 
    0xbf, 0x81, 0x65, 0xac, 0xa0, 0xa2, 0x38, 0xe3, 0xf5, 0xdc, 0x74, 0x1d, 0x31, 0xef, 0xf6, 0xf4, 
    0xb3, 0xce, 0x3f, 0xf2, 0x3e, 0x42, 0x0c, 0x60, 0x81, 0xb5, 0x88, 0x4a, 0xf6, 0x61, 0xb3, 0xce, 
    0x1c, 0xde, 0x96, 0xcc, 0x85, 0x23, 0x9e, 0x73, 0x18, 0xd3, 0x47, 0x93, 0x6b, 0x8f, 0x22, 0xd6, 
    0xf4, 0x67, 0x06, 0xa6, 0xb7, 0x9e, 0x5e, 0x6b, 0xe6, 0xce, 0xdd, 0x38, 0xfb, 0xb9, 0xbc, 0xc4, 
    0xd6, 0xbd, 0xdb, 0xed, 0xc9, 0x5a, 0xb8, 0xf4, 0xa5, 0xae, 0xc7, 0xe4, 0xa8, 0x71, 0x67, 0x4c, 
    0x8c, 0xf7, 0x0f, 0xca, 0x4f, 0xbf, 0x9c, 0x66, 0x3f, 0x77, 0xbc, 0x9c, 0x6b, 0x78, 0xbd, 0xbc, 
    0x68, 0x66, 0x0f, 0x97, 0x6b, 0xe7, 0xc6, 0xb9, 0x71, 0x93, 0xdc, 0x92, 0x6b, 0xe8, 0xf3, 0xdc, 
    0x99, 0x43, 0x6d, 0xe6, 0x6c, 0x39, 0x5e, 0x6e, 0x5e, 0x23, 0xb1, 0xf9, 0x32, 0xf8, 0xb5, 0xb6, 
    0xb8, 0x9c, 0xa8, 0x80, 0x55, 0x14, 0x45, 0x51, 0x14, 0x57, 0x14, 0xdf, 0xf2, 0xd6, 0x57, 0x1c, 
    0xbe, 0xe5, 0xcb, 0x5e, 0x41, 0x54, 0x14, 0x57, 0x13, 0xdf, 0xf5, 0xd3, 0x9f, 0x38, 0x7c, 0xd7, 
    0x4f, 0x7d, 0x82, 0xa8, 0xb8, 0x88, 0x60, 0xaf, 0xcb, 0x16, 0xd8, 0xad, 0x2a, 0x5b, 0x67, 0xc4, 
    0x05, 0xc5, 0xa7, 0xfc, 0xda, 0x1f, 0x7e, 0xaf, 0x29, 0xae, 0x58, 0x67, 0x57, 0xce, 0xf6, 0x78, 
    0xcf, 0x15, 0x62, 0x92, 0xdb, 0x4b, 0xcc, 0xd6, 0x98, 0x9c, 0x2d, 0x31, 0xf5, 0x6b, 0xec, 0x8e, 
    0xec, 0x33, 0x67, 0x61, 0x6a, 0x63, 0xd4, 0xe0, 0x13, 0xeb, 0x99, 0x69, 0x7f, 0x44, 0x24, 0x7c, 
    0xe6, 0x30, 0x4f, 0x61, 0xc8, 0xeb, 0x60, 0x7b, 0x4d, 0x8c, 0xe9, 0x31, 0x7b, 0xcd, 0x73, 0xde, 
    0xe4, 0x63, 0xc6, 0xb1, 0x55, 0xc7, 0x87, 0x67, 0xbe, 0x9c, 0xfb, 0x7d, 0xeb, 0x6b, 0xbd, 0xf3, 
    0xcd, 0xad, 0xc5, 0xb3, 0x57, 0xd7, 0xe7, 0x7c, 0x08, 0x4b, 0x5e, 0xbf, 0xbd, 0xf9, 0x26, 0x15, 
    0xef, 0x43, 0x66, 0x65, 0x0d, 0xb5, 0xc4, 0x1a, 0x3c, 0xfd, 0xa9, 0xe1, 0xc3, 0xd1, 0xec, 0xfb, 
    0x84, 0x06, 0x00, 0xc7, 0x7a, 0x7a, 0xd2, 0xe7, 0x2c, 0xbc, 0x7d, 0xf1, 0xe6, 0x3e, 0x58, 0xb3, 
    0xe7, 0x9c, 0xd3, 0xf5, 0x74, 0xe7, 0x91, 0x02, 0x4f, 0x0f, 0xe7, 0x85, 0x2b, 0x9b, 0x88, 0x4d, 
    0x72, 0xc0, 0xf1, 0xf0, 0x28, 0x86, 0xf2, 0x30, 0xe6, 0x35, 0xea, 0xc7, 0x16, 0x26, 0x3e, 0xf6, 
    0xde, 0x09, 0x8a, 0x44, 0xb8, 0x60, 0x0f, 0x80, 0x31, 0xb5, 0xac, 0x9b, 0x58, 0x3b, 0xed, 0xf5, 
    0x11, 0x40, 0xf2, 0x04, 0x1e, 0xe6, 0x5b, 0x57, 0x12, 0xe7, 0x84, 0x2c, 0x73, 0x1e, 0x04, 0x08, 
    0x49, 0x1c, 0x19, 0xab, 0x80, 0x02, 0x8d, 0x79, 0xf5, 0xf0, 0x5b, 0xce, 0xbb, 0x14, 0x1f, 0xd1, 
    0x25, 0x5e, 0x8e, 0x5a, 0xd6, 0x71, 0x57, 0xe2, 0x15, 0x74, 0xa6, 0x0f, 0xc3, 0xdb, 0x17, 0x4e, 
    0xa3, 0xd7, 0xdc, 0x1a, 0xad, 0xac, 0xa3, 0xc7, 0x59, 0x9e, 0xf3, 0x44, 0xc4, 0xca, 0x1c, 0xbd, 
    0xb5, 0x78, 0x72, 0xd6, 0xa4, 0x97, 0x3c, 0xe7, 0x35, 0xe6, 0x9c, 0xce, 0xf2, 0xd7, 0xfe, 0xac, 
    0x87, 0xa3, 0xae, 0xc9, 0x6b, 0xc6, 0xfc, 0x14, 0x51, 0x33, 0xc7, 0x93, 0xc7, 0xcc, 0xf1, 0xfe, 
    0x1a, 0x60, 0xe6, 0x73, 0xd3, 0xa4, 0x9f, 0x9e, 0xdc, 0xf9, 0x78, 0xe7, 0x9b, 0x4f, 0xbf, 0x5e, 
    0x23, 0xc6, 0x78, 0xc1, 0xf4, 0xb9, 0x16, 0xce, 0x14, 0x9f, 0x9c, 0x5a, 0xe6, 0x30, 0x6f, 0x3f, 
    0x6f, 0xfc, 0xe4, 0xbe, 0x4f, 0xc7, 0xdc, 0x9f, 0xbc, 0x39, 0x77, 0xae, 0x03, 0x9f, 0xb5, 0xd4, 
    0x57, 0xad, 0xb8, 0x7c, 0x38, 0xfb, 0xd2, 0x0a, 0x58, 0x45, 0x51, 0x14, 0x45, 0x71, 0x25, 0xf1, 
    0xef, 0xff, 0xd2, 0x57, 0x1d, 0x7e, 0xc5, 0xeb, 0x5f, 0x4a, 0x54, 0x14, 0x57, 0x13, 0xdf, 0xf3, 
    0xf3, 0x9f, 0xca, 0xb7, 0xb0, 0x8a, 0x8b, 0x89, 0x88, 0x2e, 0xec, 0xfe, 0xdd, 0xae, 0xb2, 0x75, 
    0xc5, 0x14, 0x93, 0xd8, 0x3e, 0x23, 0xa8, 0x5c, 0x63, 0x87, 0x63, 0x9e, 0x1a, 0x7d, 0xdb, 0xb6, 
    0x17, 0x7e, 0xf2, 0xe9, 0x37, 0x96, 0xa3, 0x57, 0x6f, 0x2e, 0x9f, 0x3a, 0x5b, 0x69, 0x39, 0x76, 
    0xfb, 0xd6, 0xd6, 0xfa, 0xf5, 0x6d, 0xab, 0x6c, 0x93, 0x13, 0x63, 0xd4, 0xe3, 0x37, 0xce, 0x5e, 
    0x45, 0xa8, 0xc9, 0xd9, 0x70, 0xe9, 0xe1, 0xac, 0x0d, 0x87, 0x4f, 0x9d, 0x13, 0x53, 0x37, 0x76, 
    0xbb, 0xed, 0x1a, 0xd7, 0xca, 0xcb, 0xd9, 0x27, 0x56, 0xac, 0xd1, 0x1e, 0x6f, 0xaf, 0x7d, 0xb9, 
    0x46, 0x39, 0x5e, 0x44, 0x72, 0xcd, 0x98, 0x1e, 0xaf, 0x3d, 0xb1, 0x75, 0xfb, 0xe4, 0xb0, 0x35, 
    0x43, 0xb3, 0x3f, 0xde, 0x3e, 0x4e, 0xa7, 0x08, 0xe5, 0xf5, 0xa2, 0x13, 0xc0, 0x6b, 0xd4, 0xb4, 
    0xd5, 0x87, 0x5d, 0x23, 0xd3, 0xbb, 0x66, 0x78, 0xd7, 0x68, 0x1c, 0x11, 0x11, 0x5c, 0x4b, 0x80, 
    0x2a, 0xa1, 0x63, 0x20, 0xb1, 0x8f, 0x78, 0x53, 0x3d, 0x8f, 0x01, 0x51, 0x42, 0x0f, 0xc4, 0x1c, 
    0xf5, 0x47, 0xe3, 0x38, 0x0d, 0xe0, 0x76, 0x4f, 0x74, 0x0c, 0xcf, 0x81, 0x97, 0x7e, 0x82, 0x95, 
    0x8c, 0xdf, 0xff, 0xa5, 0xc1, 0xe4, 0x63, 0x1e, 0xf5, 0xda, 0x94, 0x73, 0xe0, 0xa8, 0xe7, 0x88, 
    0x28, 0x14, 0xcf, 0x43, 0x1f, 0x22, 0xe7, 0x86, 0x21, 0x35, 0x27, 0xe2, 0x81, 0xa0, 0xc2, 0x21, 
    0xef, 0x0c, 0xca, 0xcc, 0x08, 0x2a, 0xf0, 0x7a, 0x2c, 0x3c, 0xde, 0x38, 0x7d, 0x1a, 0xef, 0x68, 
    0x44, 0x27, 0xe6, 0xb9, 0xc6, 0x9a, 0x7d, 0x7a, 0x8d, 0x96, 0xf8, 0x31, 0x7a, 0xc9, 0xd3, 0xc7, 
    0x8b, 0x97, 0x33, 0x4e, 0xbf, 0x46, 0x9c, 0x7a, 0xfa, 0x10, 0x89, 0xf4, 0xf6, 0xc0, 0xe9, 0xc7, 
    0xf2, 0x21, 0xe0, 0x27, 0xb6, 0xcf, 0xf5, 0xf6, 0xf2, 0xd3, 0x13, 0x0e, 0x22, 0xbc, 0x71, 0xfa, 
    0xbc, 0xc6, 0x78, 0x7b, 0x8d, 0xad, 0xd3, 0x4f, 0xdd, 0xb5, 0x53, 0x83, 0x4f, 0xbc, 0xfc, 0xd6, 
    0x8b, 0xf9, 0xad, 0x2c, 0xfd, 0xf4, 0xc2, 0x71, 0xed, 0x73, 0x8d, 0x58, 0x6a, 0x1a, 0x22, 0x94, 
    0x1c, 0xef, 0x43, 0xbc, 0xb9, 0xbc, 0x75, 0xff, 0x98, 0x3b, 0xbd, 0xb3, 0x1e, 0x4b, 0x8d, 0x1e, 
    0x7a, 0x9d, 0xa3, 0x60, 0x95, 0xdc, 0xba, 0x31, 0x37, 0x9a, 0x7d, 0xc5, 0xe5, 0xc3, 0xd9, 0x97, 
    0xfe, 0x57, 0x3f, 0xc7, 0xed, 0x57, 0x14, 0xc5, 0xf3, 0xc1, 0xc3, 0x0f, 0x5e, 0x3b, 0xbc, 0xf5, 
    0x91, 0x07, 0x88, 0x0e, 0x87, 0xb7, 0xbd, 0xea, 0xc1, 0xc3, 0x2b, 0x1e, 0x9c, 0xff, 0xc1, 0xfc, 
    0xa5, 0x9f, 0xf7, 0x12, 0x8e, 0x53, 0x7f, 0xdb, 0x23, 0x0f, 0x12, 0x1d, 0x0e, 0xef, 0x7c, 0xf4, 
    0x89, 0xc3, 0x63, 0x4f, 0xf8, 0x7f, 0x5a, 0x0e, 0x87, 0x7f, 0xfc, 0xa1, 0xf9, 0xe7, 0xbb, 0x3f, 
    0xf1, 0xc4, 0xad, 0xc3, 0x3b, 0x3f, 0xf6, 0x04, 0xd1, 0xe1, 0xf0, 0x53, 0x8f, 0x3e, 0xb9, 0xd7, 
    0x8b, 0xa2, 0x28, 0x5e, 0x48, 0xf8, 0xed, 0xab, 0xdf, 0x80, 0x15, 0xc5, 0x55, 0xc5, 0x5f, 0xf7, 
    0x1b, 0x58, 0x58, 0x71, 0xf1, 0xe0, 0x7f, 0x69, 0xb1, 0x45, 0x45, 0x3c, 0x61, 0xcb, 0x8a, 0x78, 
    0xc0, 0x96, 0x75, 0xf2, 0x18, 0xdb, 0x66, 0x78, 0xc5, 0x2d, 0xb7, 0xb3, 0xe1, 0x10, 0x5c, 0xe2, 
    0xd9, 0xea, 0xa6, 0x8e, 0x29, 0xfe, 0xcc, 0x3a, 0xf3, 0xe9, 0x55, 0x48, 0x72, 0xad, 0x31, 0x5b, 
    0x6c, 0x72, 0xea, 0xac, 0x35, 0x97, 0xb7, 0x9e, 0x18, 0xbf, 0xe7, 0xf8, 0xe4, 0xf2, 0x5c, 0xd8, 
    0xb5, 0xb3, 0xd3, 0x73, 0x8c, 0xb7, 0x76, 0xfd, 0x1a, 0x39, 0x8a, 0x85, 0xeb, 0x66, 0xe6, 0x98, 
    0xf1, 0x03, 0xac, 0x61, 0x4f, 0x4f, 0x9f, 0x39, 0x75, 0xbc, 0xe7, 0x09, 0x47, 0x5d, 0xce, 0x5e, 
    0xcf, 0xa7, 0x58, 0xa5, 0x90, 0x66, 0x1d, 0xa9, 0x21, 0xf9, 0xf4, 0x63, 0x5b, 0xec, 0x1a, 0xcf, 
    0xad, 0xa5, 0x47, 0xce, 0x5a, 0x72, 0x0c, 0x3f, 0x35, 0xbc, 0xbc, 0x3d, 0x9c, 0xcb, 0x99, 0x73, 
    0x4e, 0x8d, 0x5a, 0xce, 0x4b, 0x4c, 0x8f, 0xf3, 0xe7, 0xd7, 0x09, 0xe1, 0x58, 0x30, 0x02, 0x99, 
    0x6b, 0x78, 0xc0, 0x73, 0x20, 0x12, 0x90, 0xc1, 0x12, 0xb3, 0x96, 0xb7, 0x9e, 0x00, 0x1c, 0x39, 
    0xcd, 0xa3, 0x5e, 0xcb, 0x2c, 0xfc, 0xc0, 0xfc, 0x70, 0x78, 0xe9, 0x4b, 0x5e, 0x7f, 0x78, 0xe0, 
    0x81, 0x47, 0xe2, 0x1f, 0xc4, 0x1b, 0x0b, 0x63, 0xed, 0x14, 0x4f, 0x3c, 0xf9, 0x68, 0x4c, 0x3c, 
    0x89, 0x37, 0xfe, 0xf4, 0x67, 0x3e, 0x90, 0x58, 0xcf, 0x65, 0x83, 0x1c, 0x80, 0xe2, 0x92, 0xf1, 
    0x98, 0x47, 0xbd, 0x16, 0x9a, 0xd7, 0x2a, 0xc8, 0xe6, 0xa8, 0x83, 0x5b, 0x7e, 0x40, 0xce, 0x51, 
    0xd2, 0x59, 0x79, 0x50, 0x8a, 0x48, 0x83, 0xe7, 0x5d, 0x43, 0x4c, 0x81, 0xe3, 0xb5, 0x28, 0x30, 
    0xd9, 0xab, 0xe8, 0xa2, 0xc0, 0xa2, 0x10, 0x44, 0x09, 0xce, 0x9c, 0x35, 0xd6, 0xe8, 0xe1, 0x1d, 
    0x86, 0xc7, 0x6b, 0xc4, 0xf1, 0x1b, 0x9f, 0x1e, 0x72, 0x2d, 0x3c, 0x9c, 0x6b, 0x32, 0x5f, 0x23, 
    0x4e, 0x0f, 0x33, 0x23, 0x1c, 0x91, 0x73, 0x77, 0x91, 0x13, 0x6f, 0xe7, 0xdd, 0xcf, 0xb9, 0x38, 
    0xbc, 0xdc, 0x93, 0x7e, 0x93, 0xc9, 0xba, 0x39, 0x66, 0x6c, 0xdd, 0x6f, 0x3e, 0xf9, 0x47, 0xe5, 
    0xbd, 0xe3, 0xa6, 0xd7, 0x78, 0xb3, 0xac, 0xf1, 0xda, 0x57, 0x8d, 0xf3, 0xe2, 0x5d, 0x97, 0x1c, 
    0x7e, 0xe5, 0xc6, 0xce, 0x9c, 0x9f, 0x90, 0xa9, 0xc9, 0x5b, 0x4f, 0x1c, 0xdb, 0xea, 0xf0, 0xc6, 
    0x63, 0x9c, 0x03, 0xce, 0xb5, 0xfa, 0xf4, 0x72, 0xf3, 0xb9, 0x76, 0xea, 0x7a, 0xe7, 0x50, 0xdb, 
    0x79, 0x62, 0xde, 0x87, 0xe2, 0x72, 0xe1, 0xac, 0x02, 0x56, 0x51, 0x3c, 0x7b, 0x28, 0x48, 0x7d, 
    0xe3, 0x9b, 0x5e, 0x7a, 0xf8, 0x1a, 0x04, 0xaa, 0x7f, 0xf1, 0x4d, 0x2f, 0x4b, 0x7e, 0x2f, 0xa1, 
    0x80, 0xf5, 0xf7, 0xde, 0xfb, 0xa9, 0xc3, 0x8f, 0x20, 0x70, 0x7d, 0xef, 0x7b, 0x3f, 0x9d, 0xbc, 
    0x28, 0x8a, 0xe2, 0x5e, 0xa3, 0x02, 0x56, 0x71, 0xd5, 0x51, 0x01, 0xeb, 0xe2, 0x02, 0x4d, 0x83, 
    0x2d, 0xad, 0xdb, 0x55, 0xb6, 0xaf, 0x08, 0x2d, 0xd7, 0xf3, 0xcd, 0x2a, 0x62, 0x14, 0x03, 0xff, 
    0xab, 0x2c, 0xb5, 0x95, 0x53, 0x8f, 0x98, 0x45, 0x6e, 0x7f, 0x44, 0x20, 0x62, 0x6b, 0x7b, 0x0c, 
    0x9f, 0xda, 0xde, 0xcb, 0xf6, 0x1a, 0xde, 0x6d, 0xf3, 0xa9, 0xe8, 0x94, 0x1c, 0x73, 0x6b, 0x6c, 
    0x3e, 0xde, 0x5c, 0x73, 0xcd, 0xf4, 0x84, 0xe3, 0x22, 0x3d, 0x87, 0x7d, 0x7e, 0x63, 0x2a, 0x5b, 
    0x74, 0xe2, 0xf4, 0xe2, 0x21, 0x12, 0x3f, 0x40, 0x6d, 0xad, 0xd5, 0xc7, 0xe0, 0x52, 0xc7, 0x1f, 
    0xd7, 0x9a, 0x6f, 0xb3, 0xbc, 0x26, 0x5e, 0xa8, 0xf9, 0x08, 0x49, 0xcc, 0xa0, 0x3e, 0x7d, 0xd4, 
    0x79, 0x0f, 0xf2, 0xeb, 0x84, 0x7a, 0xb9, 0x6b, 0x98, 0xbd, 0xc6, 0x78, 0xeb, 0x39, 0xdf, 0xea, 
    0x21, 0x76, 0x2d, 0x3a, 0x05, 0xb1, 0x66, 0xbc, 0xe6, 0xd0, 0x87, 0xb7, 0x66, 0x8f, 0x6b, 0x28, 
    0xe3, 0x21, 0x61, 0xfc, 0xfb, 0x5b, 0x3e, 0x8c, 0x29, 0xe3, 0x14, 0xa7, 0x88, 0xc9, 0x7d, 0x90, 
    0x70, 0xc4, 0x07, 0xd6, 0x70, 0xe4, 0x71, 0xe4, 0x89, 0x43, 0x8e, 0x19, 0x2a, 0x54, 0x3d, 0xf4, 
    0xb2, 0x37, 0xc7, 0x1e, 0x7e, 0xf9, 0x5b, 0xe1, 0xef, 0x1d, 0x1e, 0xfb, 0xe4, 0x4f, 0x1d, 0x1e, 
    0xff, 0xd4, 0xbb, 0x63, 0xe7, 0x05, 0x2d, 0x44, 0xa6, 0x24, 0xda, 0x26, 0x4a, 0x71, 0x0c, 0x45, 
    0x2e, 0xc8, 0x38, 0x78, 0xc4, 0x63, 0xe9, 0xe7, 0x33, 0xe6, 0xb2, 0x01, 0xb9, 0x0f, 0xd5, 0x1c, 
    0xbc, 0xdf, 0xaa, 0x42, 0x6f, 0xc1, 0xfb, 0xae, 0xf3, 0xce, 0x41, 0x43, 0x91, 0x13, 0xe3, 0x23, 
    0xd0, 0xd0, 0x60, 0xbb, 0x35, 0x7b, 0x92, 0x53, 0xcb, 0x1a, 0x62, 0xe8, 0x8d, 0xc3, 0xf4, 0xac, 
    0x4d, 0x2c, 0x6f, 0x8f, 0x9e, 0x39, 0xb3, 0x96, 0x19, 0x70, 0x0a, 0x67, 0xd3, 0x4b, 0x4e, 0xec, 
    0xb7, 0xa4, 0x92, 0x5b, 0xa7, 0x6f, 0x72, 0xde, 0x77, 0x72, 0xfd, 0xcc, 0xe3, 0x5c, 0xf6, 0xe0, 
    0x9f, 0x0c, 0xb7, 0xea, 0x72, 0xe4, 0xf8, 0xe3, 0x5a, 0x62, 0x3e, 0x63, 0xe7, 0xb9, 0x9e, 0x9f, 
    0xb4, 0x7d, 0xed, 0xf4, 0x62, 0xc6, 0x1b, 0xc7, 0x1d, 0x93, 0x9e, 0xe4, 0xd4, 0x72, 0x4d, 0xe4, 
    0xbe, 0xfe, 0xac, 0x63, 0x56, 0x84, 0x36, 0x39, 0xcc, 0x9e, 0x08, 0x5a, 0xf0, 0x2b, 0x4e, 0x8d, 
    0xd8, 0x5e, 0xe7, 0x1c, 0x6b, 0xfe, 0xb4, 0x71, 0xa9, 0x2b, 0x3f, 0xe3, 0x27, 0x9a, 0xba, 0xfd, 
    0xd6, 0xb8, 0xc4, 0xe2, 0x92, 0x01, 0x01, 0xeb, 0x9f, 0xf7, 0x73, 0x2d, 0x8a, 0xbb, 0x80, 0x62, 
    0xd5, 0xd7, 0xbc, 0x4e, 0xc1, 0xea, 0xa5, 0xfb, 0xb7, 0xa9, 0x5e, 0x2c, 0xf8, 0xad, 0xad, 0xbf, 
    0x87, 0x90, 0xf5, 0x23, 0x1f, 0xfc, 0x4c, 0x44, 0xad, 0xa2, 0x28, 0x8a, 0x7b, 0x01, 0xff, 0x88, 
    0xfb, 0x6f, 0x7b, 0xfb, 0x2b, 0x89, 0x8a, 0xe2, 0x6a, 0xe2, 0xdb, 0xdf, 0xf1, 0xf1, 0xfe, 0x11, 
    0xf7, 0x0b, 0x0a, 0x05, 0x16, 0x85, 0x26, 0xb7, 0xa9, 0x6c, 0x6d, 0x31, 0x84, 0x1e, 0x62, 0x45, 
    0x17, 0xf4, 0x96, 0x89, 0xe1, 0x96, 0x98, 0x93, 0xdc, 0x7e, 0x72, 0xb7, 0xb5, 0xe9, 0xb3, 0x8e, 
    0x72, 0x10, 0x41, 0xc8, 0x18, 0x3e, 0x73, 0xed, 0x35, 0x86, 0x53, 0xd0, 0x4a, 0x8d, 0x1e, 0x7b, 
    0xe3, 0xad, 0xe9, 0xad, 0xc1, 0xb9, 0x85, 0xde, 0x73, 0x6a, 0xce, 0x73, 0x6d, 0x04, 0x22, 0xce, 
    0x6d, 0x7c, 0x3d, 0xa2, 0x0f, 0xb9, 0x1c, 0xe6, 0xcc, 0xe9, 0xd5, 0x88, 0xf1, 0x33, 0x77, 0x2c, 
    0xd7, 0xca, 0x9a, 0xac, 0x37, 0xc7, 0xa6, 0xce, 0x2c, 0x5e, 0x50, 0xae, 0xdf, 0x79, 0xbc, 0x58, 
    0xf4, 0x23, 0xfa, 0xe9, 0xb1, 0x3f, 0x7d, 0xe4, 0xfa, 0x98, 0xfd, 0xd4, 0xe0, 0x26, 0xc7, 0x98, 
    0x83, 0x86, 0xc0, 0x5a, 0xfa, 0x89, 0xe5, 0x6c, 0x98, 0x18, 0x4f, 0xee, 0x7c, 0x42, 0x7a, 0x30, 
    0x78, 0xfb, 0xbd, 0x5e, 0xd7, 0xf8, 0x37, 0xad, 0x3c, 0x6f, 0x44, 0x27, 0x84, 0x03, 0x8e, 0x80, 
    0x23, 0x7c, 0x72, 0x9c, 0xab, 0x52, 0x07, 0x48, 0x52, 0x73, 0xa4, 0x16, 0xcf, 0x43, 0xaf, 0x4d, 
    0x8b, 0x87, 0xb3, 0xc3, 0xcb, 0x5e, 0xfa, 0x86, 0xc3, 0x2b, 0x1f, 0xfe, 0x8a, 0xc3, 0x23, 0x0f, 
    0xbf, 0x9d, 0xf7, 0xeb, 0xc5, 0xf9, 0xf5, 0xf6, 0x1b, 0x37, 0x3f, 0x7d, 0x78, 0xf4, 0xb1, 0x77, 
    0x1c, 0x3e, 0xfe, 0xd8, 0x4f, 0x1c, 0x3e, 0xf5, 0xe9, 0xf7, 0xc3, 0xf0, 0x5e, 0x60, 0xbc, 0x9d, 
    0xc0, 0x03, 0x31, 0x8f, 0x78, 0x3e, 0x93, 0x78, 0x1e, 0x22, 0xe2, 0x15, 0x9f, 0x63, 0x9c, 0x35, 
    0xde, 0x37, 0x02, 0x1e, 0x80, 0xdc, 0xba, 0x82, 0x93, 0x7f, 0x33, 0x6b, 0xc4, 0x26, 0x62, 0x8a, 
    0xbc, 0x83, 0xe4, 0xb4, 0xd8, 0x86, 0xe8, 0xa2, 0x20, 0x13, 0x31, 0x08, 0x5e, 0x32, 0x39, 0x71, 
    0xd6, 0x98, 0x1b, 0xcb, 0x61, 0xa4, 0x23, 0xf6, 0x6c, 0xeb, 0x46, 0xac, 0xa1, 0x07, 0xaf, 0x78, 
    0xa5, 0x38, 0x94, 0x59, 0x9c, 0x57, 0x21, 0xcb, 0xf9, 0x37, 0xcc, 0xf1, 0xce, 0x49, 0xbf, 0xe6, 
    0x9a, 0xf4, 0xc3, 0x9b, 0x6b, 0x5b, 0x5d, 0x91, 0xca, 0x73, 0xe4, 0x7a, 0xf9, 0x1c, 0x53, 0xc3, 
    0x9c, 0x7d, 0x83, 0x35, 0xde, 0x35, 0xae, 0xb7, 0xd7, 0xd8, 0x7e, 0x7b, 0xed, 0xf1, 0x3c, 0xf9, 
    0x89, 0xa4, 0x77, 0xe5, 0xce, 0x8d, 0x0f, 0x47, 0x8d, 0xba, 0xf3, 0x5d, 0x9b, 0x75, 0xfe, 0x04, 
    0x25, 0xe7, 0x1c, 0x70, 0xce, 0x4b, 0x2f, 0x71, 0xae, 0x1f, 0x3e, 0xeb, 0xb8, 0xd6, 0x25, 0x4a, 
    0x25, 0xa7, 0x6e, 0xce, 0x4b, 0xdd, 0xfa, 0x88, 0xe1, 0x9c, 0x93, 0x99, 0xf4, 0x3b, 0xb7, 0xb8, 
    0x5c, 0x38, 0x7b, 0x4b, 0x05, 0xac, 0xa2, 0xb8, 0x23, 0x1e, 0x7e, 0xf0, 0xec, 0xf0, 0xab, 0xde, 
    0xf4, 0xb2, 0x08, 0x56, 0x8a, 0x57, 0xf7, 0xfa, 0x5b, 0x56, 0xcf, 0x15, 0x7e, 0x1b, 0x4b, 0x11, 
    0x4b, 0x41, 0xeb, 0xef, 0xbf, 0xf7, 0x53, 0xe4, 0xfd, 0x11, 0x2e, 0x8a, 0xe2, 0xb9, 0xe1, 0xf5, 
    0x0f, 0x5d, 0x3f, 0xfc, 0xa9, 0x6f, 0x7c, 0x2d, 0x51, 0x51, 0x5c, 0x4d, 0xfc, 0xbb, 0xdf, 0xfb, 
    0xe1, 0xc3, 0x07, 0x1e, 0xbf, 0x41, 0x54, 0x5c, 0x34, 0xb0, 0x3d, 0x45, 0x68, 0x61, 0xab, 0x8a, 
    0x50, 0x90, 0x78, 0x37, 0xb6, 0xb5, 0xf0, 0x4b, 0xdc, 0xca, 0x96, 0x18, 0x01, 0x61, 0x6a, 0xd9, 
    0x5a, 0x6f, 0x46, 0x6c, 0x1f, 0xb3, 0x12, 0xa7, 0x0e, 0x9f, 0x5e, 0xd6, 0xe9, 0x99, 0xc1, 0x3e, 
    0x9a, 0xf9, 0xd4, 0xc9, 0xdd, 0x16, 0xdb, 0x93, 0xf3, 0xb1, 0x76, 0xcd, 0x36, 0x4f, 0x8d, 0x58, 
    0x4b, 0x8e, 0x77, 0xbd, 0x82, 0x90, 0xf1, 0xcc, 0xf0, 0x5c, 0x53, 0xd3, 0xec, 0xb3, 0xdf, 0x99, 
    0xce, 0x33, 0xe6, 0x89, 0x37, 0x9e, 0x3e, 0xb9, 0xa9, 0x53, 0xc3, 0x14, 0xaf, 0x32, 0x17, 0x01, 
    0xc9, 0x9e, 0xb9, 0x7e, 0x6a, 0x0a, 0x4b, 0xf8, 0x9c, 0x83, 0xbe, 0xc4, 0x70, 0x8a, 0x57, 0xf6, 
    0xb8, 0x76, 0xef, 0xa7, 0xc7, 0x7a, 0x7e, 0x75, 0x30, 0x3c, 0x66, 0x0e, 0x6f, 0x4f, 0xbc, 0x39, 
    0xcd, 0xf1, 0x7b, 0xce, 0x7a, 0x92, 0xac, 0xc5, 0x43, 0x10, 0x0b, 0x3d, 0x8f, 0x24, 0x2c, 0x22, 
    0x36, 0xf1, 0x41, 0x40, 0xa8, 0xb7, 0x47, 0x4c, 0x3d, 0x14, 0xf1, 0xf5, 0xeb, 0x2f, 0x8d, 0x60, 
    0xf5, 0xea, 0x47, 0x7e, 0xd9, 0xe1, 0xf6, 0x5f, 0x05, 0x7c, 0xb1, 0xe1, 0xaf, 0x1a, 0x7e, 0xf4, 
    0xd1, 0x7f, 0x14, 0x41, 0xeb, 0xc6, 0x8d, 0x4f, 0xc3, 0x28, 0x42, 0xe1, 0x78, 0xbd, 0x89, 0x39, 
    0xc6, 0x87, 0x54, 0xa8, 0xc2, 0x6f, 0xf1, 0xf0, 0x46, 0x1c, 0x8c, 0x39, 0xa2, 0x28, 0xc1, 0xc9, 
    0x70, 0x77, 0xe8, 0x23, 0xfe, 0xf0, 0xee, 0x51, 0x8c, 0x47, 0x05, 0x8a, 0x37, 0x47, 0x80, 0x89, 
    0x27, 0x57, 0x74, 0xd1, 0xf6, 0x5f, 0x0b, 0x0c, 0x8f, 0xa5, 0x87, 0x9c, 0x38, 0x02, 0x10, 0xf3, 
    0xa6, 0xae, 0x71, 0x3a, 0xe2, 0x75, 0x0e, 0x7b, 0xec, 0x1f, 0x21, 0x8b, 0x3b, 0xda, 0x7a, 0xfa, 
    0x30, 0xeb, 0xf8, 0xc9, 0xe9, 0xc1, 0x08, 0xf1, 0x5b, 0xbe, 0xd5, 0xb9, 0x63, 0xd3, 0xa3, 0xf1, 
    0xc9, 0xc3, 0x71, 0x5e, 0xee, 0xda, 0xe4, 0xc4, 0xce, 0x35, 0xb6, 0xcf, 0x7e, 0xcd, 0x3b, 0x69, 
    0xe5, 0x5e, 0x8f, 0xf3, 0x92, 0x13, 0x5b, 0x93, 0x9f, 0x19, 0xc7, 0xf5, 0xdc, 0xa5, 0xe1, 0xed, 
    0xc9, 0x79, 0xcc, 0xd7, 0xf5, 0x27, 0x96, 0xd7, 0x8c, 0xe1, 0xe8, 0xcd, 0x6c, 0x73, 0x66, 0x4c, 
    0x9f, 0xb9, 0x7e, 0xce, 0xa7, 0xd8, 0x25, 0x6f, 0x5c, 0x5c, 0x2e, 0x54, 0xc0, 0x2a, 0x8a, 0xdb, 
    0xf0, 0xa6, 0x97, 0x5f, 0x3f, 0xfc, 0xba, 0x2f, 0x7a, 0xe8, 0xf0, 0x1b, 0xde, 0xf2, 0xf2, 0xfb, 
    0x46, 0xb4, 0x7a, 0x3a, 0x28, 0x66, 0xfd, 0xf5, 0x77, 0x7d, 0xf2, 0xf0, 0xb7, 0xfe, 0xf9, 0xe3, 
    0x87, 0xf7, 0x7e, 0xb2, 0xff, 0x01, 0x5e, 0x14, 0xc5, 0xb3, 0xc7, 0xff, 0xe3, 0x6b, 0x5f, 0x7d, 
    0x78, 0xfb, 0x6b, 0x5e, 0xdc, 0x6f, 0x95, 0x16, 0xc5, 0xfd, 0x80, 0x77, 0x7c, 0xe4, 0x89, 0xc3, 
    0x7f, 0xf0, 0x43, 0x1f, 0x25, 0x2a, 0x2e, 0x1a, 0xd8, 0x6b, 0xb3, 0x75, 0x75, 0x6b, 0xca, 0xb6, 
    0x55, 0xf1, 0x05, 0x25, 0x20, 0xff, 0xea, 0x1f, 0xde, 0xff, 0x72, 0x4b, 0x4d, 0x21, 0xc6, 0x7c, 
    0xab, 0xfb, 0x8d, 0xa2, 0xf0, 0xd4, 0x8d, 0xe5, 0xd8, 0xfe, 0xa6, 0xee, 0xd6, 0xf7, 0x34, 0x66, 
    0xfb, 0x8b, 0xd1, 0x6b, 0xce, 0x4e, 0xfb, 0xfa, 0x35, 0x62, 0x7c, 0xce, 0x45, 0x7d, 0xff, 0xc6, 
    0x14, 0x9c, 0x3d, 0xce, 0x3d, 0xcd, 0xaf, 0x71, 0x2d, 0xf1, 0x9c, 0xcb, 0x7e, 0x6b, 0xf6, 0x44, 
    0x38, 0x22, 0x5e, 0xe7, 0x88, 0xb8, 0xc4, 0xac, 0xe9, 0xc5, 0xf0, 0xd6, 0x5d, 0x23, 0x4f, 0x3b, 
    0x9e, 0x5c, 0x4b, 0x9d, 0x73, 0xeb, 0x11, 0x9e, 0xdc, 0xc2, 0x87, 0x23, 0xd6, 0x73, 0xa1, 0xa9, 
    0x2b, 0x13, 0x29, 0x5c, 0xad, 0xfa, 0x75, 0x2e, 0xc2, 0xf5, 0x39, 0x27, 0x3e, 0xc6, 0xdc, 0x3b, 
    0x89, 0x57, 0x59, 0x23, 0x8f, 0x67, 0xff, 0x3f, 0x1e, 0x3e, 0x9e, 0x99, 0x77, 0x12, 0xaf, 0xfc, 
    0x36, 0x56, 0x62, 0x39, 0x3a, 0x09, 0xf0, 0x38, 0x1e, 0xe6, 0x8b, 0xf7, 0x18, 0x9f, 0x60, 0x84, 
    0x2b, 0x45, 0x2b, 0xed, 0xc5, 0xfa, 0xb6, 0xd5, 0xdd, 0xc2, 0x6f, 0x65, 0x29, 0x64, 0x69, 0xe7, 
    0x85, 0x2c, 0x3c, 0xc7, 0xf8, 0x10, 0x78, 0x1e, 0xc1, 0xca, 0xf5, 0xdc, 0x5b, 0x7e, 0xeb, 0x8a, 
    0x68, 0x62, 0x38, 0xde, 0x35, 0x04, 0x15, 0xfc, 0x26, 0x30, 0x11, 0x8e, 0x47, 0xa9, 0xd1, 0x2b, 
    0x34, 0xd9, 0xb3, 0x78, 0x45, 0x1a, 0x4d, 0x11, 0x8b, 0x96, 0xc4, 0x9a, 0x9f, 0x8e, 0xfe, 0x06, 
    0xa4, 0x7d, 0xae, 0x51, 0xc8, 0xe2, 0x2c, 0xf0, 0xbc, 0xff, 0xd4, 0xe4, 0x9d, 0xa7, 0x9f, 0x3a, 
    0xfd, 0x7a, 0xea, 0x72, 0xae, 0xd7, 0x38, 0x15, 0x5e, 0x8e, 0x4f, 0x98, 0x5c, 0xee, 0x58, 0xe7, 
    0x27, 0x40, 0x4f, 0xee, 0x39, 0xa7, 0xce, 0x7b, 0xe3, 0x1d, 0x68, 0x0c, 0xc7, 0x25, 0xc0, 0x11, 
    0xe7, 0x6f, 0x60, 0xe1, 0xf9, 0x70, 0xad, 0xd9, 0x73, 0x2e, 0x67, 0x96, 0xfd, 0xc6, 0x72, 0x37, 
    0x6e, 0x32, 0x03, 0x9f, 0x1e, 0x7b, 0xb7, 0x73, 0x98, 0xf3, 0x53, 0x72, 0x2e, 0x56, 0xa0, 0xf2, 
    0xdb, 0x55, 0x9e, 0xcb, 0xb9, 0x89, 0xe1, 0xac, 0x1f, 0x45, 0x2a, 0x67, 0xf8, 0xd2, 0x89, 0xbd, 
    0x16, 0x7c, 0xce, 0xc5, 0x7a, 0x6b, 0x5c, 0x76, 0x71, 0x89, 0x70, 0xf6, 0x96, 0xbf, 0x58, 0x01, 
    0xab, 0x28, 0x84, 0xc2, 0xd5, 0xbf, 0xf9, 0x8b, 0x1e, 0x3e, 0xfc, 0x2b, 0x88, 0x57, 0x17, 0x11, 
    0xff, 0x03, 0x22, 0xd6, 0x9f, 0xff, 0x67, 0x8f, 0x55, 0xc8, 0x2a, 0x8a, 0xe2, 0x59, 0xe1, 0x9b, 
    0x3f, 0xff, 0x65, 0x87, 0xdf, 0xf6, 0x95, 0xfd, 0x35, 0xc2, 0xe2, 0xea, 0xe1, 0xdb, 0x7f, 0xfc, 
    0xe3, 0x87, 0xef, 0xfe, 0x85, 0xfe, 0xfa, 0xe0, 0x45, 0x44, 0x44, 0x17, 0x76, 0xfe, 0xd7, 0xd8, 
    0x9e, 0xb2, 0x55, 0xc5, 0xdc, 0x06, 0xb3, 0x45, 0x57, 0xc0, 0x61, 0x67, 0x63, 0x9e, 0x1a, 0x39, 
    0xad, 0x08, 0x45, 0xd4, 0xec, 0x27, 0x77, 0x3b, 0x3b, 0x7d, 0x27, 0x71, 0xfa, 0x11, 0x7b, 0x88, 
    0xed, 0x53, 0x44, 0x9a, 0x79, 0x6b, 0xd6, 0x66, 0xf0, 0xf6, 0x39, 0x27, 0x79, 0x62, 0x8c, 0xde, 
    0xf1, 0x63, 0xce, 0x64, 0x1b, 0x0d, 0x77, 0x60, 0x6b, 0xae, 0x77, 0x1e, 0x35, 0x78, 0x67, 0xb3, 
    0xf5, 0x4e, 0x3c, 0x9c, 0x46, 0x0f, 0x31, 0xed, 0x5c, 0x83, 0xe7, 0x35, 0x96, 0x3f, 0x9a, 0xf9, 
    0x03, 0xf8, 0xbd, 0x37, 0xb1, 0xd7, 0x47, 0x8c, 0xb8, 0x64, 0x1d, 0xf9, 0x22, 0x02, 0x94, 0xb1, 
    0xaf, 0x25, 0xdf, 0xd6, 0xa2, 0xcf, 0xeb, 0xb1, 0xcf, 0xd8, 0x35, 0xbc, 0xc8, 0xc9, 0x59, 0xe0, 
    0xeb, 0xc8, 0xeb, 0x5c, 0x1c, 0x9e, 0xfd, 0x7f, 0x66, 0xd8, 0x9b, 0xdc, 0xf5, 0x34, 0xc9, 0x45, 
    0x90, 0xa2, 0x81, 0x23, 0x63, 0x38, 0x1a, 0xcb, 0xb1, 0x9a, 0x80, 0xa7, 0x31, 0x9e, 0x87, 0xdc, 
    0x78, 0x8e, 0x0e, 0xc3, 0x5f, 0xbf, 0xf6, 0xb2, 0x88, 0x56, 0xda, 0xfd, 0x26, 0x5c, 0xdd, 0x8e, 
    0x73, 0x42, 0xd6, 0x4d, 0xff, 0xb7, 0x42, 0x01, 0x8a, 0x1b, 0x4a, 0xcf, 0x03, 0xf9, 0x86, 0xa3, 
    0x9e, 0xa3, 0xca, 0x93, 0x26, 0xa7, 0xe7, 0x3e, 0x7a, 0x5a, 0x11, 0x0b, 0xd1, 0x45, 0x01, 0xc6, 
    0x51, 0x72, 0x94, 0x89, 0xc9, 0x89, 0xf5, 0xb4, 0x10, 0xd3, 0x23, 0x0f, 0xc7, 0x20, 0x78, 0x62, 
    0x3d, 0xf9, 0x5a, 0xef, 0xb7, 0xaa, 0x14, 0x87, 0x9c, 0xa1, 0x48, 0x45, 0x7b, 0xe2, 0x25, 0x92, 
    0xb9, 0x66, 0x84, 0x1c, 0x8c, 0xbe, 0x27, 0x89, 0xad, 0xbb, 0x76, 0x99, 0xb9, 0x3d, 0x0a, 0x3f, 
    0xb4, 0xef, 0xbd, 0xd6, 0xb8, 0x13, 0xf1, 0x33, 0xdf, 0x1e, 0xe3, 0xe1, 0xc8, 0xbd, 0x3e, 0x16, 
    0x70, 0xe7, 0x53, 0x23, 0x96, 0xd7, 0xa8, 0x71, 0xe7, 0x6d, 0x5e, 0xa3, 0xb6, 0xea, 0xe1, 0x8c, 
    0xc7, 0x7c, 0x9d, 0x11, 0x98, 0xe0, 0x47, 0x7c, 0x92, 0x9f, 0x1e, 0x67, 0xe6, 0x5c, 0xf0, 0x7b, 
    0x8c, 0x9f, 0x3e, 0xd6, 0xf0, 0xb6, 0x98, 0xe7, 0x5c, 0xf4, 0xf3, 0xf2, 0xb7, 0xbe, 0x2d, 0xb7, 
    0xdf, 0x98, 0x7e, 0xcf, 0x5b, 0x5c, 0x1e, 0x54, 0xc0, 0x2a, 0xae, 0x3c, 0xfc, 0xf5, 0x40, 0x45, 
    0x2b, 0xed, 0x32, 0x40, 0x21, 0x4b, 0xf3, 0xd7, 0x0c, 0x8b, 0xa2, 0x28, 0xee, 0x06, 0x7f, 0xe4, 
    0xeb, 0x5f, 0x73, 0xf8, 0x92, 0x57, 0xce, 0xbf, 0xa4, 0x5a, 0x14, 0x57, 0x01, 0x3f, 0xfb, 0xf1, 
    0x27, 0x0f, 0xbf, 0xf7, 0xfb, 0x3f, 0x42, 0x54, 0x5c, 0x44, 0xb0, 0x2d, 0x45, 0x50, 0x61, 0x8b, 
    0xca, 0xce, 0x3f, 0xf1, 0x6e, 0x6c, 0xab, 0xe1, 0x15, 0xa7, 0xae, 0xb1, 0x95, 0x65, 0x5b, 0x4c, 
    0x8e, 0xa5, 0x96, 0xad, 0xf6, 0x66, 0xc4, 0xe9, 0x43, 0x62, 0x41, 0x30, 0x9a, 0xba, 0x3c, 0x1e, 
    0x3e, 0xeb, 0x8c, 0xf5, 0xe4, 0xfb, 0x0c, 0xe7, 0x1a, 0xcb, 0xa5, 0x86, 0xc1, 0x29, 0xf0, 0xb0, 
    0xa5, 0x9e, 0x9c, 0xd8, 0xf5, 0xb9, 0x2e, 0xf2, 0x08, 0x4d, 0xf4, 0x5c, 0xe7, 0x64, 0xf2, 0xf6, 
    0x66, 0xad, 0xaf, 0xc3, 0x73, 0x5b, 0xdf, 0xcc, 0x7a, 0xce, 0x43, 0x8f, 0x3a, 0x50, 0xfa, 0xe0, 
    0x35, 0x05, 0xa9, 0x95, 0x67, 0xa6, 0x31, 0x33, 0xf5, 0x6c, 0xdd, 0xa9, 0x13, 0x93, 0xfb, 0x8d, 
    0x31, 0xbf, 0x81, 0x95, 0x9c, 0x19, 0x99, 0x99, 0x18, 0xa3, 0x53, 0xb1, 0xcb, 0x35, 0xf6, 0xfa, 
    0x8d, 0x31, 0xf6, 0xf7, 0x5b, 0x0d, 0xc3, 0xb3, 0x20, 0xde, 0xb5, 0xfa, 0x5c, 0x2f, 0x17, 0xe3, 
    0x9c, 0x88, 0x53, 0x2c, 0x30, 0x3b, 0x2f, 0x5e, 0x61, 0xf8, 0x15, 0x9f, 0x31, 0x8d, 0xd5, 0x78, 
    0x81, 0x77, 0x18, 0xd9, 0xc3, 0x2f, 0x7f, 0xdb, 0xe1, 0xf5, 0xaf, 0xfd, 0xa6, 0xcf, 0xf9, 0xaf, 
    0x0a, 0x3e, 0x5b, 0xf8, 0xab, 0x85, 0x1f, 0xf8, 0xf0, 0xf7, 0x1c, 0x1e, 0xfb, 0xe4, 0x3b, 0xc9, 
    0x10, 0xa0, 0x54, 0x6e, 0xf8, 0x9c, 0x3c, 0x8e, 0x1f, 0xe9, 0x48, 0x91, 0x8a, 0xc3, 0x49, 0x4c, 
    0x8d, 0xf7, 0xd0, 0x47, 0x62, 0x38, 0xde, 0x45, 0x04, 0x15, 0x3c, 0x62, 0x8b, 0xc2, 0x8a, 0xa3, 
    0xf4, 0x14, 0xe2, 0xf9, 0xe4, 0xe3, 0x69, 0x47, 0x7c, 0x21, 0x46, 0x99, 0x91, 0x1b, 0x51, 0x0a, 
    0x8e, 0x9a, 0x36, 0x73, 0x10, 0x80, 0x88, 0xfd, 0x06, 0x56, 0xbe, 0xd1, 0x44, 0xaf, 0xb9, 0xef, 
    0xb5, 0x6b, 0xcc, 0xf5, 0x0a, 0x44, 0xae, 0x31, 0x8e, 0x48, 0x64, 0xac, 0x91, 0x73, 0x29, 0xc4, 
    0x70, 0x7c, 0x4e, 0x33, 0xf3, 0x68, 0x0a, 0x45, 0x39, 0x27, 0xbc, 0xd7, 0x6b, 0x3d, 0xff, 0x12, 
    0x21, 0x9f, 0xfb, 0x9a, 0xc9, 0x1d, 0x1c, 0x3e, 0x33, 0x92, 0x4f, 0xaf, 0x3d, 0xe6, 0xae, 0x5d, 
    0xb5, 0x70, 0xf4, 0x27, 0x96, 0xb3, 0x46, 0xbe, 0xaf, 0x27, 0x5e, 0x5c, 0xbe, 0xd5, 0xc5, 0x4b, 
    0x19, 0x9e, 0x38, 0xbc, 0x66, 0x0c, 0xc7, 0x8c, 0xac, 0x33, 0x77, 0x6e, 0xfa, 0xcc, 0xf5, 0xf9, 
    0x09, 0xe7, 0x3d, 0x21, 0x86, 0x37, 0x2e, 0x2e, 0x0f, 0x10, 0xb0, 0xde, 0xcd, 0x6d, 0x5b, 0x14, 
    0x57, 0x0f, 0x0a, 0x57, 0xff, 0xe6, 0x2f, 0x7a, 0xc5, 0xe1, 0x97, 0xbe, 0xee, 0x25, 0x64, 0x97, 
    0x0f, 0xff, 0xf8, 0x83, 0x9f, 0x39, 0xfc, 0xf9, 0x7f, 0xf6, 0x89, 0x0a, 0x59, 0x45, 0x51, 0x3c, 
    0x23, 0x14, 0xaf, 0x7e, 0xdf, 0xd7, 0xbe, 0xea, 0xf0, 0xf2, 0x07, 0xf8, 0xaf, 0xc5, 0xa2, 0xb8, 
    0xe4, 0xf8, 0xe4, 0x93, 0xb7, 0x0e, 0x7f,x���K��J�e���T$��c���m����)R��r�N��L�[�����������������|�ߟ��\��ܾ�Y�?�������_���?��_�����������������9�eֽ.��3|o8~?�7||�?m�&���󳾸}�O�����������~r�߿�~�|^����+\�~������S��/��䣖��������{�^��~������e���os��S�پ�}�����<�r~m�^~y�7��ӿ��?�Z�k�7�i�G]�ן�__��w|/��?-�U�8�k-�t�����$g�.��'�N6����y�N>��|o��O߽���7�^`�~<<k��{�^r�~gz�2"{��q��;����Ux�r������OG�}��}�����,��
��߾�~6l�}X]�hK����2���+�3�m�����+\G�	����}����V?���>���ki���\�瘯��m�^�O������r!(���A~>jQ�-~n2~?~�>H����?ЇG����|�q�~�1�b���W���]�qqÇ�~(IۿO�]:��7�6��S���`�b2x��>������{�e*�؁�|��ڞ������\ߟ��3=��fg:j��R�F�{���o�����0�ڣ�ƭ���Oٷ�Oʹ՞����Y..�B�t�o���2���1y��kKn2#��Qc�Q"��+L=���a��.+�Y2B���k���t?�
l6��;<���C����l���%��H��%�C�y��}���ʻ?�&�ͬ\�8C��^�m��ٓ�Ŧ��-;���l�w��ǅ���U��0Wm?�����j��!��_����3��!��d��ۅ�`�_%(l�c�h;�6~/y�d K�ѡ�Ưc��#`J0.��+�g#ǵn��$<�[����U����&6�D�Y],�־��7�ɾ����Cޘ����`h�+�m�ˁ!���p��_dﭠ�K�
��x�)r�xG�o�z�{�n�?�d�}t}���z|���Æ�Ȥ�&�A�xTU��d�"�qeV���$��&EIe��,E�C<z�r��ࣤ���<k��~�i�-&���p��d�6�:Q�I$�AA˟�_��	��R��m��NB·�ta&1u��gd�%D���Q��=�򌸜Ďc-׮�J[��r�"K"L��.Ϙ살���Y��T+�6�,Գ�ɺG^�i� �C����� 	׊L���É��vU�5��n�ށ�Bׇ�6�T,�Qh:*{��㧓i�x���(k����@ly��t楬S�z�Jc��?��"1�E�U�M����)���?ٕh;ah����n��~S2*-�;����E7��cP�U!j���Pi�z&�Rp���b��`�Q �a���o1C(l�
�Ur4�r�N�Ρ���$F��j��_��o׶�7؃\���,J�1�/<�
�����	k��X��6S���A$㹑1�U��Ae�1=���'�H¶i璺y/��.��g��ϡn�W��PCrFD�ǻ��H2�7�'�'o��K����9ߋ�z�E��w��(r���m[���-G�o8���s��#u�(ւ�7^�d�|�ҐM���������H�� �Y��hL ��lj�b�H��Yy���nǧ����Z��$jS̛D���)Nc�𛫬���h��@�C~Bv�5n��B��^�2kƌ��\�X�S9`�ԡ$�7�S"�	�*�ڕǢ��߷�[ah�]L��4e��J�"�{��.���a֞ �-G��Ǹ�&��4�3+%�7<H������P�3�P�yF|��>n��F��H�k�N��a�{��xRL����ye��E�r��g��(��D���g��xx�Y s�#��~�ε8X�Q��|<�8P�,�����g���M���|s�K�..<ԅy�Uhݩ8 ^R�*����=��T�j]�H��?�o�;6A�s�� �
 cW���#΀�J76�f@kcwo>�)(��5%Ɠ�OҜgj��\:\�DX&��f�c,��4�r��QQ�t���
�0ղ$����ɑ�Zo�]|&^�b�R����ꏒQ)�A��A�v�Q�x���48*\+y�h\K��� ���YM{�KO��y8��7��k �����֢��P#%Լ	��ê���7֫	�M�V����M�ґ=l�Z��1�ǃ��c���u�E�6K���!+��Qd�X��)Z~�6���rIT5�Zq1F�CU�fSq���ʱ�Om�����5$���/*��[b���
P�]Qc����o;A*t�r��4�c�G-6�E�O �����v���n��!ph	��Т�3$���0�hKo!r¦b���1���T��Q�7{����-L%�Wb�$K�Ŗ��LFuԖ�>
�xۏ�;�d�ԥH��wi�d}��ɇ�@,5��e��^na ����<�K%%}��	3%�ݾ����*�p[�Dj	�1���$�Zd~�T��8�|]UB�府b�"_��M�n�9���l�fh_:����2f��z�O��D����˅&��49� ������"��]K�@�F���T1�7AsV�7F��xP���$u����=V�T��)v+�Np#Ta��q��}byp�L�#�[�s�h�2by�[�p,���b��=ma�TiW˱:����%�w���=�	>�A�Xu���à$p�m���RmL�g�}�	����.�����u�[}��|��Y��3���4�@���7$.~��Ć�bE�V�%&�/����7F�Ш�a�v!Cl�@�G�uv�Ϸ��q���U-1��}�JH�2ļ�o`�������Sf����\kEl�p�b�?K��F]%�[�	.���(��&��(��4a�~z̡{զ�Xaգ	J7{zL��x��w�A����S:Ϭ�N/P[�� �@mz����	�'`>.�T��GsyS�����V�0{�˲p���H�����������w1߆kF]F�	��$������3�8(�C8��]~>��â=Dr��ړd
�>����,����"�
g!6[���9 �~+������)*���r(��X"�
��b{m*��`4�%1%I�U�	
#~��XX��!(<�%n����� �R�A��WAQ�7Z����y)�[s��D2Ïd��%�ci|��j�Ӣ?��`1�|T��S�^C��O.i˩��%4�.{E��o�9���N?���1�p��-��)�ԥ��&C��\��+���ϦB�j���0�j�${x��|�w����j6X5�I�K��g�Rp&Ѱ�_~�G	�[/��b�v剨'9&�|(g�*.��l���o��F�ј@�Qn����� .QxvWi��oDP���T�xg0������Nk���$K-c���:u܈q�ҭ�e�)��]2C�+�5,ĳ3vl��G��U<��6��ωVR�D��n���L=ƙ���&p<lo�P�o��ο��E���"�p◳K�,�|Q��QV��������E��&�jٗ��<���A7+��5c;��{�v����f�nRz�����s.+��c� l������dZ�$�^Eif娧$��5�e�\�1�J��L����#E��)��Gso����X^�$G�nnғ�.	v�J0��X��Ũ�>.A�Z���+�n�V����@�c`OH�.��pW��oU�SEH�!��K��ca1.S�����Y����S���6�E���0PԫQ�v�{x�0��*M}� NrעW�uAv��!+|��}�G>T&|�)`?j��?�1ґ��v�G7���}�7�����%�x�pڣ�#Q���Ia+!�	<����A4�K�?{�R�(|(�c��S��<�G^��Cb:�q0���u�b����6
{[Tx���]�#F�K�q �YE^�5�6�4�W�2�U8�vn��_����������2��D��[�������*p�Y��+�����C�� ;.�%���ݙ�ҹ�	�M�p����U]x�3	c�r�.��)aQM���7��O�6.Cw�M�Q>kkgѥͶd+I�H�q�f��H�HwY�Q�An2�Z��d�/�kH ��ك��*J,{e���.����ʲ�;�DB�@66�����Q�6�D���F�(Yon�����J&���"�b~y�2�l��.�rX⫏ș)X�JOBsq��S���
�"F�sl�L.�9^��o�̠>��a_��?B���(B�p��w��$LƤ�ά:�G��]t��h�
6ĝc�IxYJ�W�E�l�b�(>�"�&myC�Щip�v�=�t��9/@��&�j���"���6�ť��Z�K���7+��NSީ/�'ah� C��~A}���J�g����a���Zn"�;N�e��.��H�0��/��N�+ㇶ��U�ٓ2�Uu�'���!4i��J�vU�¯x�'��vĭ��	��!��>��n�9�T$L����GBp�"�V����<+�j��Wz(n�BO.���#Q;<k��|����M&o$�S�0��$��NU�����:�iΧ̛Y!�Ğj؁EaC؝(��vrWl��Mv�K��C���k�h@����_�?��L�J����Yq>QV�,�%ޢ�rZ)B��o@NV�R�/�{�sFq	�V�i�;�ڣj�C�57�
�T�=�������Dxw )���x�u��k=qh{�����[A�-�w`��ލeۙ7q�[=�R�G���br����T>)j~�9���C���I���*�(|��8D.*�,O�w����*��G]xV��A�����Y�ݩ�G �g=���">���
�T�`R
�Dx��R����,�s�?Iǯ���9���A��F `ٷY|OG�MB��s�lW�'��&��7�s��Kox��
a	��n��~�]��T�_�v��&�2����ev�Z(��F?jI/� g���H��=��w�z�g"E���Y��g��o�)���gO֒[��U��u�pl��M�Z1x��G] K�>pEb ���>����K~��}�GH�|�jB���G���z���!�^��ԋ6�5���� ��
�8D�sGc�j�^�]�c�(�$�S7!�@�I�_*^�иNo�3>�
ӉO�i0=j�=��E:�������$<��'����4)�R���E,'�[���v)�A ��,��"a���x��+[,�٣R����	ߑ���o�R�#��$^4�=��y���k��[p��?*	��$��&�,�.�A�x�0#�a�u�PK���V�����$HWz�ֺ�SF�V�	:T������+w�{K!��T=hW}���W+N2G�4��o�	MCeLR��JRzaE�͛��S�}��E��c���7"�Q����-թ� s/�e쑌�Y����X���<D1{�6���{?�-�E~�N��5����!��)�f�Y�H�y��xA�ue��$5�꽕����[��|���u�ÁBR���h�R�Q=h�=]L�KgV�vQ�>�F�������{�n�3.���G�K%�ficq�.�8��]~��Ql�CPY�r����ǳ*#;��:��n�QE�a��ԣ6�275���ƍ=�#2�GZ������R;`�梍y�P�
m�أ�vf��AsNa�QP4�&��G=w [�[��,�CN��h��G`]J�҅��c�%�)�'�����xU��"2{yF��"�ݱ��`��P[��_� �?�3�BV]�% Y�(ڄ֝2L�L�r�6��Ȭ��vzגfj���b���0�3�3hL Xl�xމ/�A���h�]�U�3��]��2g����	���;�
t�R"�-Hz_e�H�f������=A��XD�
�!�����\��l2�i��f(V�())/� (I�m�G@7��e����+v�+zRsG��1_�M��ބ-��u���wE��$2lV��
���R<��Z�'�p�T𶼳�K���̊j:��]x�Z��4�d�u�z�QSFW��ktخL�E�`(s���|��rmj(~�ɜ� P4�]��0&S��wv��N�ڋ�rNRo0$a !pn?$u�tc�xߵ�/�<qH��l�рj��A�3�`rC�hT]/�	�Esp�5�vX�H��,�z�(�h	�GU.rcլ�	���Ќ�cU�F�1%Qխ�7�?�a����e���2i��{@��Չ��5s��6��a�����2�SK}g����#���$�*o1��a��7jI�H���bxY�PG$
�g���[R�>����E�O��KG݊��T��	��N�io��Yj�X$@\ �;V�˫���!DGlt�7�A�b̸X�	A�Ҋ]��qF�^?�E��%v���ɐ7YUQ��!=�q���7�B�M��n��X��s���&KO<Q��� C��4����+�Y�J ��0J��4�Ǉʊ��Gk�K5=~(���>@2�ku�lIW�%ȋ�	.�B�|��� [$��W�o(Q���h�bhᯒ�pr@��z�t��.�J�xI���6y�g�Ɂ��cJ�.�g���%�Z���a�p�mO*����$2�[�$��V�ϊz>K�	V�&Ff�k�c��JFԨ�Va�X|w@����U;�wK2-�UO�,�	�1A����c�^#�!�+HÀo��'--
P����
���2+��Q:���P	��2쬀�߮
q5+
)��S�o��,����	6&��s��ܽJ�.юY�����g��{�Ǉ,(��,9��dK���U�Д�EV �v��ƣ���ŀ���c�W����Eh�CxB�0�A�o���{��}��_�!Q�&��t�+@���Ћ�IT����:�t�16z��HQI���k["���r��ȸ�x�����C����J�=I��R��̫.�����,7��]2�,mS�ų�}&��T���8��נ0u��=ANL"����Ƌ_G�T\�܉Nk�8���C�箣=g�ů�sR\*�G�G�u~.O%i/�@�*^*+�u�L�#R���˪F��9ez*�*���ӄ�����њ�C�A�����V �p?؁�� �����3��Mw�B*V���	�w3e������Z�L��c�)��H���p�4�s���}d{��.�Ǚ�����o 2��=葁-{�zP��L��34*&�r9꣜֥-�]%��kS�F��ۃV��#Q�P���x��,BChb��F��[!D��(�8v:ao���M�/O��.r>q�S��n���ۿK���-�&��Ql��}��=�M���߻6ē��
px4J�u�q�7y���у�m\>ӉT�J���f㮡=��|.=������l.��T�p��҅E��~��@�h�~ǿ���x֥�CI9 Y��ӣ\�NJh|O�k'�۫�)m���n�
g�զO<��j!~������n�e	.�7�M�I,�8���V2�mɜQ�|�̢�'��ɟ����J�2Y!����r�,�e*�U���3�Y�
0����t����P�tnD����Z�4���(m�4��D>�1�M=�Z�S��u�zb�,[��Q�W	xj�rU�XU�~ut��6�gh����D��o%gJ(���F�n"VsSH������[A`�>d����8O�i$��.��_ퟧH{(�"�~���]i�4�_�h抻���sB=w�׹���$�O)V��*,SM���M)fj��)�rȡ��ύY�a 
�S w6a*B����B�v�[�Y(��W���[��������q�������M���$������ta�u��������_b�	�_����"';qs��Tbro��%�a�X�����T8�x�D�^!%�j��Ħ���C�J1�}:�Gf_�@.��EHE��������b�&#�"�P���8��ꤸ��t��`ФsK	�4>�l��eթ�a�B8�Lq3S�����8e9z��=F7�Z�]v"L�.(�3����YcSmaN:x�)�7���D�Xi"�8EqS/)���x�Pk��?���O��"�t��;�(D�Plr�)<�)�1�&\A�3��=:N�6h`j�ݙ��z�r�z��<Y�lZ}*1���%�خ���|��b��Y�������st�0�r4�xq� �M���Wk�p�[7X@"�\��@lónc��ڛx����h��KY��&��� ����	qS3���%s���^=�-���YفA`::���%]x�C��\���[AĎ�D�U����zO���h>WI<
�A3�Ҝ;�k�r�,�S���H��~_��S�GC�Ɠ�ժ�dDë.�_]�-�2-���=;�؞��.u[�{�a'ծ���Kd�(J$��S���D_ci�)�5���|�ޞ�v��B����w�T�X��i���3��mH�	��.��)�Xm��&t���5-H�T��0v/��I6��՘[H��v �5՞<�@��-�_.��U8��&bn�����M<@;'?�9�{6�G}6I�J≸�¼��X���\�\|)i�_���� �|�\���U��*+�m��	7K :����Vq��N�k�*��ļ���${V�u��B�⫀���rބ����oTo��$��iHA�0� ��������PF��PƐu"y�Gn���f�FA	Cw��3�>������@dF�yPh��D��k��ċ
>�3ny�-��0(�Y�9]�n�'7����\V g���4�	;�j�ٓ���K�w�.�)���5�sڄ�%�d+�$�F��L �)-�^3(�Ec���s"Ǆ���`#�,��1���"4,��ޔ!�ާ :Xf��pL�[�A^����UL8ު��*j�Wx=*�:�/��8ӟZ�G7Ū�r�p����N�U(��p ��X�E�j����X�wg����a�B<T�1��1� �XF�1�r%�:��[��U"�����������n��I7�W�<��}��A҇b��{�D+9>�PC����	�D&�ҐM,�u��=��o�Mgp� �Y뉉���w�2ޤ+C��Z�L^��l��w���5�r��>�Q��K̂[&�}����֎Nen7ArD�!�ڄsϢ���C�e��.WW[�������D<L�O�2h��|T�d�r0���&77+�uWY6TG���+Xm�1�rȓR�t����M�=Ղ�d�6��S �p��0�K��A��r��^�u����ܯ�?^*0��sM�v/�!���b��i�Vf��Y~}��{�,���K���Z��*��f����ߚlI����Ϟ���7�Q�+m��6���=l��(U�龃*��F�۰�!�L�K9�וn�����[eh���Э��Tз�b�%%�����"-f��Q7	Û����v�MlU�T#��X�tu��Q:�{b�����S�h�wO|f�JC���]�2��|Lפd�I76z��%�����Z$i���TL�-�2ԛ83IY1�>�udڒ�K.4%1�2٤�Ft8�HfX�	�ӻ.�f=�n��C����$^e�.)c9�Z$�<?E~�Y	L,H�q��>v�wd���D��%,��-u�'g��P�f�e�3��Ֆ���=\EHҍO|��$��d
`P�N�<�*�D����Ua�S�@[D��b��Vϟ���ꋣ�?(W	&��|���Y!��F���K����E�3��>$G���E�G��'�ǩ�E�;�5�_��C0�VڿM�L�E�����̬n����x�~�w�D.ժ� z�]=�Eo�'�!ΊM|��.V�G�'t��x+�	�"°��R���t�Ù���CW�[,�8F�&�#<+:#�Wʘ�ګ�������Þ�t��&�\<��"�X�����[�6-��IP�O��(�d�3��j�ܖK,��&�����YŁ��9>��]I�d���.��R!���H�ZU
H����c�7(�m�n�KH��.4��+�ի���ݪةeS���X*�@Ĉ4���q��5Ϩ�ʧ�h���Q�vK2��)O�L6eTvA$}�u^�<�+�/x���1NO�г.��^��\�r��u�y	8������B������[fן2�Y�GU�L}�,�S|P�R��s�R�M��V+��?���zE��%csE���ġȺo�^���mɺD��]�T�A�'s}�Y������^b�#/��G�6܄O[���?ԛ�1�'�W��!���7�(ǦR��D�ӆfA�|'g����?��0gv�ߍÍĶ�́��&���d'��4�@9c�Q��Y�X͙�E�q��yPvb�G{�f�	MEA�kM�\�c�Ai��۞�'u#�e�49�����U13S�z��$�(�p���"�R�^�������D&V>��	>�Z�[5޴N�f�Q���={�{c>?{!�n�F����UI]T�s�Ƥ6�I���<���}���ec8���v��~�!QB�(O_'����$�8]��N�jfE@'D�0�Q.�4䩾R����s^���8|T�iq�Ӊ�w��ZrX�y��^zbd���[�X���CXO£�׍o��G_?�\Oe�h<?}�I��XA�F��Ӝ�A����P�:�kIZ���,��)�<���:��K�s�@�'g�֛��J����ڱ��H&�?�M�s	1̖�u��ܗz��V<��x*NU��?�g���}��E9�t�K��%]O�w��T���%�Wh�ѨSJ0j���|���*i��f;���!�|��F��S��(ە���R�QP�G�>Gŝ^"�T����[	pS��aTrd�iQ�S�RUf�8i���i�#[R	��C��TU��h7�TNi[j�SbMd��#��
օ�L���H�P������oBS78"�g�WE��1����omy����m�-�LhQ�ʤ:��Rr��̐ӡ�<�3���_�}�Sڼ��R�aN���h�r�1N��	SB�1l����K+|({u�f�)*�=���B��e�^!g�Sx�.�E}jY2$L��D���7�E%���$�"��-����R��FEk��@&zX�4�������%L�����H�z!���X"�j|;�3�cDHU���\��o�L����Tv�v�v��
%8;�uTu���9���*�/q>#$�n�[���X�볎>��~�G�ޢwY��֪����if�=�3O���l�gv�q��w���	g�穰6�M��b����V���d�G�B�t R����$zz���t�M�+���n*T�!u��2��Y7�\q�_.��-d:M��U�-dc�C���r�$���1�Ct���E6jh��B��eްz�$�4i1��ޗ) S�<EJ��ܻ�%3���$oL���.�i �k���(2��ᗈ3eQxU�7�X���p�aӍ��Q;PE�p�,&e}�5|���P����}���z�xgT�����P�Z/�~��!3�ۡj�O�&G�����=�״>uɣ��#�ٔ���e��$D�Y{��o��B�����ʄ�'S�sdO���+ݷX8��x>q6����%�2>�#�ͬ�=����/��I[Ly�u�	�'�������(�^Ԁ�=8M��J���?2��1���͢^�h��U���m�]i�!L~W�"���}�����w�L��DMq��2��7��g���e��>��ͯ�nh��eE�S况�<��C�'yֳǌ�S����u�n�ۛxJ�>��ܶ����"���cF?�ao�m=FD�B�b���Q{�P�0�2����F���N�pف���t&�ѥ�1.zn{x�3�lqMVh8M̜I>�p��ᬧZ�V�@>��֞�!����E�U�S�����	}<�V��a�H�S�&.Q���U�V�>�X����1.�P�����(�P�L"�����[�Q�"��U�^Q�rh�^
�#cBF�}�lϴ�eP�t6�tB��� 0]��h߹��,�� c�՞��&猕���}��o%��w1l���F�0�Z���%�!j
��K|�n6'��7�T��I�Bw��M���k7�OqUXD�K�m��|�tI�(%�hP�Ԯ82��O�s����~,�Y��� ��RR����.l�`� /�/��_��N�k�`��!�Gb撶$� ��h:\��X�?��\���� ��C��Xzb��|�,0���j8-Z�yi�+�CW�Mƒ-��`>M;+��=jq&�K�3����+ dܒ(z�|Ȥ�-��G9�0W�&lyγF[����Hs��WH��
;�H�N:'JE�%�{as������қ<�v6��Gj�.(�>6����:v|�#�W=qL�X�y�ߪ�M�T.�8�:�P_�3^*՜�Yp�OU�qԓ8�B$.�a�z�	���4g�ж�#��|�R�ő�4`q��,Z�S?U�H��Ɵn�_6'#�-��^�����
Y����2H�5�8]��q�`#zE���D�o1e�1ܩ�E�P���ZR
���Xڛ,%E��ծp�)�)T2ݥ�����B%��>�TZN2�Ԣ]�	��*�_;׸�c�R�Iq�w�hM��_����^҅�>%�U�p���yf]��C������|�ƛ�6r�!Y��9	�]¡s�=�{׋�,�SY!�f?T�\T��R��?{��ôg�ﶩ�� I\1@���M�A�>"�_B��P&�)��^��b�>�y���8U.��gQ[h���ι�{�������'�θ��>~�^*[_/
��z}�9�vּඌd���D��zD"��@�z�U��G=Y(L�\� ��cUI�I�JCs֋o�]j+��U}+��Z�I�P��G�wf��:}C�q����҈�����y�Xf�9� ��/�=����s��M�U�uπ�'aocm�kpuJ�u��Ё�{aE#*{����)��yT�SˮVÏ�$�~#rI�Hv���f���T�n�2��F�Wto�b���I(#��Es�ҹE�#��?j�w�+���\���vd�݄XCu����) ��ADk �r���j�l� ��:ʥ��.4|{�u�5ȱ��+�|��.�~Ֆ�L�������;��2l�[��,,���O�����F�$�<R�׵��υ�s�=��Ln�cxIRX5������G��A������-��^6�!�fر��}²r��X7��/�2�jlox�b[`��2�^�ˏ��G��4��Ѭ=׿um���S�JY�)N��	Xc}�'@�&�|�%���b�⪢��c6��6��ۆw�.�[l'�b�{+�;[�^4�{�����V�1�����mOu�&�{}�As�s��Eh�2��X���rZ9��g�+D�*��Uix�e$�y�O2�W�3�v))���ާ^���hף�1s����L�C=��i_G�ʈ$�ꓷR��y����A�ϭ��'|����IW�#"�DJ�U�嶃"���]�W}S��9Y?�Ỗn�̦ng)`>j�^�����i�(�,7���\rN�7����o�Sۢ�g/�7ȖU?k�2q�]�ʲ���'1ZG��*7����HD�eS���%V���v��]c��Y�C�4	8AO�vP�$�//f���3|�g��;/�} SFٲ	,x��`z�?�O�2�E�K`=��ʿ��M�?,z�J�Y����!d(7K�d�ӹ��t��s԰H��sA(��]q
����R�tXv�����z��-"�Z�C�� 
���baD�]ҏ2
�WU�<�.�$.�������8	�VdH.!����!qu�'�Gwo�&k��/f2`�wH^%2>1�O���n��O�\�(?U��aQ�j����!�x�N�qy�ԙ;b��������W�I����I���W���a؃��jӓ?�8�W x@��5'$Iq�&0g�<ބI�]�3�]�6������?�+n���Kyx*�̡��M�gg�� �转0nv/�MQ�X��;��;� 6�K�v���>�Mx��n�'$ܕ�`,{��^g�ޏ�\���14��Q�9�I��eV6C'�ڄrc2��Y���&�qQ�l�c�F=�x�⾠�C�̜fU`A�I�Df�=x���t�.��FL)�8هs��<?ɢ �pf�k�$���O�{��_"�g�tb	���
��ޅ�n"*�O`��T�'y��?��"���
&թ���6*�ڜ������m�ƫ��1Scm��Kĸ��>x�E���ڪ�	JZ�� ���o9�Oo.h"���ذ�� {t�r����S�J�K�)������Z�h3�G������e�2�0�$e� Vd��vf�0e[�7Ve+�p-�����	�dȴ>u�M(p����);{��y�"�L���n�g���JL��u�,+��]��X�S����}3�����|�1�v���p9��Z�>�CĂα�
���(�GBX�.��!L)6�K��GJ�?ĢL=��.:F���v� �ʽ}�R7���䉮\��3!�	��������X�᜖C����M�������8M�:(@�䲫�T��)�R�6B���*�G�	-�^jg��=�"��Y�<cN<�%ö\*���1�c�0�TĎXTP�D��ڛL�,o�0��mg�K��Ƌ~	,9���	�J�e�v��!P���p_����Od���s����F[^�6����,X�Jw(��i�s-㮼M�I�������;D�R�۷M�G��=��Zܺ6|覓��x�g�ަ2fp#����x�9B�Q�q�Ay+RXJ�9&���M�ڂ7�(M`�N��1�A
�������>�kQ�#�Ъgf���L �B!.u�W��U�a�S��Cl�ӌ/I�(���M��?9k�����0f��xl���]>J	&�����ǬpE�c�E5��s
ՙD��z�i�o2+F$�_��F�	�z��h�~�:��FXz����UKH-[�{�D:W�� |C��GE��&EȰ� Bs�������6^q��`��,�N򪚵����K>ӳ��\�O庈a��4u�(��M� �����f�wF�^��W��\D�>��6�� O�g�9�<�K
HL����x�C�|+�[X�iǱ�*����Xr����Kt=���P�E��	��:�4&�qZt���OC�H@�����iR$�K�C��M��B��ғ�ϫ��@�pT���I��$���I��T�3,u)�s�\o@�Z��^q�B;������/��^'���<ED9T ���g$HЂd,��;i~V��)eT�H���䣙%�o�}0�R����( WcɘS�p��
NK(�2>uF��E&Z(�S'ͤ�p�
��(f>�r�<���j��ڎ��<k������;ThZ��%"���K*
���=O?4�lѾ�e1%@��r��,T�	�z��<���$�By+S�����H#_ƭ*��X����>�)#9gkl�|ûFL�Xx�!a�\A:�	�e��L=�$6��"u����Ϲ�,o"�v�8���xw��!=�X6tZ�~�LW�ybGq���q�����g)��8��<���ܳ0����'�����)��w������`ʊ�E�|��V�Y׍� ��y������Cٶ\r�n_s82 5�?����=���ve𗲿������u�]�w9���D�����]@ȟ޹�l#��"�*��7�*��S��f��wOQ�}�Ǫ�f�
�X�7w��w2�^����|;��&����]��	"ѥ��Uz2
��(��@� oK�v��	����(N7K0��^CI\��I��]m%9��=���Qݜ��I�Ps۳~k�e+d���yM̸��o�x����`�Q%-"!���e;KXȌ�~�c�=/�M�hط�G�������1'J���;��Ϻ�O��?d,"�����L�VQ={�;����in7Y��>�,֭�q���p�%
�7��)F'������iYC����<��X���YLi�=�(8"��W�W=?��ے(9��5���2b��I�F��"����M��2�I�ɍ���B���B)�\�N�jb��j��ƌ~��bɣnK�T9�Og47�	�!t�?%�쟙��՟�Wc7�ս�:i��S��)��S����\ ��R�r+�Ϛ�D�O!�?��&]D�b��8�K�x�}#�ri��w�lE�1�nWh�0��L��S=Ƭ`�|Q��E�ĊZ�Dz��:�H.
���$�^�O��E�Yљ����-�e���݆m��'r���cZ:7_�Y4m����Ӝ����S������rw����/�e%K��l�[�W%��> "�֛�5�J�&��I�{��y�Y�`U.�vZG�U'I$�s�8C�U�a�����]7R������4CiH�"���xJ5�CӅ��k��S�Cpn<�[�#��)]bJT3I�ܫBmO䊰9���3����N�ο��U�}��ݦ܌%cn�O)M8Xz�%�r��H�GFzjp��DRJw�t�My	�ٱr�x�f��m�ę\;�2ϒ�SzrH��>ז�6w	1Z�H(wfG�O��P#<f�$'D�n���<��%��!T�ӻG��l��|%�m	[T�����R����޲��j�'`��g=�%��Pu�����՞�{�o���HF��b
t�;�:���ԉ�-?��������g�-z7��մ�Y���{-�ҋ�jF#�u�J�6�2�w,#=י4� ����+mU7�!Wʽ⺦�W��o��M�	�gq������ۋʠٗ��&�����n,r���b/��K����rV��*Sߵ3i�P�4wF��6�T�u�L������mO���m�o}J�4�8��1�"�]b}à�͙'-��G�o��^:p�Aa��
r�Y0hȣb{.F_wa?�y�;����O�dW ��xp�y	�iFڷ���&��X�����84Y�״©PJ�D�xj�[SFi�,&�`��J�!�**ᒄ�>��U���2C�=Q�2�S	kjCc��$-2y��ϊ�O�� ��b^n�6�A�eQɺ�(�����_�ߋ?)�l�즼��h@�뙋������H�8�ٕ�ғ�xr�bu� �A�d����ų3H�J�p�?��/n�τEF�yC4^Ai�j��:��ɀC�쳄1-0���A�6Ve5<��T��D%���$�w����L4b��W�PNk�vt/�<I�~�qd��넅{Mk+iY�ۈ+BO��ڽ�[IiE���O�'�`)�.�C����^��IX�JL=E|VĞ%"�8Xj�}�CF~���ѩM:gu�T�S�	ʍ깓��L	���G�dV8��U��҆��k&�TQ�+����`3O�u}��\%�)爖y
��@�JL���_����Fu�	��A��c
88z5�)#Q�*Rd����e�.�j�{h>��%�arZ
nB��"�볶ٳǏ��*������ڞ`y�
uɄ����B0��B��r��8�����l�-��!��5��u猎��C3�QOv��e�����,b�rƜ���ֆ��&`�?%{�X7��ZY~�>Fבwwʼ+o��"�w���#������f��Ķʈp�r����H��.��y�'���lӟ���'�5��>(���_{t�<N�1� �ִ��%��s�u2��p�����;%B,[��2١~�C��]5�����]�4�^�2�3O0{,�!��G��mb��.OPќ %��
Ƴ�$<�- :��g�R �l��D!]�`\,#/�0㍰]��x�R
�F֗H:�e�Ө����=y(�	���- �B"B6%�\���1O!ߣ��Y�-tl~��T(��"!���t.|��A����C��&)b�1r��q���M ��y��W�˫�h�;X��B�V���YA\��n�w��a�|<;c��[F��;0�r�3v^�F�1��Z����%E�k���fE)�.��W��肱XhIFQd�(2���&9��L�x��ٓr`;��j���GO�o��2����ӧ��u,&S�a+>�f�qS�:�K��]Ei|+�_;�������W��!#UK���,��N��j��
��;�=���P�1�ʕ^S�����J�x���P����A�b�p�C���4�H���ГE�xiZB�;��b��|���C4�Ae}���|˸��S�pEv�f�%z����U��7���_�]N�$E���)_�Z���'?���	#=t���������"x4�qC��I�@�ZE�`fk& B�Ţ� S��y�vv*t�bL!��Ҙ������őc������6��R�K��9ԓGso%~��]kkr`i�3����5�xH8<��*!��Q?3�O�U��Mq�8b�*��'��UZ�d1k�T��������q��-u�iK�G8�h��&��ĨZ.WH���g;q�x���D$G�"G��V*��/q�Z7%�9ߓ�˨���O ��5�|���
��Ǧ� �� �Il�L��=D�s��,�y��h�4ۥ/�K�Ά�2a�k�}�i��l�K�m�Xu�?V.��y<#�C��U�D�����v�L#�QL��.�t�%F^*��:dvV��Niy�)�&�ֵĥ�nq׫����37S�,�����
�m��#(��tz~krCE�ou���0�C�[2D�1�Pŕ�μJ�2�N�+��!�:�ǻ}ҖK�3�����`�҈�
�ł��=©f'��tvكM�I��Q��""���������L�h�pc��K7��
M�ށ��#�;�m�U]�Tl����v1hg9�M�خ�F�A^�W*I���CU�V��i�d��ڥ�-⮏��� -����,��^K�G[d9�ԉ��ɫx_ �9��_�D�O�^:���r�<��!�eV�N��٪���R#�ZT�1(M��T �^�?��ax�"$�b�t�YFq�W��O�{����-H��{�}ho"b��LT-�-l�qM���l��X��f�L"B1HBP��R�ժr`�5�Ƨ�-2��2x@(l�U�yv�{�(f-$/ I�UKAU�8XE�ҧ��Pasҭ/{��ՒC��z�V�����	�b�G�Dv'�y�S�������E���&��t�g�79U�K8Nd0����Z5����fά�������4vwڅ��[,���{j)N1݅��Y*�>A4��O��B$�l<����E/�lt!}�K�=G�k��D���U0�.ߨ��� o�L��eZ��P�-Q���e�˭�� �`��V<t� :��^R��RA|y�	)�<�Zq$ҵ��`5N��Gd�O���}k�6�z)��3Nb�>:c���y�WiH�+��sl�n��*�_:3�{�g��>��k� �>"���An�1��l�����|���8��P�
gb�`CA�ÿC�ժz���M���A�k�Y��l�H����yB3���1�[o��� 3�c���t�c�T&KQ�h��G���M�҇���8��j=�ם�Ř��z�CQ�!8 ��m�S*������wAAU��d]	�H�RY�o��{ɦ�J�S�%���)��'OoNۨtI��k���]��Q��D�R+�MN}%�)���'�Z"<�CD�)#�+RfK ��_�n�~�N�Nx�&L����}�M�	qxMh�@�hA�!��.~�%���[����.�NH��m�V��v�?���f�$L�p��s�z��";�q�*\ G�{,�
6�����3�Rf{P�+�d�I4�Ô1]}��؋1=���p(uH���b�Є�ا`�aɊ��=n�^�4]}���l:����7Y1���GU����!+�����",%�!�v�|��b���%ީExU%h<R�:�)�,оqS}>!Y�KU���}�|�7L/-��h�oz�d�Tu*sw�Z��M' �T:�����Km��w�Qߵ\(ڦ�6u"B�_�I��]���2�B�N��/��k�Ka�#���92��[)���c�Dq�r���PD|��EV��5�9�a�q��TtjK�Q�����,`��Ҏ��"3�}���t�#E�L(`�\%|Ub��Ίݙ38xJ1S�?��a��1���?=A9��Y2�(�T�ŋ�E=�e�T,��"Vf�Y�i�	~;��$jTcܳ�^��G��y��,%�T�`�@D���I���/�>e��������K�mŗ	f�Q����c�A'2A�,x�Tr��~�O�#O 6�x/a��lR,{ԣ)�D�~��8(a{�K��|��+�}tF}]2+>)�Mi��ӸVt]���M;D�V�Q���a�:����S�RFSUq��20-=	�P��x)�@́\�p�`�"���C�r%����Q��gY��+�����؅�]a~�gV`�ު�eJ���%��~E��#b��O*[�`hhS�*���O�\�l��1���Hm�4��,��V9��[aV��远�K��J峊bq�B%=o���1Z"���ȭ���%��Q���P���K�<�Rȍ���:�v#�-%৺K�(��w����?}��&x;A�Z�����Đ��~6�{��(�ϓ��jhl����;@Oqg3�IԽ��r�<��$vF�;�D��p>!��r��R\R6�Ψ���oxO�w��Cz�!�N���D�?���w�ւ��6���zn(�/bl{��SK�mD_�U���>�@%��������j]C��=Jc��@yK7��0`$��$�ٮ.n�,i��n����E����\��T�BP�C����d����I��O����u�ԣ&�@]!�De�=XU�Җ��شt����W�D���bP��{ө��ȅm?��r%��6W����T�s$�!!}`ص 9�V��Ǜ�ʜG���J�SD�L l�����ȟ<D��pև0H�j��}J<,S��w�
�P���Tn@�d�W�s�ʻ�!͞l\�=N�.u�ݶ+q~�sHqU�Q��a���\N��s�R!�^��]�[�
�E\������dH�f:�Z�|�Mz�K#--�Ă�3�z�Y����u����{��C(�G!��eRtB��v�dT�B����Bɭ��VCgT�xvRӍ�'� ;}�����M�:�zi��o�eL3����<������s�o����İK �)����2��N��m��CQy}4s�|7*�H���IG���<�e�:ߨm<��{����';�4�$��;�09c�7�7~�s<K`sJ���.��M�Uf0iO���:j#W��9�I�������7�٩~���Bs)�%�6�j�~'��Hfq�S� ��D]�����c7�WC��u�0��]��l�nRږK�|��l�j�6�|Q��-ۡ�F��Pac���j�Zu��b�ܣ�,��V��&�T�>Y0�-̈́�i�`\���[-�P��'��.!W�����d��^��%�OI�%S�n���Dl�n�7lo��e1�`��Vr��|Ҝ�����@����&�����eйY:o$���g؃��E[�Y��k��1U����@��uުsf7��ZB�фB�@�J�YfX�F��J��(!r	�n�MM3X_����0�]�#U��7���%�մ����7�zg�� �Г��(�	�E?5^�݄?(cՋ��/V�G-$"�
����4����M���Txd�@�7�Q�V���l�5m�������� ��'�&���I�C�.�ȣ6;Ǿ� 5{v	�k�\���L?�x�Se4g I3Q]�r����Q�%�
�0�{�Kד!��}+�tz������&��36���!$�Pn��T'pU(��U+mZ1Τ��Dk�zL�����q-�����\ާgҭ���b��?�+wkk���U1�����Yٮt�P+���� �
R�'j�����)�MT�f�ӗ�2n�3��<�9��;�?�&��OE�au���3�ү��{����2"De��$�w�����U���p������j�32ǫX&�_9֞\�� t��A��>�jOش��6b��+v��?���|��:)=�%�q@(qiD�{]Gݲ��V0���*��B�g��%��Y�8+��|�宲Λ�/	D��m�)��'D��nw�Q�,nGfq��[�]Ks$�9T Uz�F.2�!+�����H���Z�����K�pB�)���,�%��C
{�n���xRB�E��4O�
�Ք{��g�,�����a�P���bP����T#�nq֩|-�����:�Kf�Y1򨔜d4�L��'�Rl�c�����z��9���3 	W�l"�nB0$�ar,��3CT��ؓ$G�=����7�(���V0�0�����FW���1"����ay��>�Wg�ޑ;�qyv�;PMk��V$��&
|�><�ɖs��Hܖ9{��q��&����	 5����'�2�z*�Q>>�4�D�2���'N�QbB"ьP $*۵�P���mW��%�V�d����I�$r�?yI:6�����q:ܭ9���zYL�Tq{N{�%�=ri�œ��t�:N�l*{�~�������~ھݪ��$!?�$�O�������� 8��KuF)��]�Z"\.pզ�G�E)��u]1l����1UH!C�'E�t��~z9�}�T���B�*�e:��","��-�}yV�-��I��qdZ=�c�Y�:y���QJ��Cf�JQ�n���x�v�]����Ze���D��V���g��_y\k
j�W����-�[&cT�@>���}$0_������0������%�|(-
���"�$8H?�xi��s��SP������h�'[m��SdC7�d��T�<dO{�s�1�����H^Hqf0�c�OF�o%�^.l�FH���9���	�|H�䑤'Yub���܁��D�@�CB�U`��k�R�����N�R�Y�ũ�Ǝ~�H������b��RƐ␺N�l ���3c�d�[.���I6�1�*�7]Fl���MnG����?u�7� O��-���U�b�����M��?ns���ߡ��r\��������r�314,	cZ�Tb���J1�o�MQ�f[.��K Ψ7��`��|�&t"$���M�<.rȓ���P>�m�e��>�]��19�W����T�=�a錵�i�yv��i�3��) ē0�	��Ϝ21/�T1��:ϱ��=")�eȖ��:�#"�Y3�X&�c��~S��(2NV�EV}����t##�eP<������h �s���CԽI܁M�� P-Y�YK���Զ'�ڇG���%���ݗ8,�Ji�2P+�XϽ�B�Qi,'��"��*D��^�i�c�H�Y�v�&w� �bfRO.�ן^������=��Q2�SK�nѷ�M��.��vȕ�']����t,��B�X�{z�$Pj�}.m�W�2/]�ɰ�d&�4�=S���LirLĨ�V�*���/���?��g=����'(S�<�p�����?M�)�~+m��Y{�Z��PN��cҮs��դ�l��]�T����`��� �M�VjPM��h�n����m�N�"�5�딶t��-�t�D!�0��s����D�ҟxJ���F�ZiO�i���Z���*ꌂ�E�cSS�8�V���[��T�
~����U�K�^�8x}P�2b-�Sk1v��-�Rk��򈴘�Q�}f-pI!�Q���������TJ
N)F�3��9,~m<a�gÌ�/�"�Vڼ�E ���,���ö>T���E�n����Q'M��cm$�z�W�ޡ �	��|	�D�[��\S��(`0���|���>��-Hs�����Ӈ@��Е��|�T-Z;(�Ȗ�C���sDA<�I����RYV��Q���;5�ԙ�
'g��٤9�OFS�x�����k��e��J}9�������&Ķ>����g�5�IlO���q2N4]�q&�֯�疢e���b0�H��3Sb���R�y��$�m�l�S7�\����u��f>F�z�
#��q׬��!�B��S�	�r�2�LB�b�7��'V��K^*�;+b���;�x��(X3MEZ��*u9�����&�f���E�����됎8<������E��*M�D<I��x�?�xw�����'��|�l<�t8ϟZ
�Ĩ�,�X�7D�W�!R*f�Q_|�����ң!��g���b�#�y*��Y��o��[]��=/e����`5i�n�\_��$�*�W��ٖ}\n��W@RhoCmm�jtl�\��9��oi�t�@�&$��|J�OE�%/4e�׏�\�����sg�G�;\�\�WT��&�t��%
p�f��.NT�kO��8ׅSlV~?���Y�2{�5T��
�����E�&9���rir���x����p*��!��~�q���n��:�e���qK�l�6OH�Z�%dQ���!ݿp�p��:Y��ƒ���։=�9>c-W�����MO�b�}�&���j�uvS��ͦm�:����g��
�=(�Q�I�<0��G���P���.��IWpi<+�;D�\ �A7�%1\&��tA��p��
ϔYIgm���*G����ɖ���L�n�*yȤJ�=��0l�=<�&k���.Q�)���v�ȝ�����_c���.�zYD�w����B<k�C�T$�y-W�m1��`��xղ�D�T�O�5��b���Ud|�I@�ӧٓx���^�Ȗo�4�R �uI01��:R��$ ����[�_�>Y�_�����oN@5׳l�)�&�>.�,�Jw��J*�એ��vj��Ұ*�� v�v*�%7&X}�Dp��O�m*�e��]�o���یzul߿�с\n�=�X�3�
iyN��t�Z��b�m�NӘJH�j�&+K:����AOl�.9�\� O �XQ��&��YgW�uq��Y�n����Cs��S�y�g	�&&]�XUy��\}�
��	�Wzr�X�������u�5=5]j��U� ZxiL�Zo�Yy*�K����>�io��>H����[��u��s�
���R��sА�I�A{���U}P1Lg�y����D��oE/Uy2鋿���tp�l��D�3xW��˩���G��,���� }�b�t�=<�4�Y��|uN���A�T[��c��w�w��i��Nb�eJawom�U���� ��;٥�g�<�<l�b�%]o�x7?��%/�fP6���j,ׯ��<��ѷ��Z�l���#6E�)ckt�GM�L��H�Y'(�̮���"�X�.^Bq����
��j)��:m��� א�p?��R�M��d9�H�9�/b�� /��\�4ȋ������)ݒ�)�lm�롤+�>~���ڒY��z�O9��Bj!���گ�5%8�a�M�\�>n�>����`u�K�J�V5����?�d����j�`)!�Q>i�}5mi!�{4��Z2�������j�@�ӞB_U	J}�Ow���_.�1x�?����6��v��� �������޵�K��[��G���������i�2Grf1�4��)i��(�2�l^{��(o�H��ۛ����ZEHm�]����D��H�*��D�>dg3&^��� NS�,�!�$G��ĥ ��QJūV�8�0�\H��Z{��T� �3%d���ѵK<� K�ѧ�'ӉJ��+'�$
D 	��	{
J"_����Ιj��V�?Œ�"��|�ߞ�n[��ɂͬ�`Ŭ%�Ād�LrlߜKsiѻ�M���\C�ա}๹I�SEnO��2+���6�Z�1'�ɴ1:w����It\l�Gy�)b���	xF�M�Gl��{���v׆��̺Uھ#�**ct�ҫc����rƬ�Uf;��[-�S���j�N	n�Q��(p�r�sW����(��z�/ͽΈy�h;��,^H����r~�NnhoBp�	��t�Q�9���.�DxS�#�����F�Kz�)}���K�S-�d�P�H���OvjU@�		�~:(����g��qP�'/��M�X�Ѳ�C�3��Sx���Pb������H$_�� *�}��-l�(S�2�Z*�`��qlғ���fO%�!���fVL��xR��ғg-�,2�c��Ut�r"	a�B!�߲9�^���)�?�:��7��((��=Ux��Y�#]R��.���d]�	���=���᧫ǖ���g�RhkxSF�3�����w�X�U��Q���A�wS���%%ڣ	�fڂ��eV��T�y��O:��%xB#�x�k�7q��%�q#3vW��'�hhu�-�M�o�[�rBA��*d��P�O]2��`O�@d���g��*�(1�x�D1�(�b���GZM��'1�qu�tlT���=f�x�p-���3�"�U4�c�N���ft�>�s�+����0c�����3�w`E3��=�8X5����%V���0���p����~N��fR=�3�ӯ����kS!ls�,��ڨϝ@"hh^=Iä:N:Ȏ��I��}{��P���R�<~�$9�bnA����(x�W�,@���!��&�F�`��I�Ĭ�6�z�`�S�@�	�]��i Ĺ~W=>N�S�
|wp�[-?7�s�;c�7a1Egǘ/"e��H�'��NC85*��On(�O�N��~�Ŷ���JP	[����b�d:�HХ��6YtvM�]�-H�z�g��yƭQ֗`�So&{�$�Ǫ�����J���+�;\%(C�ț�+��
�ݼ�l�w���ߊ���Ks�n�a�Z�U���{U�A!"�'}�зm� 4��p�UG��W��Θ�
S���f�IE�X��xՆ�%"�Z��ګ�5F�Y[�<Q��h�^��:~����'�)�x�N�&c���h\��:X������M�|��� s�ځ��7H��a�(�gA�=%k�1e6[<���pԊ�E"s��3����l���[Ya
P<�	�8ڻ5��B��Ƌ2B~1r���w}�.�!3Y"P]Y�M�Mq.��gJ�Z;9�%��)~i��|����U�#"����U$TQy� $�CAB�vW��:xC�\�����e�4�J��i>!9B�)��E���5iD��7f��x�{����&�}��f���������G�a��ƺ��s�;�dn��Ta�$�[��	�J�+�ɨ��$j�t��bB����(�Y;�t��z��&a��0�C]��^W٨I 5t������[�ނ_8mw,���ؽ�TT�� ��*�gV� �~U�ܗ� Q�K���T���ʰ�Y�R�%1��E�W-�"��!_��/�˳X'��&c>����O�u���G�u�ܒ|Ι��$ɰ8��|�;7�ʦ����\Ȁb�{#��K����(|�S=�#@�;�h�ր>Ĭ������<~��%a���&m�eA� ܗ����B�&�ֲ�<�St�G�W��$s�%�}�;K��\?W�mR����z�=	��C���Y=�htvV+[��5ILR��UUV�7���p��3��~�E�@�:\z޿w�ޜV�:��T����̎��⑷�&��z��>�l�!�1���e��!n�<�`�K�M �Xϧ���6�E�{��Yab��6>� ȩ"c���]ҧh�33�=aS'�,�dS�����n��r����O�|�Z�LwFK����c��{��Mfm��(����x�����Z�:0ڂ;1�.AQȌ`~�"�U�<,˲�x�F�� `t��B �]1<�K�:���9-�����}B�[U��5���G1V|&�^�C�lBө6�(�(;F\C�0�O��"3(JOB���Ls�B9\W"�Ojܟ�a ѹ�d���O��O�\���������H;Y�]�d=S�@�!]��\�*gN��c�v��}˪*\�;ⶄ����z��`.=�('1|{��}sH��!�AN=`�e�ӇZ��.��$4,�v�d��^z���CB���w����Gmp��b�BG�ڞ<eP�^bk�D`X��$&&��%9�Z¸�ۿ�0�-�J ��Z*�`�Eʃ8��U{��&��ݣ=��.�!L�\KDM�4"m�����W�|����i�~�Eh�PO"X����~3������^X?:��3<E-�����2+>�g���Ɖ�D�v��V�����2&�U�><T������E�Ylz*�b-�Rf�˛d�NiZ�X%F�K�`��5��zg@�^O��U�W�n�����'�w�%0�=�+�f�$����dX����*�g�0:!�T;���`�9-�A��Yc��W}�OAE9�+����%,=e�r.6�A���+:��j��LJT_�Ӏ����hoO��> `N������ކ��Q7�q�G`��i�dy?�*�����'�)@�DN:b�>'��(�Q�:o^˕�z��J����s|�������s�{�ހ��r��2�d�K}�wL�*�Q�]x�f���̺j��m����p�O�[�9����Y1��V��R@��-N�ndF��D8rݗ�Ed ��{Ti�)���i�:PHQP���6,�P�LXaФU.�A�o�z &���s�O �.�9:���N���ϼ.JկI<HO���*Lݔ��@pRf僳yEb�ZRW��/�A�AXT�N�)��P.dj�jO�k�y"��]ZQǵ���P�`9�V�å�6P�I�dD��"�C�u�Ԅ������4ӱ���!�`L�(꘴o�Ygv��䝃�d���EE�z+�q�����;�A�f�
Jh�l6F�Җ�,U� �����F��h"�%���4y�L�����"
��zC9-4>�T�7ߕ�
���M��\�����Dq�J�	&�F���`������B��K)I�.!<;�g*���'��91W�հw�կ��A�ڇD��I�d��ob���4=Q4/��JT'�8=ߞ*'ObM���5v��WK��|TH����.����A�}�o`�Z>�T�TQS���ѧx���_��@�%
�h���DW�'`tl�ߊ &���2xx&�ε���%��S�S0:���/�`�Ě��Ւ&���]�&K_��&.X�ޛ~,Y
�];�qԉz��"[�s}��S���y��PIgE{�%��+���fz��[.G��!��h>��&{����S�ƅ�B�O!`9xbl�q�e�Ȼ�dK%���C�&)>�����[ܕ���E�[36�L���N$�K=H�8�&�:$c�A��j��$�IA�&�G�Re�	�sJ �	�VU�Rq���#���$�K�fgIKƢ#r��~��?��z��F���/?'����Z�RK���o�CԄ�T����0�G�O���jז�'�	G���ӊ�R���	d�+�;��D������dRK"}�"=d�+�?l$��"����Y36@��)�J���c'���k)��*l+\�Wi��S� �U��r%%]JC�}��%
( 1��+2HA\"����,G,�ߵ��#��`�uJ�M3��G6~
���+�6'<��8�Y����2�TEl�K�Ǧ�Ġ�z�Y{UӉV�X2�g�h��D��P��YY�ٱ��&�ړ�`�b����fr��ם�ʟ}�D]⡼�'�j]���_���z�A�x/�-^��0��G�璱�^�PH�����mֿ�⤀�����1;N9�خ4B�� ��'-���s�����4�"�8��L8�Cn��y��˪�� �~��w(�������K���D�d~�c0�	=8!�����I�\K��DD�V��������n�?s��[����'I���+�%���?C'ڗ�'�ړ[I��/���na�!6Wm<{�FV2����/���w���A��zͮ�n �e
��r1�ң�@�Jު��:'���"�<���G_`�=�xt���	. �S)�,ㇲ�܌K��_�^Ww��2��q��Z;3�8�+a@Hh�	�od!�G��)�ڕ�`9օd �H��gͭ\�y�1�:!i�<�,��Rڔ�@@�4����w���_��������p��S�ɯڼ�|Q�KW�H"NoU:!&�R`��;Ik�vv�C�~�^Зi� �9�4�J*=�b�>|#c�a+�� �_�����/�}2ܘ�LxS������Մ)2�#�~���.��Y��;$�n���D�e�:'�țL�T�,,7&�9�(R��M��iy�F�J��p���f,�:�8h�����/?tq����}"Pky=Neh�T�6�껾�+�qK���eA���E�;��X�;*Ƨi�C�3s铁x�	H�>`��t'��*�:U�/҃�=Ci�*�)-��^�k����"��Ԑ㏶�_��t��`إ���#9�_�>����q����c��Н�����bA(�Y{%܃ЖLH|�I��H#���<��܁-$ �C ˕�DnAЩƨ(�!O5a	;�(��Dq{ԙ!�ʌQ��s��G�G�����0���&��߶Ϛ9��H�%D"�eW��3�F[�
K��
K��7%c��p�XԬ���:��;��Z�C)���j�k�M_n<
�'ɘK�E�vF_t���	�T>��K`F�{�t�z�g,e��0�8ve�D��jѢT��}�l:j�(U�Oj:�rE`(��'+Lb2������b��%�_�R-�Q�:�����G��$��e]��Pz_��
U�F�3w�g�ͺ�r�J:�I�L�u���ͧ�_)QA����3�8(%�>�`n��3C���y5KAJ�N0S��l;LA�7U
e�U�׷I+o����0���H���v����`	-M�@�s@�QK�:s}�-�-_2�d��.��R�]KPu�昄�ef�ji��<2���_*LO������2b@B�$�JC��s�u�]�"2vE��A�{�P+��� ��po1���˿Kp=�f����ZEP��
{����>U�G���9�ӫ����*�_i~��r]�Tg)�Vd���E�#^aP�pHi��������b�՞S>�60F-�bCr�d�>+��(ch������fr�r�܃�,fSa?o!ǷJ�M�w���1��Է(���U�!�CA�;��I/�ꨥQg}2�ES �BE�$���R�&Dq��p�*�2#�0Fr�v�����G0U9�]Y�[�d��u��?�m�����}�qt]_�����,�p��ĵgr����8��$����/c~d��01o��9��T�)���I�"�׈�����4/��O�<z'X�Z''zv�:�.*@��D���C�$0�MHqJ��gۤ�y�\���~�(r�I�����������e5#��mb�n8Y̠�ۣ"���<v��x(�%gZV�`���G�B�p�(�Z�Qn�/4�Q���i�7N)�֞������t�����i���17�`9����G;�����3�I�$K��٪qWWg���M�
H��"̢�����K"ۑ*Ob^�4��fN"/���:']���.�^��89,[>�N~�x�%Jɫ���'��Sn�>c*xoj�]�J@UdeB0$Xz�Oaۧ$�y1�EVt�!��oIͥ��T�0��w�XQ���H�avI�hb���\���pR�s�������r{��V���Qي��Fѩ��sX�b�0��-bP.�'i�B��� �GI����Þk����waշ��)g$�>n�2_�����OD�`9���;i���tkI3�Bi����9��r�Xf�\�7#��
�O��ͣ��V�9Y"�t�߭�<�V����T���i�%�)�H0��U�����ipC�u�8���f��^R�p7��-��&Q��(�E(�*�ƃ��H��K��:�-�ʄy�>��N��ϵ��n�����6��!A�!�))�\�o^%b���(@�li�qJ�:�h�Y��������}�K	�-0��{�IKS���x�����68��4:0��K�,�)H�u<˸uy��MT!=�m㗩=;	�p��
��+j՜��bw-�ͪ�4*���ֽy˅ez�?_�X,��Go'�Jv�s�l%�Z��'�%urԲ��b�����	�26����S��9FW�Υ8�?[��C3�_/� �YF��p�ܠ�C���I����ni>�嬄�c����ω�*e#�2�� ��қ+���Q�V�hR��0o�BG�" ԓ<�{�ߕ;#�� �)��H͕����$V�Od�S[��q�0�U��&�>@O9���X��S��'F"���e
�'�P�Q����[Ń΂;�6֋D�~�9E+r,^�60D�o���bZ�<{xh�cj�n
����9b�7�HGVգʢA��џ��~ɋ���ZӲ*ON|d7��� ?�u��s���ﲙD$���{l���'BQ��#�Q����:��|;e�PٞZ����R���(��MUש-�� �)˾�}%�9TنC�jgn��IB:��(����>�t7QR��t����K�$y�n.ԁ�����_	��<�����r��E�v�hTm#ԑ�	��ý���0=)e#U�Mx�����X@X�Ƌ���\E'�%�F-B��ףW�Z�T�Π�r+n����~�g�g����OK� q롋+/����^8U�ܞ�`,�� #����SVhuI:�{7�f�O��UG�ߐq�-Nb�Q�v��g���G�*K�O 6VW0�$�"����M�F�:��B�/��-��CEtן�m8#Ȩ��4y�GR�J!c�B��;���k�4��K�=+�K�K��.��%���W��JU��ƨt��t��k*1X�.OI"�iV��H��
f�D�E:-��7��!B٥�]Q5+�`kC�m)7E6g$��ove �,�4�h�Z(s,<&��P��G7��̽���ޠ�$���,�}&�p�I���r�!X�&�ܠCa,�]�f);z�ۼ�Z����!vCѝG����`)��˭�Z׷ �o�>c-iN��W�$Mb옂VW�w���2���ۙ����Ѣt?��~h���U�!� \:'~�@���A0+��]�����   ����[��Ȏt;%Qo��M��1��G`QY{wu�����2%2W��3�9�L�rӃ%���S��fYw�ږi�AO���hS�����x�E�0|$A�����,"}�R)��w��+�K0f��>WI|�>-����RH��/1#"�f�7�R����]䆡���q-�%.��#'�h6%Z��[ɞw��	�><H���^���`)P���pHE��|)�i:�P�Y��ש�������PV���&�'���#�刿" QYdU{�E*�BlGb�vB�I҅�&����=Ȗ�X�_1�<���1=ye�A3t\������jTlc<%�W���xl�2���a�Ij6%�!ӆ������qUbZs�
������"qW�1�:Ӝ����w�:��	�:�Ci'R|:i3���M\�o�&feW�4�c�S����Ny=�ۼ��QJ2Ci�_��bR;�U(�������~
x{$A�p ��T�T0m�7a�����/=�Q�t9�#	�T�M��KO<���t�t��@�ب�$��wUO�VA13�LDұ������E ɰ����+x��E����գt��Kr��� �~��Kr��U4Z뿗dS	��T`\߂u	*��=K�v11�6�sש#o�<]�d/|·�K���=��Mȍ3�O�o�`�ſ�pk%��gi�Zb��\'1�R%��>i�W)vF��닲�E��%�W(�c���W��W��E. �8��p�xl��_�2�8R*޵������:�p%�:�`�wɧ��Dp�j�"˯�R�4т&!`���Uaڭ�ȗ�\:���D)cf
Q�����>E�LI0UBV�P%�褳������30���-�_�����;�v\�<w�[�Ԩh�&�哒���黒 �.U��U�#�w����y-3��M���o�ΘK(�G�ʹ`u:�&���O�
|���&ʦO*��"�ʪ���RK�҄04U����̻�+a��i��Hl�ɠr�)��C�K�'!����Z^������.�i`�2�n&ğ�j�%�?:v�R\η�ţwve�[�:���>�3pv�[���1��]ϔ��Z���6�Nv�{�����1�nD�s]<9R�V��d�M��4/�F+���Q�����]r���jT���4�R��*i��#j��?D֘ݛ��7���0��%���x+%��(�Xء��t�F��R1R���C2�u�����s3bt�Ӊ�:�d�{�o��0%�&xtP�)���1u��
V.9�Wr�i�獵i<��<���
�����<��{w�z�oC_Qؽ	��PP(%��N�.�ս�,���`XQC rx��b�����*U�&E.���Rl�V�ңi�g^�\Ft�a��u�-��Y� ���(p��Eis���E����!�Y���q�PU:�Etͫ��C>1�Nڲ�fT�όv�#���\i�KO��/J%G�q��\%
����-:�)gb�RǨh%C6T*�l�+
���q�����(�3q�q��c��G�^o#��zr|) >s�z"�L=�FĎa�n�MfZ6�+�޳����"3"���~+M��	w�T���"ѹo�� i|̫dlR��"�SH��z(|KzQʬx5�+����$�z[�o��
BrP�ʲ�z��n�^�y-l�{��isu봆{�.�����ȇ�^��>��2�40�'�.��;	�"Z�ڱ���k�V��z�Г4����K6z�5#�����7#<L}�c���ѥ�=4<�X���6jO݃l�*�x)Լkn"'���+ǣ�A��<���P����DY*x������)l""�5��ձx/�.o�ޣӃ(գb�K�KN���:�Q�`����?�T��XV�r��k�����"�Mn�@y�z@�!�^�B	�Y��^_�,�L��M�poTT�2*����]�L[��Rb�E��&�Xdշ����v�G�p��:�����j_�R�
^u0��˟x��Gk�ͥ��[E��������Vb�0ܒ�Zy��0�y�6�*���T9���а�?jA�"�Ԭ�]U"q !���DwCS��N��o5�"�g���GON�����M��~��˝�%�ˢ4��m��^�t�z�XW�&K�D��r5�
�_�EX���:�n����m�ѳ���T��<e��x���)`���x[�u�A�����B�xqcp�7�lG��M�j��!�K5����ߕ>n���INd�^�A���_+�x�q�0����j��q
��x* ��4S��2�^o�	�ʍ��4ʨʩ����G�I�]����9�| 7#>� ��»�ծ�f�-�z$m-�7U�Nv�K���0��d ^M�w�qcIz���=��v��DMAL(ix����S�����G���t��oŎ�MP<A�YF�C�)9lg��UG�����c��G�N��Ҝ�c����xfq���؀�҈S�����O{�&]�����|����y #`�ޢ�;����]���1�Y'�����`���zmA#�U��L�g��}��`)�"�}n.)վ�,���[]�(du��-���Ԍw�ۃ7�B�uz;��ė$f3��$� KG#��������˱~��V�薄M�ԧY���4u$�+�҆����#/Q�|ם���˾E�����PU�'W�7�;�]?��q�٢)�,�[����Dۛo����]^n�r ʻ��o�I2���@�d퐛2
�Nzz�ٻ3�/����	-����'�7�;د��fd&B*qE�����)4�W��=1�f������
��$�ܥ�������DE�X'pW<		�L��k@�����T��R�e	��c����U\D�ɥ�&<N�_�35�:���.|�k/a*�|U�ȦM��
d[�lN,����q\���DBp�e/6�·�8ϥ!Y
 Or)�~՛�� ��#�Yk�L�|91ǵ����{��AQVvmpPK]�W�Jа0E,{�dW��%���W	n)OB\��
8�lm:�.5�(K��p�Eu��Y
h�V҈��q�����#�[/�4��{�ǻ�q+���M}�@KL���Auj�+�N%��r^�m	Y���=�nz��K�X�
�Ժԑ�sf��a�Y1����=q�����1������������br�d�f����AAh:6�z�x��q�YJQ.A���W5���$�ͥ^�]Yѵׁxo֬)��JE��!�sD�������e89�l����"�X���G��>�� ��q)���e�Ǭ���-�/C����$*$ǂ���΄�׏te�]ou(d]d	�
��hB�?l�,�0�_���z����0Y#N,-os�2��*~��"���[��&є���n�L=捯Re's��w�ɨ��G��W ����߬��(cA���J0��+��%B|�pXu�Q �婴"�x���+X��I�D�:�M6U���"U]1n4�Rw
vWs�[���1�6MʃQ�ҍ�&�Y$Q� �١\eT�d�ku�E���C	z5����w՗��u���*-"�%�=~�d�siR�.���gR��-�1����l�4g,�1�������؀�$j���x�zF�ҡ�~KN�Ą��ɣ�3��j��$���(<p�]���"�[�5�_ �A��O�x��t���!/�;�� '�i��z��d,�>RlUO3H�_���f,�Q,�I�1u��"e'u��|ݢ����3����Y�%ٻ��z��t��G��K���ċXB���ʁ�B[�^���B�W}���Z,�C�L��J\�=q���I��,�\t�G}$�c����)���4l����iVǬ|�V���)&��䔟ξEM�����pW� 9��NzW,HT���ʰ_ہ�w���Ş|1� )-�Q�nMe��3l.x�"�^)��DA>^ny7b�9���R���� [2���jJ��"��ȋ`3���g-���U%1$^�$E�_A���~��W��"�i�av0DuN�hh��k.8�<�/�ֺ��u��O��rC��4)j�"9�_�1�p���S]�y�����j+�UJ���wY�W���e83�u*Q�T*OC�Q���M��9
�B��"KEY����y�oY��t	�Tr� ]iB>���S�c���I����2m�_f?FO^�.��J���SzT�K��1ȼ(6A�1�2ْ��L�B#�|��Z�,`�ް
c�������[g������!C���o��ӱ�ڧ���%����~b_�An�3eN3:'�X��4'��C{��c�ck�?����<ȡ�%o�>?�ٜUq��S�I�������=�nXެ�1$o]OG��D����MI~���:ԣ�CD,�ݕ"i�(��{���s�{ї��٣'�M�=ljw�@"˒�S �?�Q+܉��4��I;����Y��+�}�����1!�T,&Ͳ=e�<ٜ����w4��η�(<U�cO,Z��T�����f�u/"=��Q�<�{���j���R|)�&7>�B<�}�l����ϗ�� �̘X�l�%�J�^���셬kƊH��5Ѵ`=
g�U`�D�:��zf#�\�@�5���`|!�DOϚ�nBVS���){���E���N�,�D�X q�h?���PGU�ˏ�z��������DS��3��y���v���Z��Q�B%����n��P��*$"ǚS���Kx�ڀ�����p��an�*�9$��P�
��$�`Q��J��O�*6~p��H��N}T|�R�:�p�zyaz���Fn�{��F�:�L�V�p
0���S\3a��٘������D7�D*�jZBߒ�빽���˷��SĒ��:�}�:{�V��yך�8W�;��Njw��<y9]��7�ƒ�(�Q��D�{ׯ�w`��N6|r�]�AF��BZiC�уr��aG��$��d��Q��v�a<�\3_�ν	��'A:��ls����{���5-�ĭ�ȭ[�S�v�L��]���pﱱG���d�:�Nw���𭑙6B�Ɣ��Zb���GC=
go��'��Q+e��\�-U�b{����va�qN��]w�@jn"�@S���֗�MI�֕�(s(M4�{TZ�����"P�t><��p��H2Eq�5+�"o��S�E��f1wB��'C{�$��Z�N���3�����U_B�dZ�L}L�>�+K$��d,�&g�^s$:V��b��u!-JFW֎S<}�����2:etc��ؔ�eQ)���K��.y�8�i�7�E�	���R-ni&T%��+&��Y@�[>䫱������c�ϣCK\h�����g� G��+QH�YW���k����Tg̶?Qɸ��,������?E���x��D��qֳ�w�Nn��ܡ�w��g	�����cӺ6�~�������,�ϴ�[χ(t �sR�Wl�ʘ���_�����R"ǃ��O�(��dϭ����*��¿ G�PAl Ω�!6�]�K\��qhG�Gb��K7��y��S̮I2)�MP���c�\��w�=�����8M�E�L�����UŀMG=�$�tWVC�v�0��F��{Tͩ��I'�;h�X{	�3�%j���'K
�Իñ��[�2<��i, ⶩ����kv=!rUG� ������Cjw� �"�gy��`�uC��
߂����1BKx��z<�K��^��s8=�{zF"B� �*�-/���b�bJ���KK=�(m�U�IH$3��7�~%�	�<#EIPH�LD���'%�ʮ�n(�?����K��l5K�NFGS�P˵m�'/1�C�6X=����'�(r^"|�CIKƱ���7
��R�nW���A���s'UCGi��M�wJ�Q��TM,��B��?�XD������j��|�� >F��F�v��<���_~��kOX�֦<�b�zѥ}� ��[#vV�i&�Fb{UK�ƋR;����>��8�J�сQ|�KdK�]!���p
�Q�̈́�������B%�m���9�<]���Z.�ȴT�9^u�Ŀ�J@�4T���V�=�-Z9�94���3�%l�*�����j��2Flo
�CS ��N��x��{=�3��zK+�ߋ���E��@ �u��Tg�!�4�=�a�uP���Ih�j�:i�%>��&pi��x�0@�o�q�%E�R�]�8a۩���q)c��YC�p�MC���e])O���@GmMu{���mt�x�"c(I��c���U�pC�G�0��&:&Z뭲U�:�Tw2�p�� ��g]�W ��̢7\K���U�{��W��fV�%����)Q
���Z"w	�;�IBX괁w���5����V�6e���P�g�7q�g���:ֳ�:ɭ��&�7�o1��=RX�'�����у"ⳤkWq�PB�����!������X��#�-?Q�壀ǃbrP����0�Z�����{�ĢztF��%{���z�N�Dǘ���E#n���t4�z�0�� �B:�yT#O�b�WeJ	�"����G���٪��\�h��&p}��fc 
ˑ�J[x�D�����e��Y�]�5�$��X�0
��<���i}��+R̶1����P���������`a1�F��t&�4jU5/ƨ�8rv)�$�%�xƏ�g��p���E�!T��ܢ���Wx�w==gOKX��u�Q:�iwe ��f�[��y�5)lB""j�v$��8wC��*_������C�^�K���Y9E���',ʟ�U�O���rW�/='{ w�����{db�T���b�0%�au҄����ȏ&�n�A�����S���Ǘa&�5�=�Y�%�S'\7 GO�[e.'ү�s.�t�\N%�iT*4)�*E^�1�j/ձ�[���՗�.H�uy!���I�W��#@�6%h���Z��d����c�Eǻ�#۫��X#(�V&t�c1�q<�:o��]B���4=y�ndU����-0�t��ӣJ8_Z��MZ��#�\
��h	��d�Q��ԑ��|��=��?���4� ��J&5�h"�_w�zHd�Y	0�
����Q���$á^69��X.��-Q|3i笤ISuG�Q�t�����n��[�������j�C~���� h$|��=r��f��%W��<K[H2̈^#��rW��^���{3�7����&�����t�q�����b���H�<G���!aV՛�k���Pr ʽ0~�����ٻ'm!��k}|�Q�~P6zsiP��7���x>�'	��)!�O�b�2=�4j~�[�΋;.5�y4��]5���aJ	���P.ᄠ�C��S���C=�G�ꥺ�R�[_�R�~Tt
���R���D Q�&�ϐ`�
\$b+�J�P�PF�^�i���hN�Q�uͳ*�o��>�Y{\�Rb/Q��K��"��$�!�0�ć�����/b7*�����T���Q��������*T2�|��P���#R�
q���=x�ԯ.jp���ʄ�*�k�2�4���iLKn)I7v�U�z��06�lQ=׌�U�lU@�+κ^�Y�VZD���c4 /��&�G|5�'<��vnԪ��eE�2m�S���dP�b�щ���hvO�PIHzHdI��E%�ҁv��<K��[����6c׸Q�n���
j�.�����<���+�j��Sv�w�QQ�%�/��%j�tO3����Ōi#u��Um��ؒ=��N=e�k��dS�Ih|W]�':.�M�4'����H�����f�,|�P����E�`3?q���Kx�NSF���*�-j�U�ٔ�cV��ޔb+Z9�}]W ���"�������qJ}��n��\�[�dǓV>��؆2��_v��BR"K�뼫��?~�����Y������:�R�0B�1�[��	�z�@{�4�Jl3Xe�L��͕Fe�!"�
�&~�׹f���t讶�+� ��baWղ��l�:�h-����=.�
`�7Ye�Bv�s��L�Kh$GiH�4�\RE��R 6u�ފ�.h��¼w�=�:�l�VQ9|f@i򧳤hQ�=CJ���_�I2�����L�R��٘8�	T���!���]}�Xd ������X����Y�0��� �B��b��A�)+�kf
�Y�·{�׺�l�S����N�v�E�*!�ЂRqmYQ��\�U�M)A��s��!�B�L��aM�u������>�`�p���8Lg������.a?1�\�l�K��E�8��wT��?�&os�����W�'f &sҽ-b�L�1�Ҫʯ �S}�r�9en�!b�PU��>����WIP�O%�	��z�
(��K���B�^�3�|�
'��Tg�@	X^��3 �P�\���V���݄J�D���l�{���D�A��ż�����H;�[5���"d�L�+>��t��|K�aP�����Av%D�\���k/k��ʃ�2��w� �zO	�e��^�~��c��P��ǽ� �4�6�)D�l���rW���Gm�2�����{��.����W�ܦ6n/�|��5������`�4��q���}R�૮�ͷ\�������������z����즺��x�QL	�W�g��{w�=�K����(Ã52SGD[�
���b�g�p�0Vf��B���+.\�G�$�+sI�͈pO�+r̤ ��M�F5�Q]rγ ��	�L�Qy�:�EG��U&BV��R R�>)`6j)�e��hb�8^�驤+4�r�N�BX��6���>.ޓÑzb���1��"�Y�� g���Ҽ���=%�g}I�shIs�:5	�ە�:4B�o�����o��� �SB/�P�ӥ�.����%��;���	�A��^�'�� Ϣ�U���Qɠ�k�ۉA"W�o�#o��櫾j�++zUQywj\�.�Ou���@CD��#/�V�A���M�/Z��,�]��
I�������ݒ�_��� �4���]����/��2^������L�S	�&�!ކ��<ݵC�U��pc�����5��肰�U���\���_*���=�dWIo	���;�C���Q��Q��>��&��dD�.�k�&�1c\ �חxi '�R��������Vvꈄ���?�ŝ�=�o���'8�]:��E��S2�����.fJ�vΞhE��W��0E�CQq�
a_��G�(Q��d������Ȩ�JC�,������ �þ���z��j�i�3��Eu�cqλ�6nk��_J��J��:�s�E��fFD�A���T�2 �=�~`�n�͇����U��#�5���Q�=Z��E˷z�ٜt5�e55�1�)l"�����^���c�i�Ωp��4l��M�OT���Q�������t����?}�?ќ�Su��:p�Y��ά�����<��U>�eA�:}J��	n���Nw����5=�Ԟ��D�?��l|T��\����f���m��Zr����*#"�WNj��D+B��¦e�;7&�[g�� QKC:�%,��g	�We��E1y�K&���l�8�`�+|)�R����E�Ԇ���j�]��z�L�(y�RU.8�����/����j�%]����AǕ�$<�4�.[ Eq5�ӽx�4I�Ox�|�^~�t�v���Rƻ	%!��%<�"����F���
�!<�椚�}�mw����0���*�+#��7���).t�e�	A���gT0�`������z�E�+�&�[��]"[.b��`����Q�a��V���t��Nx�ب�n ��G1��$�`C|a��I�P�s񸮡n쫢��l$�Dw�eA��w������؆�����::��z)0Ȱ2�L�C!&���4��cew�1x`����)�+#��b�>g\޷�1T-�3��!�<��d��KqJV#���]˴T�:U��_TR����0�WA�D��Vx���pW��5����L�[1X�K�&¤0rW ��)��B�,_DP��TV3���w�٩&�FT�%�)B��n�	f{_?_��rGw�m6cy՛�N�~\p�{B�Г�ky^\ZZ��JW#ꬣӗ��\��V=�-�;$93�PD�ԣ�H|J$/�"y�P��]j�����8�
�&�%�K�	U	ZE��;�ӟ���\��*��\�n4� 31YRƝ��6��!�[^!5߆���x	w�SKRNO>�졾�JT�}����[��IK��ߟ}|J�=�@�Y/o{��+lɳ��.u)����=��NQ�����a�����{�Q��K��g��^Э���B�����9�U��I�3�〳���J��a�[2�8U+Aͷ��O$X{��Di��Ng�P����h�J�J��Qs��l��N4��IZ���d��|�n������|���a�:��K=׻����x��'�Ŀ���=���]�[��&
��{�Q_�&m�z�Abt]P�u��9�{��zq���_���B)!�۔vNeo�	Sw�\�=�h*���Y�Y�������&��'�be�v������}�7U�RW�f+�J�pKHQ�?M�o�`�� }��]䟊�}�M�ۘNru@y�t���~���H|��lb2��I���RȬ[�$��C}�$b}������<�c)�����p��H�꨿�;cU}0p�2x��K�K)�$^Hb����ĭD8c���[ �(8$s�C��!ūJl�=86q���K�8�[-�sK(ݧjS)Mk�ȟ��$�Ӑ���W��
���4]ǆ�%-�p�Q>�w�.����,���Ml��uJd�4yzObH��W���)(MO �xV�*8c���`�s3(�*rYǢ����;���dO�@�}Di{� �"32w�_d{P�lncBK;ȤF����/U��:.~��c�i܈4��7w��_6X�'����V8c�y٣��;	�h>�=L*)�[��ɻ��-\+��C���.�����#��w"���2h�xm����ώ䣓L�q-�����Gl���8_*�̢*-RO34�s�F_�a��E�p�n�D�;K�=�?�X�m�/��������4���>ܯ�������	c��������
���+�@�ި��#�S?:�&?��%�+��֦�r�*"e��Mŵ�"����E}���\��{�ø�k�R�ϒ����?����������g�O�1ԛ��B�'}X�c�1"ܒ��W����P��G=�"�X��,75#U�����G��[Gf��� ���ɬ[�z{a�@�j�M�H�Y���}ץ� ��oՍW�g��/A*�:��O�'�"%|dh'2: �c/��/�Xb �R��H��x(��̉\��^�k5���>s����vQ{T`u,(�ɉc�Zܥȁ|�R��ʨ���Х��i�<�Jo�n�	!�)�h�r��+<�Ү��Q(�{)6�~&�R��&�b'����˹{+@���֒���D͠T���=������Xa\�Ń����
"EJήr���Y�#=Q�~R[[��N}2���w>4yթ��op�B$<؈�%m�F/�
Hڃ�'��R@��(n�P�R@P̂�Ƿr\� X�W�+N��T����h˧�n�YlB$(�Lu�	hz�z,�ŉ0h��E��0��e��Ig=vV�7�*�{[l'��;�d|��ګĖ�Å�]�f&���@"A�\���}׳N:�@4���Y���5�K�d
��^���6Ȏ�C�`��7�!@Z����R�*�9��"�E��s���VB��o<�>T?�:{"�O������BP�Cw����=Ab���S�0/���ۀ�J�MAOj�(�*[����<�sx��?ցd���{V��W�j����Ĕ�?��A?πP}��_�&)R}��n�jt��%S���Wi��-a#[�
_��r'P*��&AY��j��T��jK�����E���V��O�jԛ|J\�^x�V��p��~���`��C	2�>���3�v'h�"ٗ8�a;�}�.y���C��7+�Zġ��%��I���Z���&�غ�l��u
��¼�)D�	��S�����>%]��UH�X��^���$a
g��h"�*!�._%�a����	X�n��*\���A�LS��ڥ����dik���=riw����H5�[Z~��P>3���q���ٜ��*�`��gk��1��%�҄f��|�aCf^���Q;Qh1��ފ2Ѡ�k���$�L�r)ZTW���]�d؀(��N��J~�`#��UT~�Re��
n��)V��GY�Y�I��q����@^�@(2�DD���1��*�K�Vh<X�e�l���مe�6��n�Ӌ	͟����U��;�C1]��~�|ĊO������C;���{�::kD�l����c�t�4ǫ�<p*C���6)�ϖ��+������긾j>t3�)�Oy/�"Ǭ���j�f���uM�!M�oH���P�G��M�95(�����^���5!#���k�abz��K�+%�_��i������0��÷"ȗ�[UzR���qV��;֖��[��6`J0O���P��	����YΥ4(0��n���8���&U|�٦�*��uociK��˳�o��Z*?�Z�W����Q����z��-��@5��NK����r��j+]�\��B~����э<~FX}Z�m0�Ⰴ�ȧ�� ���/��U�[�_�C3�
�'ԯ��7eT��-V�[*��E�.ő|	�n�}!w����PKQdu������%�vK��,3th��"��G�8䱎%(���
�	�f�?*���H���O���i��+nx4T��nfB2���>%)1-� �B���kRx	^�����
�A�HZ|��u�H�qMu'hm�h��cv�PC&��N07��I��#�b��%F!܄G�t>2,m1T���(f�#�|a|H�)��M!�c��Xz5+"��Qw2
��j���֋�I�94�U�(�߻P�PU�Q-6Um�ygФ�ْVV��l���@nbu�2��[F2g�ՙ���W>�%
i�*m1�h��x��W[[zwUm���o}!E��*
��9����q�~.>�(OO:��l��#l�ȼ8�'w�R1sl��a�Z�[�e��� ���1(�L��M�JO!/)p �n���okX����(ໞ��c _�.sdL��=�d�m���dy07�����û���d�X���G��Ǳ�Mb�d�)��O���a,"Uf�r�'����+E>� �<�Y���qU�E�L�C�ə5����@�T�h�C�ۗԙO��\���Sb(Ѧ���� �|���a����Rtz��~�н�yN��p	�ON�3n�ayC�W�.ѾKB�<����EK������/D+�>A���9od
M8j��)�?9ٻ�:L¿*�(;	R�����j��R���'J���(�I�8�L�+�-�w���.�Ͳf��w�O�h3%���=*:�mL����)�z���a�JlQ����È��c��Y�� 46� ��Va����?����!YF�"ٳ�D������`�"%�}Y��
\���2Qh|S�9`6� 9[c�L�]���L��c��Zq�(oq�ι������VE>��J4j6if��U���Q���4~{�Pn�-}�1M�>4+-T�7�)� ��8]e�3R����JL�G��v��4�m�svT�n�$UF�;7<��^_������T. d�]��"�MQcp!�!�M����J��yN����*����$�B�h�X�=u\�Q��)%h�%>&f����'�%Q��XZ�j�ru��8>��'�k�E���cf$y����;<�w˘���$�eH�?wB�4qҙ���+fR�pU���[�G~�@��|N�%l!�=`DQY�q��_*�&;�N�w��fHY�Qt��҈p%�ا��0.>"�:R��$�`E�|«��-�BZ���I L"y� ��z�,�h��r��J���g4��,����%�К��*��Eo�Z�/"�"FD:!0C��������g���Ds��U�|�!m��ŋ8u�clת:�"LU�����q��0\"Y���/醨0YO*�Uf���IMKd��1�/fRaƻ�5;�Fd�M�*r���jk�W�����`��z�r�غp���=i�Z6��G��%c��u�ɫs��Q�4��|dg8+Y�Z��V��P��V|��7wv^$��`�%t��_J+�r��%��H5�c	ӲE8 ���>�sRy�KS�1FA]�)T���x	`ݥ~�D0V���č7�@�tk)U��2_���tSb����D�@nU�	�>��3���%g������ُaNz^����qN6O��T��8��=T�ߒ���A�-ԇ�q��K2�e`ҚMP�ng�A�u��Y�ъ���y�H)f���4��8�'���QG��%]�j��2����%]���C�G�E�0��y ����jx�ڪ�X-!�T̊�K�k�3hr���^u���7-�DeB�v�{S{����3����7�I�^���u"�\H5����AB@�r�u�郞Z��;;E��zѐ0��14Xu9��N/��[l���rZ�����;�%9���q[Г]�ش|�--~��f=�Z�}��YU��V$�#c�81H�q񢒽�d�4gR;N8֢��[�l&q-�3��l2H!8��K��K<1ٮA�.sb�ܒ�4�^���B����s��`�U��*��?u�A;O��ƺ��t�O�wX�ً�
������n�	/
�B��d�T�d=@ko�U]n�����_�����jx)�
��ܺ']3���~��9�J�i���D0kea��*v{e�}	9-�`�;� �H��?Կ�5�C�Qi'Ϳ�ܕ)�5,B����'o�V1�ә�� /��)g�~v�tM󉢑o�%�IC��Yf��]�<��a����X���D�8�9�AFT�6��^�Yfg���r���MboJ���@�ח|E$={dٔQ�Z
��b2fY���Y�+ܕ�̀/eLO��"�G�/���.q,D%2:	�D1���*h���w�>��"�Ϙ��Ue#�s��Dw�*��,X3C��҇[���[H�m�[��!�g��f���D."�]���/�j�img��鿓ت$���<E��(�U�K�ð]�ҹ��l]T1@����Un��D0ըs��=	�q�7G�T��HidJ��I�� �B�"X�0��0�*(�_E��6B֥^�S�Z�.@��g�<֭֗���*=V���Ǘ��E)�v���� =�xW�q�z�YG���%8SϜ�q	���}ꏼ�nV2����T�#:��T�D�_D[
����1�p�Q�0���L�x�����Y��S*l��������;���Y�jbg$m��-�ީ�"b�d�ð;�I��d)Eeil��`uQ,|�)9
�S<� yK{�`t�~���:�Lw�	�2��T%�MQ0Y�(Bf��{{�&�c�ePS @���=�A�
�.�������u�q�z��O������ϊ��9�M>�fQlE�]}D�����1)/�;�x蔛����c��.��^��!�aCn�7(Q�o�!*i���]ysfش�y�&w51jo�A�� ������w�0�#�~Ks� �B�M���V���ǥjv�-T{�9X�
̢����#��V�ȥ�C�D,�JVs��I�	��Kҕ5�|� �3{/%]��6�#t85��P�⤃���e7G"����\�D�|P�&Ig�@�g����K��,F@������%�'�2LPQܠh�G$nU���1g]FȈ�nˬd���j ����b��3��e�7�\�H,����M�n��o��w�E��S��A��;��
n2<�F�.�xxF��~���<޳�z)��D>ywl��||2-��Q�^E��3JW�;8<k_����G�M<���d/o�H�c'a�Zq�8/U�Iv��#�ï�$4�P�Q(��UYqL��8��U���;�
�{U��~3�S�$6*?�3#����qȪ�={ִ��<�Z�؆ݩ�rW�6yN"H���=nш��Db���� �dg?֣��č�ӺD�����?�=DT����U������3nu����$©���旲�W����S.��*i*��]�_�(&�R��C*�R�M(0�(��Vb�7Y���r�]i�F��Ҋ�`��ԝ���C��B������_�b	 ��sP����}J�Т��`X�^�hR.
׺�V�YE�t3��(�"��?�Dj�K��� ?��r�����ϥ'�"��_"P)�q��Pa䨹�l�U� �I;m�I�*��kO`q{�;�j!xI����N�ҁS�����C�N��2nχɃ����,�E��P��,8�=5��7��+�n1��vv{�0�.�8�C!R<v'�֔�w�f 	�������:�3���Q��@��W��&q
 �q���^�SJ����-�뒮�.W��D�k��i�>J2���A�;U�N���ǀ�;�H�ۇ=�e��ׯ��8�������B�����-=y�gL��Yz�|����|/1*D"�ސ�����#ǺN����z��v(]�:��̊x(!V��^��.ۓx	�qB�B[����Ȍ*o�r3ԯ���<<͇7�Ҙ��@��K<�!��tʁ�L�U?�+����/!�A��tq��,¢w�TS���e&b�?u /,q��Kr}�onbV�Hp���P3�ͼ�V�U�`�w�����:D[�}��e����dC�7?��yk�ӎk�_��*\f�ܥoEǮ�d�����7���Ls�7������;�=T]%�￪ ��e3�K=�0:亡̝�I��'4F���c�U�	�U9I����z�A��F�p��B��� U��ۛ/�W���N%Ș
�@?��tⴽy�E�tʬ c�����#��4�{�U���@��-��JF���-�Eښ��X�/�(k��	Pe_���UB��� IFg(ţMݐ��]گ7����#4��q���������T?����YMV� �e��H��T��Dۗ�^8ꦤ!��_ڑ>��_��}B�/ղS�����@ƪ;�T�;	n(����)�+��]D�b'_�H��w�u��p���俊��>��A�P\1��fBd�`.���=�wF���n�����#�7W��z�m*>x	�P�YJ&�#=g����V�f&�y+5X�aVܠ��]i�.�#���stܡ����%���I%��i��ʁ���QeٽkZ����"r̤�e���i�*�_�9����ʢ{x�D��~E��ʻg��^o��,��x��.�#��b���L�l1�W5N��u'�����,�VgCDD��+L	�����_u'�,<
��
g�2��6\�AJ6��e����=��N�:����zL"�O�~�̅9���W7xT�(���!��Cmy�̈́���#���&�/����D��v7Ѭ�<c���Q�NQ���I -b���&�����8�1(k���zof�!
��\}rZ��ҹ ��?�F�'-gOf�q*�_���	&�(*ƃ�= )ql4 ��8c�e�l%V~�)?�� ���(��&E��C����(��~u.ZG�������7��m�p�[<�Y�Ǵ�*`
a���/Y�P?����+��[��WD�4J"Kj�v�&x�kꮏ���E�����F�9w����B�bae[/�W�VJ�>=�t��,Ȭ|�o	񤞞`�����F�xL��0(������ܵ�~kmﵫn�ŹJ�w/��gp�JT��rܵ0X�Uv�N�o��C�rN ������
�/f'uBxf�"�YFl���^?��RǛ��'
O$v���?R�������s�o�,��+~ F鳇�PI�t&�%����+ۅvr��O�ǥ���8s4^sC�~����]nlW�	��9L ǻ����d�O��IU������J�¥����+�3�>_�Lf!��������]����J�^?����f��ƣ�8�Ug���S12F�tIʃm�n����+��m�{��-���3J=WQ�/1쾂Cit8��ƣ���ED��Xg���<=��a�!�᧺�[Έ< ���}��MU�]�7b�fJ����#)�q��I���~g��rD8��#�V��յ���rr2a�C&��>����~���Z�s�v�6��D��r?bJ$����'��U�Q����hri�V�>_���D!��%�Cg�7z[�,��F�}N5#��}~����AU+�U�xʣT`��,��
�)�I�Sr����*�^�x������+ �H�A�ñ�h�5���ThY���
���O��׷~t�C��+�=�e؝��^g�6,fq�-�9�~$��<����0=]l}׃�"_�)Oef��'�4��m΁���ϊ����s��mz��+��9R�����Q���r������S?�<d�#F�7
�|���_��;1s�sU�������ғz�������MbJ�b���-.�ۂ�2��KMo��xO�7^�S����g�0�l�ð�u5n��m�aq���@��'�#!����ӛ����u%��w��]���Q0Π">�S|���1>q��}�t F'��/���up�x�����Hݪz��$捏��"�2�k�Vn�[/є�{�jD_�(2���ҥL�Aa���uȓ�e�D�~�5��V2i|)ᝄy�*$�';�z�՟~�H�/Q������%}�����yv�ͼC��z�Q�����R�ϧ�̓t�8y�0+.u�X���$PmU�
`t�@1�vN�E[K�GqՓ��CDܘ�����'���������"½����|4��a٢�1:J	2%kj��4�f%^M��S	�׿�����V����M����#��KD<��Ј��������um��-plr���%�F,�$(ϸJ'��C�W�Y~vuͩ�	TS�MA%�8U��uoe����I3+N?}Ge�Ɠ��Q;]�K --�l@@B"<�XQ��G�hzN�"�zb��C�<Q�[Pa8��-�n*'G	�"RE
j��{;`R̍�ĵ�+�Gג��6�9:��0ͻ�P���5���',��y�5�SC�#c ��a�	?�R�hE�*S����
{�-�?Uz��l���2����|�R����u�r5�a֨�V�2����
3���3�EH��]t�)�[�*��5	JXT�_�t/%�d�Xc���/"��=Yn6 ��ҫ`�J��_�#�	K=�%�$<tQ ���R>�tnM!�n)s�ui+��o��24D�x���,�"���J�9�P��21�)Ԍ�nOw�TZvw� �D&�*1��w��C8EO���2ަ��zu�s6�:�Uͨ�h�ݓ|���JO��"U\��)L=�H�[���﹈#��5g�a<�������LHW��CW+~JD�D�4���U1�k��%� W��|c���'X���U�q�����^���[��xq��Ԉ-D\�-:(�x+a|)�.��wg��ĕ^�j�ժ*[IPal�^����u\�g$$8����(���[\�؃��U�Hu��g�V���D������9�=B�x���:�]9`�PW�*�M6&ZY�����������E	�	��#._����X�+��F>b$x��B-"4��"�N�`���T����Y�#1�yB��W�!Y���B��Im.�(qN�"�QY�`'��M����*#v�Ta"llTO)�׹�P���0�)����DZ��	�	�4�	P���{��(V��Ya-�0�B����wM������E��ZZE�����w���P�WwΏX82�ɝ��ky×h��q�KZ���.y��QI���\��佪�p����K�jE�Y������6/�f@������azf��K]�X�
�F� c����qpڢ��Sᬫ�`0Ėp��>qk�M�K�(
��K^R�T���p�f���P�����l*U��d�'-�?DH�U����%$�`���+<��>>tq�z��ͷ���(L}��f��R�~�6͗G�]l�4N��Y|Y>�+����"Q�J��I�DnT�xt����0r*s co� ��v��W���}��
ս�â!�[�W�^�;��d��Ntn���_�*������r�P�����'b�u,f�kf���[&�;v6��������L��-L���4�@�D7b�a!�<z�X=��F�R�|R%lGP����Ey�%iDʃ�N��
XB�j�&b���l�̢EH����z�7A��c?�W��ezH,�\��R ��m���OloIQh��S>��ޟ�I$d-�2����B9�8X�B֌i3���#��x�Ueȉ��<2Y�H�y�Y?�p���V�pR�h_I�Wq x��h�ߊ�.�ڣ�������zѳBmꦴ}�Bdd�3I�P�~�BtI��2F�p49|��z?K+@�wi�K3lW��|�t���K��_!fQ��F��n��F�Rl���B�b�����[�b=�.)�k�E֦ɷ��,|��U�*Tfr��z���N;�&�ODH+�HLHWX(�^_�q��H����:�fz�Zw2���}lY�$��+�Tk0�tb�p�JI7!����.!�9^�4{M�9�Y�m��b-�L��V������Hzށ�fVl�D�Jw)G1�6� |(��� D�3MA�(,S"v%�_���ԩh��Ѹ1A���,Qh�/t���#�a�Nm�O�S�:$��꫎+���uj~���q䴂��K���
F1�*�f�p�6��#a����!�T%Q��FT��6=1�ԜH�O����%�W����V eZS=+ʘ5����!�q�\(Y�wk���*��W�	�Ʀb�ԓ�*�?ռ՟��Hy�VXL=R�"�죓�����_2l/�=t���b�-�!�� �C}Z��P��(��E��4��a�%:���&��x�T�?�NU���L%�QLn�?��#�՛�Ƨ�5�'h��@��W��tI�rZv�/	V�N~�ת�)�I�[GaN�W.�A��>&}g��G	�[���TH�X���1-?��X�¸��Y%=FD�D(p���Q,�a���B�q�dΣ
6��;b�~��dY�
6i�&���8���M2�M�a\Q6f�܇NA�J7R{� A{seZ/q�x�UPx�B*|�s�Ih�����H�ߜ-6J��[�A0x�|IjWG�U�I�J��ҷ��wS��`�+� q� ]?h�"�K(�(�$���Ũ�6�g�J��U�� ��!�	%���}՘�s��ޢ!�D�H�Dܩ2a��T9��t����X2��R��X:������Iz,�؟~iO��Uȑ�I4`���mS�k֗Xg��x��6�2��UGW�-ZٛL�~�g��d]�Kz���<�~�Wv�^2�oU����P�LfHn\b,Tn	z$�Ab����P�yj�"͢��CkNbJ���p��UेU��ٚ/F����+l�`#�aĄ���%�S����^��y�$��)��O�m<#�ޫ���e�q�f��M�!%䣎7���z�0>5��rB����g3�@�CU��B!m�E�DQ|����O2/�J�n�s���.�+�Dc�'{�]�:JR߂tu�^���挛��Lā� �Ǆ��k�@��_S�o�iy�����cOC�F�{F��ԩ���'�eP��^%��Su)���<���	i�俤�ԁy2rƵ�0%&��w�����d#��9$_>�pd���KX:z��N}��^�7�1�OMv����0��&C���E�4�z<\e��F�Ŏ���]^�[����zC��Ky����iM%��U�S6� p��˽b���E!{�rQ�8R��O^\R��jaM�<,'��~lW�ż��/kT��4���6���q.jl��~L�
2��	Ɵ��ńQ<nv��U%�FI��F��I6W�Ih�ӑ1�9�ة��`Ϻ�]���m��fV0
g� �1cu��bv�&ҫ�m���(�u�YP��qy��7����bPpf��Df�	��/����^{f���!^.e|�T�͖#M����x+�Im�I�F3|�+���VM	���>�o���K����/�v�	^&r����`�I���]�P�����	����l�05/Z�9|	�,	���/�|$=���3����ͬ�u���"{u�\� �tX��	3 {�W$�B5��Jދ����V ��8~����g�������� �_9�+7�<Y1X衇�� �����6#2�CU�M�K���q)CI���⁦�C��UK2��s]�r�[A��?=�ho"����tgE����4%
�BC����rF1��-}��NG�	<ֺ�A������N\�l����i��FŬ�"�hH�zd2�x(�s�\-���.|� �o�5�f�%�����\�p�*.}l�8oa4�/�,�h1i��̃M#�ʁ�Z9S��%r�3ӫ�	��Ex�KL��Ai���<#y<�(�WU�j
v�ro�89)��^��>���+���V�{&訓4(��R��!)� g����δܯ���Mn�>���Ut���*ņ����$���7�Y	��ej�Ƚ�o3{��V�4
����YD�l	���	��Z҅�e���n�	�'�D#�W�7�@U������SqWX]���z<PL7���X��s�mw�T;#���{�g�j��ȯ"�I�4�H��B+���b8�#0�(�\N����e��j��'?I���*�����U�C�4�K�_�Y���`YBM3�PW&�*	$�"%|M�w)c�h)٦���W��B���à�E*�Z��Z�pf�u�S�~5c�2�6t{��w�~9�M̜���� U��U?cx�k)���b�n��r��NF������_6���\�ғQ�#_�C��p�*m�*҄R��P��"'&w_۩7u~P4;�� %c�\�_�zz�0L�R�|H$��6+Z��:���1��tD,�J!;�����C����C��$IE���T���(*/OC@���R2�v���lۦѨ���O{L��w���U��5���/���~S��-������^(y�si�W��Ɵ➟
�3���S���@�E)��T	�(&a�sH7�.?���Vx.1Ix�G�q�ʨ2LO酇lK7U�wկ��MΟ��A�T���Uz�����>f��i$8�oU�K�^����O&��oQG��nbL�z�A���a����I��G���nn��%d>R	��7	Y	Bȍ;l��T�ҫ*̳�$-��U�0��h;�QĬ�U^���!=h{I�#B@�r��'��>�~{8��x|\6q��}NZ�z:F����.�P�(�*Ȧ��xו��v�� �?m�G�=����aB��b�����Lճ�f�UK@��~�Η�o����Gjyr��IO���)q�E#k_ĕ�<2��5��݉�^��A�����%Í��A�L�%����	�B�K�ӻ�ƫ���*"=�p�m�\�E���\��
��c���ô7��ze�����l��S�S޽���M�.s����5�R>��lݚ=�觐E\�*����l�σ�c�κɽ�x����h����K.7��Swx	@�z��z���Ǟ�� �?��`��7m	��s�.,���Ϩ�[��^��>m=�����A���E��Y���[J®G�I�z���/��������:Fw;fwz2����`��j��& }ɸ�n�R.�3���i�B*������4���i�%���ѫ1-$�N�f~"�E#U�|b�D^zI��T%����qWjr1����ڄ)�f�;�UmU�~K�3��c9J�R�c��m�2V�,�4�kR%*vԗ'OVHȚG��۸1%i�G�d�#��q�J�vՏ4�4!��4~"�L:�t��@���@(�=���Y\���	��Q���n�-f���p�������p~���"�Sn�cƅ���8|-w���hNK�S����Wzr$0�P4�����}��r��	ܒ(�	��~�G]�{YD�����,[2� �⤇�D�H�)�#/��)0�
�ѩ
� }�b����@�Q�i/���Gb�?�D�w]9��q��d�3�7G��z�ˈn���mO�=	�M��U��P�D��DqoS��]|�a� � �(4
-"��
��D_X���DS��ߥw|�Qg��(iZ̹kZΆh�E�Z~��z,��_�9�2������Z<�E��� �ch(Ƽ����u�L6���@K��"]�D;q����E��.�8�W=}v�r��H���*��PV��$���s3d�Q|J�fw��҉Tr������5S	}f.2�18��M�C��ݤ���d�w�����{xOq���q�F<�po���
��Cp�x�yҿ���^�y=�ς��E7�Fr/dOu�1{0ڌ���}�J�@\<����U�A��~�v���ADLhÕ���P�$5V.�I�~��Ǫʬ���TQ�S5��rF����|��)��%��K}����q}U�ʸ<��(P���B~磚^�kK>�2�G�3<C���)X=�&��뮰5��]<�)��u8��kDU1���:���-l�R���n��(\%�o��k6~ڗ?D�VU:� �z�ĈK��7ټ�GN����
�W�C-�:o��A����t�����b��	zL�գ17�@����%[�\�|+ST�VHP.~��� U �u=��21o���*�e�2�Y���d��x������[`�pЇU̻�LiI�\/h*b�-%�!2)�:�����SaUF3�b*��r���(�Nb{=�*����-��.��(�+�̽��$���T�u�+T.���AD����F}��������k������h�꿩tHᅆzq$0�6`���N
w�"Z*���=BiFWS��W���,�ГT������a�q?��qD�P��9�3����L��S8� k��!��(��U��[�ir��m�yU�r�É�,�~	U�T�_��b�0FK�����̱݉���`�W�*����n � ���P��E4�}���F����I�??����q��|��0K��
Mwň���`�6r邢^�$b>2aI�մ�vN`��0�8P}{Y��ETT^�u"t��$�Dl1W.�+TeZ��2c�����H~Ivnhy��ލ�,�˹�XB��*�H�\$���>Lc���v*7���jǸ�`���Ī��si�J�=��3���v��i��r���ҐQ8�ۡl1�/y���.+l*ob�4�M�:(�����?��f��T�ׅ8+�ˆY!L�+��8���&���'��$LOME��v��N�z�A��X�+�U�coqb~��$�P%�l�bt+x���%.YbB�ݙ-��hK�>j�L��"&�M����PmմD�\d�?*:�z֔3DkH.�)���F���_QJ^�Z�X���^iNa"������A�2������S�P�����
9؞=$O�<Q�<�X�V��yg�������Cu�L�T�,�H����hAQg�J���Q%{���}\oN�!��S���Y��&���db��`h�����1�~�׏�r���u�$��F0�)PKX�/�3�}5�7WA�>2��S��(�!���x���UkO��
�ueb�`T�?�"��YN�@I�Fu��Uu�M)��SP�IƱ!?�� ������� Qcf��#v�P�K�U�
p�][}w0l]'�%��)ܶ��?���i]L��.� T63��K=�<uv�_*�qݝ��rwDǻH�C�Y���J��w�.=Q�����II;)�G+J�2�L̻�SjZ:'���+�R�P,O`8֭Ύ#+�:��݂���H�f�<T`�D;󕇟��Tz�'za���9�--r��M̛���mL*�~E�1�o(�M���ng��Yɔ>^_�<��n���:�ċo�-�Q�(�ڷғ[\�A�p2~e�^����/1W%=���A�2�p�?B�C�#`k-=�R�R���A��Y674��xC���4;:	�^}%�W��2�G����
�3�h@ ^~��+_�����ơq�c�ԁ�Z�8���G]y:0M�o��\�� �p�3�	�e,�~4�[��.���Ὼ��2��X��73~K�ԯ_u�"bx�� �@�c��c�K�6E!h����4���d�W=먼*ch0��8��<W�),"����{@�!���mGq^��u��	�P/�2�|���ǃR&�5�U�W�Z:�L+$pF�abɻ�ړ=S�½a!��rh����`層?VX�LN���*�ޢ��n =�zJ<`�<�fq*�vԳW��d���_�č�,�^�9�=
�U	"�Ԁ� M@�.�mھE�"K��?���KO��f �ꚧ.������qGb� ��K�H�������?���0�`��ڿaj��B<�hCh��|��n�#�v�&�T�"ë��"�`Ze�G��+EJ��w��!�k$��m��6x�G˘ǡnx���/�c��&�� {6یyƼ��Q�L�����,
Ʒ��m.����W��q����Q���3D/e�:�bP���j�½�W<=����x�{K��u"i�;��Y���9K�B���0?��(��"f�R-B�H�MXJ�!�T�����d�'�w�>|J�2R��l�iN��7�((���w�x�����uh�㙹���Wi��rw�On����>,���`��j^?�$��I׆%X��7Ӄ�-�t��de��O.U��?�F�M#c[�9��;��A�YJ�Q��x	��&�{�{���,O���Vش���7#�c.^�B��Aْk�`v��'q�K���5ɤ����+�&�g��,u �[.ŝ��-A�2��̪��b�{Mu?���KVa�X��i��Z��oO��)N�]��0��~��{��e?�8����GF�ߊҳ��.m�v�}�R7��\g�,�(�	Ag)�	;�l��O]���3���+���K\�V��늞^�(M�U��Y1�:I�1��R���GEq��)jn��<�ں§�R��)_~)��B�g����L��D�շ���N�Uu�tk����t�rBi�>g6+��:X�t�%)%YlE�]��N���Jן2Ի�GS��$JU�Yni��~�,��9�%Y)vu	�p_� �qu�ib�ܐw��l�rZ	���@����d�� ѳ�
_��	M1�2(��!���l|��4�꾥�Y�~Ʃ~=��J mSX�&!]�r�����<q;��AeͲz=zLC��6���M��g��g�:x������U�F1��T,���t��G>�	]Xgr�\�7�����*R�	�B��{f=���w]G�D�
d�sO+��`2C��#e�3�]�X04!K]vZ����ˇ�R4�ZJl�p�;n������-�H�#�b�ك�XV�Yr��zH�J��]�J������'s�8N�T`�Zi�2��ҖI�r��<F{+�O*�ڤB�,�D%���
�v�&�z�RaC0��)f��b�Qsi��X#���\�'�%�*�6.o3�U�!H���eV��5����p��ێ�rP�Ƭ�+ !^Ō�x�W	�K%�b�g��� �m"V<�ļK�!R�Dˌ�~�����/�����X�^@����-�v��Z�9跤������o�:�di�����J.!q�x�ţ�9��}�����K�AT��Tn
�X6��ɽh�+�*�i�0V(|�I�^h�5G�_�&�V����5�-f
�"��_/Y���ZAa<�-/�{��� ¤?\�.���v�^�q}�q|��cފ��\TF6KUwA:�*�Q��X�q�"�Q(�;�NUX	H2)�V�0�!� �k��̪����|
�P�9�2\QXJ�3yS�P��ē���3�ߑ"��x���mzn��^�y�ݥ��d�g��Gq~���uPٴ�O�%�����;!��	��u�\j��P0
��-��'��u�_��>
��͜�W}���r����X�+Q�����g.�K�����o%���Ho�i����A�:���&M�0�p�6�ֺ�KO���q��ϣA�V�59��u�.�RU��zQg*q�Ъ��0YJ0���BE=��ؾh�//Z]�Ω���KI�[=K��M���m��z��T�L>R�Yp�zƜc'���vcT[J`q]�O?��,��C�wL��:��E+b�zB�"eQY�@2!RO��Tt�}ɫ�(�e�O} O���=��q��d���$�����zɘD	p�#;:;��M�'I0�C�$2��&��Qw}�GT-I������o�E�]�*!�c���bL�Ij�^EU��� �d�e.L�)���7^Ϟ�Θw2X=wZw��h'��(��5Ux1<��=����Y�ؐl�;���qy��W��hC�k�-u�E�{��KD�z�4�ҷ�wJ>��EJY�:	�K0�}ẓdĳYʈ�ǈl���7���pF:���eP�Y�2��9!t�kъB���������s(��(�����=�C�g��vc�\�nYar��~�����l"R�ϛ��Uf��Kh*�/.G�����/�L��T��=cizb򗠘QeO�	S���)���!~�7|�/L<?�eg��%	Toͩ���zC���ŝ|J��x�S�}�z��z������G��������{��������=�n��۾��}��s�BR23��ɇA���긂��
'<R�ɡ�r�E��8�KZ�����s}U�=m��A.��Y�(d�_�S	Al�TxL���"���DmJ���ra��뚳�N�m��V>�>�9; +V�_$�4�
� ;�+�<&�0��x8�Kt�K����|�]���/���	��ٯ�\�B<Z tvu-{�_�'Rٯ�Qm҇�W�έ�X�I+s]y��՟rBx�]ť�p���D1�h��	�f�G%�EȠ��C��b(	r���*A��j?u8� i� `M�;d=�*wE����g��]Y�
��G2���e�ۡ� ��M�W��-$eʘ���L�4���9�:�������B���Gd"θ=nU1�$6:����q�"ʌ*l�n�<̦�b6�!�T��R,�(�����nH,T4�nY)`@(U�y��hY �//��nb#id7��	pD�74X�N�	�O"�J�9_�]`;.���E�i�9�XM��p&U缭8���캅zT�9a �IT��bf��tz��1tg��7�����Cg�w�����LAV	�"�5c�� Ӟ�F$�t�)�F�)�(	RP��%W�8�;��m���w!�ߺH��#
I]ƹ��: 9�M6�A��G�QF�^���ތ]�V��_�����s�gWQN_�۱��8}UKȟ����z� t�:���$S��G��3��s͚�IRyC��J�qf�V6E�x4~=�;8]���D�jIH8N@���f��*łv�G�#!����$�@9��~�޳Y�OŦ��,I�m�N?=v�� �<�J��(�"�tF��u,���o叟�/7+����SfO((7�e�HT͝>� ��|@��J�~c,���[jaC&1(S�ͩs�/!W�#��۝޿�b3�C=/e<UwG��<��n���T�p*T��e>4>��o���#
�U�X��a �a)c<��=��ˇ	����/*Ra��Νhq��_Q1���X���Ϣ�z���W�b�f0�[�s��B�|/�'��������NGyD@�s��YDPH/)�ˆu��ҾD����y�H9ɿI|�fٺ��|I���,۹:	Jjs�^�*p\�f]E+/�,� ��V�$��JOfzG'�7!`�(rIw�&� �Y�s�Ȭ�0\���@6.�T~u�Q�b�z��b��cWY����7�W���rW�����H�R�C&͟�풚+~��BG*�\EL�J��<*0���oQ��'ᬢ/c��:}*�H[_i����.�]z0�z�*9U�<��	��4
<��k�䋴�K�K��{#�^���_e�7��,8�w��Gpd��T���F��ј`Z��$l<�pԴ��u�!4t���wm�����#�\��u �%�lIˑli�K��W��{5ɓ��)�' ��C����Z�G>=��.#`��2 ����|+��v���RF����P�Lu�.R�6*�����%�W���jO����UjX7�
3R���Jعڢ���Y������`(q�j��!�++�y˿L�/��}�2:�s>�YYw�	�!�m�V�Û�K�+G�Ճ��p�@A�tm����#[���� �6;�INi��pk���]��A��2����m�/X����{�S��ZX��]�;11%8%,`��2��2�/i�AN��£V�RLg�
�2�ڟ��l��9�ԓ��k:	�EJ F_����7���G�|����(EQHר 5�g�-J�'�B৤����#q6���#7�@��K4�)�p�:9�`3��?��>�?�*E�.g}���q���-��%�O���~�3{���!�=�( �V\E.h�@�J_J,�����et:Y���GB�/I�L���c�-�`�ڢ�ѳJp�v��$�5࡜�T��9~y��%�f� Sꂨ�?��A����mR��k��Wh�P�B�+�^j/W�J��Yŭ��S)�J:rp�r�U�%�h[�Q�P[:�|�<�_�.{��ꢲ�Cu)��s����M@4�E��LrAl�"�5���K�-7'��x"9Vc����N�ǉ]�����>ȉu��D�����y��G��!Ȅ��Z�&FHF�o�<��@[�Jj�Y��!�:D%sIB�E��zEފO&�`�&��&����z�g��:mM��=�J g��i�0���\��u���?p�6')=�9����L�}�+�"*~�t����)���r���*�w�T=hw��Yr�H��l�סF�K�_����G�s�R���, �/bT�H0oNf���#�;(�8FJ�pW���aע2��/�|�)9é�"Jq>�����
�^�o��>&Ӥ��S��'LA>���+��.%9Μ|�z��.�s7H؉5��h�j���
,������l�!f�QZ�,��E�O*�pl<�{�j��}��v.u~w��q���ʨT�K�%�jһK{�� 3L��D���K�> }�E��&4��s*ړ�ҍ�oe��4��#_8�����G`��5]J���
�z�K�g��'A�\LL�b��.�������=�{fLY�Pr����Y�����V��?��,��|�K�t��I8m���������� ��P��IE�@���+S!eR�v�F��]�!|��h4��8�<�>+p*mQ"��	5خ��Ν��ڮGs/�l`F��%�9e �)�M�Rr>j\5����8	�R+8��ͤ[P 5�C�:K��A�J�K��K9�h��6a�� �yJ��V�L-��[ɯ4$%�����٥_��0����ۨR����}�UV�}@�⊠��ٽ"�AQ�����!��QG˙����?K�4�V�(��`�n��S!�}�C�yzu�����<����Y���ɘ H��I�r�@���S��Y����n�ނ^M��#�:���)k;KH�rj*AN���ӡ��-�3�\��W��$v�,�Qz~�-�ԍ��ҷ@��݀�� �þu���s�pFKQގ/x��#)��O��Ȗ��L>��|V�ɸ{��wmݫ���8�!��G]+��A��@r�G��v�Ξ�|���ڸk�h�j
� �U��#� 8�	;���ϱG�l���+�8�(� �HFA����T8��|j�i9q$�{�)``�y��0R��r:G��ϊ?�=��G;�4�ڛxvV��)�?�>�|�E�(�@��2�讌T����uO��=����GF�s�٢w�أDg��j>��z��W�&C�Ic�Ƕ�Ms2����Ǐ���s'Ơ��a�j�+���W�$�n��)wU�=��M�A�
w4Tk%2,�'ݚ�}u�JWݓYAQa�7��O���m�W؏�"���B,B���?�E9�W�?b��3��<B}n%�8���e�@C�<�*�b; cTk�vzo岓�TdӠ<�>k}�@�_� �;��2���3�ߥ
�h|��!��� ��RIO�vs�24���(�*!�����oRk�%~���Q���"��I��%r���"\w�+�2U�x_�@c��:1�7��H��2��PM���B �g����ia��x�-w�1�S��"U�34ܳeY�(�!�sC�z��h i�W�%�_U���ke����8���Dp �o�%d5��S6@o�#�g�X(��j!�4�_�i�M�) M�i3����I=���M:�ۿ��]���	 P+{�O��D5��1i�q��Z	��&z{ǳg��~	N'b|�#<�dCӢ	iAeJ��ƟD ��G�n����e��6�#t�h1�/U@�<������#o�yv�y�mU#��w
eU��`m3P��.���z����g#D��E�  ����Yr�J�l7�>�	�r���YόBҭ2�"��1zxD���O��ڻa�.���	�6�f|������ہ�����Er<v��Ո��D�~��g� c[;��	�K�ibM6�,E�1T�N`kf�]�]Qf�g}>�I�0�'ub{�܏��>�[.B��0���6���7�?41<�<�..�C �MxE�\�-��c��E�Ƿh�aP��8~1Y�*A�?@���VX�������qR�q�u���]����+pu�p�q)�h8k*�z3����1�	��Uo���d{�\�/*�rN�T}sHPs#�hu�k�~FS�V��C"drpE�R�|��d�K����<T������N	�,�V�Ro�)�+u07������$R��j�)֤�.�~��n��s�7��+�Q�: �2�Xa5*�,�k/=ARƌ�T�������0 �u�rFb� wR�u؜ɨ���&��;9 -zi� :k;���x�,���-L� q�wྔ��O��]k��7_�+S����['}v��6�U���k	��q�J��d����P��.S�ğ�#�C�*!�Qۥ;i�����ї���I,�]X+��]��Hd��Mu��[rE���?8+���A�dӳ�z<o��3Ch������P��4*|���R���D �k��ۖ^yif���<e�	rѫ��D�gT�Fm3�\��ba$!3h����!'�M�&I.*P{�[����$��]L��R��ȿUN4�zC�Ti�#�>��uƼE�]�!B�"���T�&�˃ن��d�]>Ã2���K���H�$��\��"���z�����o�;`s( ���њ��u�W�z�H��C+��T�('j����:����=>�yq �~g������Cf�c �M@�9��2+�s��Q�7q�5�u�=#�Ϧ�)Z��r(-���D����<D�N��CU�\�$n�S0�(��GeY�"�G���4*�_��:#�[��
��u�(�[�):a����$�t�x_٧��[�a�12��&�K��⿴�b�%!�~.�h?Al�ɵ4�4���M��Ӛ�L>:�]�����,li\���iW�B��y�(ף�(��V��!h�$s4�����4R�6wS��Sy3t��R��SR��#�~�m.-�p`�x��{ۮ�zuh@ME�ѣG}�yH�[bK1O%j��_z�@h��Y.:��8w���]򌘀�U��]�R�r��W�R���Q���
���:Ni,�N�y������»R�Ē
x+�N���N7�ݚ/uz��WHd<!��ڮpg�٣(V��ZϭnN�pBM ��d����i��h�f>+��E�B@�*��*xm^Ŕ�Q��d|���w���$O�ԣ~�T��!*f��+dp��I���ȼkC�]��f��v���$�璟0E��`�OiHFv�!�x�
�wi�K�� ��b��a�ͶS�����'j�����
8��4$��z���زѧ���b�Ȍ
���l��6�?���`�Ę+��5��Nk���ލ:��b��|�1'�;�dVU�&�X���N�UI��Vo��;�8e$�����E��9�����eS҉(`b&A��)���������s����6Ҳ���<;��&]X,��X�7�H�r�@b�`�=�W#��H�Z��\TyK��f=$x�sV�^�>����܉�9�R���OA�G�0U�r���*�OW����(�>҈�_x���Sb*�J⡶��d��!*mdx��9�U�ɦP38��T63����3�Y��\a$7���C��{`O���D�-m��Bq}J؉_%���@������os��Q�rIum��"�*�1_'|�iL�ΆaM/�i��VkQ�3 ~t6`3�i����s34"���N�n�h�^�9Ti(�+>�v�j�Jn7KH���9܄�JC!����޻�"�4hw��v�h���|�8�_U�s)P)`?�B��%NC1	�Y�R�W��"vM`=Yap�td�ER�\갟".�:��2-��r���m7�o���gM�N�`1K[�.��V{����ު0�]D �\��M7U�)d&��R?H�C�_K�G1:g���z����yOA�n��F}.���C��O|��8��2*¿ə=��bm_�(�n�z*m�gƙ���u*} g<M]$�$?���\%o�w���no%i�:�;��`�:�w��]�j���M�n� �3d����0C��K�wψ�-���U�e��Nx<QJ0��YRl��Ca4�60ɻ�q�)\;)cէr@yWPa�KŽI��)(��~T�;�1���G �rЛ�e����%��(���k/YBo
�ʜ���[KLIێR�A1|�k�vWe����ʅ[�����A\�p�xý���EO��b����)1]ԡ����̒�ܧ����	�&2i]�3^U?<W1�����#f�<s��~�.��%:�!씟�K���*��e���̼���@BE�|G�j���x=�;Ʃ�k�p��"���X�wL�
9CU��'rZ���X��X[��Z���z�ϕ��տU����,����aP��orCq>\Jz	0��e1�C}��K��s�-ɿ�&���^�e��Sc�DJQ=+�'\(�i�?�;#�tI\�E��-E��LO}�q� ㉜w�"V}���bÉj�*v%A�0��I� �-Q:���tGR��1O����[�]��j��<�`�P�X$�{�f�d[b��e�B	k[<tT^@rL}��$t~�\MB$R�ud��D�k�n��U� Gz����V�?2�WE1�ΰvx�<A6$W�\�r� ����y�Xn�{pl�Э'Q�X���z&uXKnW���֬0�[�i�"��M:��$��K���u&�^_�D.��P�П�v���Z4���7�$���<kC>2雎��<�@
��T�M�\k��⻻d��8�%D�l����S�	`�[��j#��;H��Tܾ1��	��.*L��N?��.Ȧѯ��G%��Q�=��[�V����-��ic�̫Vr�wS��GĤ�\�MZ1��]���M6;���xmŪ�'�6�^�kQY���TH�.�A�DIJ�����hf��[�]o�z\�����Թ����r�@�I&�R2�yr&s��!��]����k�ᚁst�i�"V�"&�(�i�8<��b����F�=����f��=%�lW���_�2�c�7��^�AP���j�y�]5�hΦ�TD!P����,��tr��Ǥs��݄
s�L��ҟ\v#ɜ;�y�����/��7���<��&*P x�(I�R��A2�*���s�������{�5��2���{T��E�qV�g\u�W��Ġ�|�d�dU+�K�7*g����0p���$΄�rC^R��1�&&��B;C�Ya�+��𗬪��D�)�dӷ�Ԇ��棂�$\����Ѯ�4j*�C!������ě�T�^��P:'��)k��v&b�L�E��r��a�+e�Ggs��;3&�/?�h��t���Kf��Z��@�8�Ҫ�:8U�8�ӔXկ��'5M�C���z*�K�>Hx�-ϲ]�l/��Szz��ꚤ3ঊ�S,�L�-��VP���Hs A��I�����_�e�(r��7Q{�Ѕ9T�gSl����۰=�O������4ފG��0���6����65T��a�X�r#,�O�|�OSF�G!��4v���o�iG���|��SA }��LG���f
�*�m�\�\���	s}��)z�'��j��*�@�}z�Sa%i7Y�P�z�Ԍ�L�HO�+���J�i|�*��	]/q�r�7Ū��������Mҏ-攔��^�ʻNw�Mj5����������a�uE��V��w/U5�Gv����5ϝ҂;���l֣Fֆ��-xX��$ƗV��:��*���wƧD�c�ӫ4�V��Y��M)B� ��cٰ¬ꨳ��g���Mxrw�z�S���k�hˁo��h/m��Mz}�gR�Jx���E ��C@ypn�w��K�*�D2�h(q�l�
$BR�#K��(��z<ԢO�(`\�LW�rc~�z2*�&�c�t��Y[6\Z�!8�A�M A�/!��Si�������<$@[0��)��y�d�H�D��m�bR�O��v�+��@"��T+�]�Ǯ�%���Θj�O��%]5w�^-���F�,����� 2�z�L��
N��,�|�z��V�z�
3� �(VH�F8����f�L�[jH����EI�D�|��M���5��~�Nc��@z��7��1Cs;�S�_��!`sp�bHU�v����O�H��QN���ś��eO�J�g��Heg�C=��͡�ꩁr�zA�^"����i6�.�P�i�F����{*m�T�)9S�@�ڨ�O�Җ�Fɥ04b�e2�h[��3cYU�����巅�^�9�T�O�\�)wk�	r���%��A��u��޷���DX�J`S���[t���*7ys%��eV>J|RR`r��V��t�S=�!��*6 4K�:�+FxI)�:�Ю{�*$O����l����]7��*�p�!���ݒ�����J~|�-�	?�<a� d�����V-%Eu���Q?1&�+s|�+G��涊��d1Z��"Q���i�W*�Tn>»��C`�B.tfi���j+XUU���εq�6Gŵ�w��ğGCغ��Vg��P_U�LZ�.|����*����3RO����^e�*�d.�x(��"��/���L=�,�̫��-� ���xF�0�cmH4�/V�2����_����
($mS*�T���_�س�Af1h�o"���nuV�Ob��D���R�̮y֛���a�[G�B���Q@���n����|q��Ɇ����~��P.�Ux�?Y������ Y-٦�����.:�*�쒷U��G"�j��CN��~N!�y5Y�:�>S�j�|�،g���p;>u�y�s��ĦylBv�+��un�(�蟎~�j��?�2�Kh�^mӚ�׳S����E㔎z�M��Ek#쑨D�U����Uvۀ���2{�]�8�bM�2JB�R,�1����_��]怒':^�
ɫ�������9'��[����t���m�ڨׅ�Y	n;j��Q�3vD�eZ��r�V'���un��ˬ�
d���С�%�F�]s;�N�ame�r����E\W|"VA$����8j�K�Z��>���-�++L��p�I�X��h���?�wa�P��Y��p��/fa�p�Qn�^r�VY-(�pGt�:B֪��Id8�Gm���؃7�N��*��H������sV��HK  �%*C�.pĔ�T�<�����W|�c��:���h�J�҅�J��7f�f�x�3+�
���	������S�a,����&�i6D��L ��!yK��6ʂ+g|����IC}eH3�7q>�G�e@I�>���l�~�g��y*�x���կ?�uS{�h%M�XXq~G����xL	�G�X�=�k+g�n�$�bW1��n3G�B���D�@��R��R�3h�r�j��;���{Vu���a
]�\C������dF�Y�¤
Qp:�0���=^$�B1�U81n� �A�A7	O
����ql��G�?��oH�8=�����5�D�ח��x1���c�ޚ�U|��~�2�k.�O�I,��S������N.�9ĥYa�B:���޹�o���q�!���ֳ�E����K��e3Ee(���VH�N��cUݞk���L�}����nYO.�k
@_zY��_���'�0��)��˾��(�Z
�
�F�1Dq�7�{s���v8�0�Ll�M�ɡLkQ��x7�{�=��i�Wż0h]B~�iE��;"{Z8���K<=�.�Ky��V��z�_M]=�[y+��Dd�b���W�L�3��b�֯3!�!�L�H��EA��!Z��t�6OqW."!�zU.��W�^�<+�x��@��5��T�-:F�Y"��%����#��?�����(�:$)l�i#<$����uU�>�b�~���"ԠWȬeQy����G
��}���+-
�U蝏[AO�e)ۨp�2UW-����L���Wn�qi�����L�U}4%t�*r������3.�n�e��PW����0eٔ`�k(Q+L��cN�R�tn�$�9'��2xL��#DZx����R�Z6g(��"q^;K����7)�"�M�N~bf��ƻ���W�veܙ��p��P{�$W���V�*x:Kh$�:�UD��g�&(�K���T�;]��ɳ��ԆD&�����]+y���!T��q"!�H�s�XP6��|������C��y*f�(�����{�t�r��z����*�*K��:�|�[��,;1���M��B8��g)Q�U㘏�~�8�Ϝ�h���ao`2����:1�8�O��W!�!��Xz�����7���4�ğ�$�� �Q"�����]v�.�br])l��|��~�f3��}���i�F���7AQ��yZb
S�0�/NJ�l=���|~������C����D|�M,��,�i/��� ��v�e�.�M:�Z��"�zH�cC����EU|�(���'�KS�ǰ�]#s��ٓ(ĸ��OPT�k��C�p�)���;m�t�I�u+IK	=���*��u�"������|�!� �x�4Ҽ[�$ヺ�n!���$��C��Bg2q�(a�+�Z��?�%CT��H�!�f�2<b31p��1i�Ƴ��%�nC3ԗ�����d���.��Y�	�r������B���8�'��o%�$;�����a���<�'|����=�8���^G�K�ZURO��ZgrW<��Q���y����+��+^~ȓl:fOP�;�����S+%g�;�³=�,��G��Y���u���K�sGȳ4'C��|Nm�4�ǧ��xL,�2�w��R3Z�:�J����*���dޗ┛�?"��@�1����rL�(����ՅC�5��-�!�өjƆ!3$lđv�z�ElC5��>⹄t���%l+A��dP	�-�E/�2w{���C�g3M�����N�֓צ��=�!k}%��&&��E�-z�Ԝ�C��gi$�|<�<�"�����2�g��5����!д�^Ƀ� z��/����`�UiHT]'��4!mq�p�
�����KZp�Sd� !B�I�B�U`���aTF�*�Mr�JR!�nd������^���Y?�p�,�����F�����Mӈ�2�A��:0 �4���?��5�=�k�ia% �t�ߘ@���������R��ثb�������!�w�6�C��G��Z�`�N���gt�sTd��B�*��z<����Y���I�P�	~�cM-͜H�}����!�䊯?�14���:�O;��m�����	��7NW@�<��u2�S#�#���-u��>j[r�$6Q5�)l8m��!�"�+Z��:�	v�[���J�!�k��[�M���e����c-?�)�:���R	����o�"���&$�<6Q�?���@��EX����oC߲��$W+��b4]L	���N.��\?c��=�R�hem���R���%�n�$S����S"�~�*Aw5H Σ��U_�v���NƩ���	����i�x�O-� ���1�mQ���/��n�A�VF.���菊��hE4�f�+jPx�$ �X��ģr�j�}++��!w�VZ�1hXa�__�0�D�yw��|�T"��jt�x8O���+e��؃�]�XXg��!i8����~���Y�#1Rkȩ#�l�����ߦf삢�d��/�v�bo��#"d/���Ϗ�r���M4�	��GZD�\�;r#��;�օ^"��Q�T#Y��=;~Յ���&<��.}m�ӜS�N1/��/Nߑ��7��`��!Bz�t���?��C�������^=u�Ω���gHY�(��V��\�L|�oV�����.L��z�bF'�OrƏV"b�n���Mn(�;WS��*;��}߬�^�tҿ��D�$�\�0ꎮ�)��;���&�\�=D�ZU!J��!8����8C]��
}f�x[���f�ջ�&�5��S�!��&{��ћ1N�𨽌���&s�|���n����TVxTIxW8�k_��7+?�
|�i�"���kQ�|���;��gTSiK�/�+\k�p/
S�&+���V��nqT*=�9�=�`EF�,ۗ���*�%�l�)�J��P�|��(���b��م������ə�����ޥ�|}X���̌����oz�=N�}�^���ҥQ�{��-2Z3������b��5���0�e�z��I1ժ�AB"A�7��|[||��n��+YD�as��(b!��J�B�❤o�j�z�t�ƒ���v�����@7bl�;N�I=i �į.��l
S/�3�5w�8��3wU���xT�;���Ly� �7&�E��g��R�M�U�x*�˨��=4 a�h�����#��@�%�5�E�Fn)g=�ngb�w�3!(�ΡǱTKIZ��g�)�(�K�\&}�p�s��t�F8�'�bΗ���h?��[O��0�w��o ���0G��ͷ�
Q��,5���m<�.�o��J����l+��xD�^l?W�u2��H�e���oq��/9�p��{�C*rX�^�?�==�l	�(�m��i�P��[�T�X��)��l�Md�E��\w��]�#"�X;���j~	�*��u����'��p����3{PD�Ap��l� �g܄��B"���͑r�Jw��i��ӫ���CUO�(je:���{��֧C m���V��>_���n��(DD+Q:���`�~�\��d.���y����E+[��.N:j���tn���A��2řʭtJ�CT�����C��K��(6dF����J\�eG��Q��(>�[�7Ce�¦x7N��xKd�Z����st��a�f�`3�j]G$o*ޅ_!��i6P�f&�8��e<�����i���N	qL��Ŧэ�f��A�5�qX^�y���t���^�Hp��o�x>ֆ�BS3�R�#8"7QK�|^;Y�qZ���h�\t�����_��A��!�_{Xg���*�S�E�ܖ)����M@#Л��O8��S�YJ��k�ɞu:��T��L����u��SS��'r����D�٢�ݎ5�E�k+�� S֠,%����!b�C�XM�a̥bq���Nmvioc����W�<L���S\򎶐����j=����X�o5a�=>�n�01�6O�E���M?�E8�Wr�F�?�ޢ��?�4(��V�F��t�Z�s*i�
O�}�ߜ��1�ʱ��&!=m��ߴK�������z(��3��(�<���K"�$��K��6�L[�K��R�R~r�]O�;��'�ţ�׳���⃷�Q@gK��[4�U0h ]�o�Z����L�'���˷��f��}2�{�?6+���E�J�o��E����oRCU���R�k��@y�%�e{��nʨpgP��R(����oVw ���v%�U�+�n�O��
�����U�q�/�4�չ���#��Q����� Օt���+�e�O�M���.�J$˙,��K���]K����B�$��@��B�|H"���8u/U�vU�c��z�^o6�O���[�il����h2��*d`O�8܆=01�>�ȇ��i�^j�P��7��.���M�u}U�y��@�#ڷѹ	���{k��b�AHSHnYfC�%W�����@=�ӈ�j�*���֫Qކ_U2��ԇ�_��c��Mɵ��]�B�C�U�)7q2S-���$�#g�Jr�����PØ*�,��"�璇���D����ڋ����~�j�ͯfB�5
�L	m�UB��Ĵ�Q��Jor,U��ٴ��R�OTT�� �S��{y���'�@�Y���iC���8'���$�������8���h�����m�'�Rd
�AVXF����><�U%�|�
�H[�N�i�%u7 
j��-{z�c�z0|^��]ux����Le��ul��8��KZ��!ɢ��<LB��Yo���	���U�Z��4=\�;���\7����Tr�k0�RƿS�\[�>e����V��u^�M�ڗ�s��B�JB��ϊ�r��J85R�{��L&����6�G�b��k2G�z�J�	d��H��R%� �&���.O��]�D(����R!g�Fab3{�R�Q%�o��`�+��eD�B"B��'"m��s���0�lU�A�o�w(�d��2�	����l��!g��qp��N8�֘�ғC����%�Sl�Jd/�����l{��v���3S��]��נ/�'r+e��w�ؤ��)�!<���߁���˝�M��d�r�/Q��j�n�7R�s+�Lk�r��L7:g����@/����XE�v�DY�)"D�3��S_9��ڝ?R!um����JRx؂@r{!�%6N`�^��^��.�*�Z�U+��%Q�%�Y��$��Ϙi]���~#2���>6;�a�v&�$���0�L��lu&�Mv�s��o:��c��(�E��_f�(W	�JV�^��z�(x�r�[ lJ|��U8�{ukg3���_������^[7to{"����zbd��.I�Q&�@��Vw������E`��"K��)��2�o�wO����-���뿝E���]��Q[1Hc�h��J(����y�gQ}� Ӽ�	���ʉ_^B�yY�㱰d ��;fN�P��ڈ(����]i����g�M�v�Yk=i�(�J�M�lS��j*�PUE��IP75$�RX�S1�- ���,_�nl�Qɥ�7�K@[�' 翧t��%���\ ��MǖZ �Xc��d8��� 
1�j���c�<6�΄��]̮xn�D�GJ⬄��B��Q�Z�#�*������`��*d�ĒK*Uլ�UMl���Ux�%_�)"���S���}�$s�� a��e���Tl��5~}�D��{�P�(��� ���Naų/��/E���
�Y�~���;}牔����b�����@�d���4���K-0�J�r����O���D;R��.�D,_d��=1{	�*�f2�t��|˴$�nc� �g��\z�>�S�Y��J��ˎ>JN���~�Ot���|q�~SW�q�����[��x!�<ނ0�Qe����Y�=�{}&w;֙f��H30�	$�̔�U	p��=575�J��W��'�vTO&���rZ� �UM_ֹt�������4�o{�57e�J�6�Xv?1ݟ����fT0�]!��g���1�%�TNlW��_��[��@4%Z/ퟫ��ciN&��g	�D)A}�g���&^gP%E�lo�:����5kLQ\�TBO��EiZ�FD���N�G-���z��A���$��MbOX���)p�Zs%��7��Ვh�Њ#���<�ٕ�(�"(װ��jVMo� +1͕/����	f�-�^�c������!�	5�_b6�!���"~m:t"K��o�]�P֓�zK�}3�AQ}�'J>{��Qg�HY�݌n���T����i�!�B��%�BS�Z��,����t��?�Iƾ!8���ܿ�'�m.ZL.>JPؖQa �17��B������T�ʥ[��1`E�*B��J��o��T�s@(��2�a)A�T7��kV��M��T96�Ns��y����|��7��x{�yV�2�a��	�S� 1I�X��C0���S�����F��	x)c�dKr`�bu2*��qQ�\���{G�[H$jw�𻤅�g]���Iqt�(NW'�j�v7sl.�+:9D��"��kSF�(`m;�/��_�wT�sWE.͊kٯ��L}:{9ڏ����Q���XI�,̇����;����ǳ�=�+ŗ5}�9�W�@Pm�[%$0�w)QX�\Ľ�|#�`p�磶k��F��C��ȧ�ό=�i���a5 ?�_e͘�/�==�4M�CJ�ڢC�'�[�*e����b���nr�j臬m�#�C�y��M���f�J��Gt��G%�Ƃ� ����3X@����;UQn��jhΦ��M4�B�t��(٫k�mU�q�Ŧ�x���Hw�;��4�Z�A`Oeº��a��%��k	o����A��aBe�0�$ ?��tI����,��*����^�^&�(�L��/�YH�ߎ^]:�ߧ��l�a���8��s�z��uA��ǋÝ&P�E�O�C�%��m�!:�O|1�,�����/�KZakqӦef��ӲV�:�F�_ZA�2�[yKR
�������?��8�C�x�½��<�~��Z�~�>ژI��A��}���O���֨�jqu�Y[�W>߻Y�g�YYv�yNw"L��̵�͐-�+��fy��Q2&i�}q�Q�_�^��,���^�\�s����ON7�����u��B{��]�ؾP����+�X~�[.s>���[�a����� W!�	D�tr{�&7��+{�@'"�e$���w:�1_��b>_o���U'����@��?lC3+"������C�>�����pi��ꏟ��g����P��g�d��Y����(z���@�%��Ce��S	�(���������_<=�!~1%3D�pDk�+
�xa@�"/�!���+���m̬���U�L�~!��`䏞4�h��>rx���\u|��� f;ޥ'.�����0F��C��ҋ��kw�+�l������A^>%�⭰�C�j����+({�{T�i`�ek����g"oJ|2�u�����:��&J�!=�'.���z�
���C}RչI� ~�͠�ˣ��l��䲒@WBS'm��ۖ�0`8v�Q�	���|���K�Ҹ2g]�����0��W=�o��"��w(r*��N���ۊ��MsN4�gn�QO��'�r��p�h8��f)'/f�^_V�(����
��(���K�H3����Ws�#�-cyE�>�����t�υ{��t���'�jK���&����R�[���ޘ���A���p�ތ��D,�8���I�L�oJZu�S=>^\�ĄJ���l��V·JߧV��JQ',:��+ΩCXkG����8w��l��-#��BA��n* �_�b��~�EE�X�E�/w������Ƕm<�D��-���N�Z�@@����JvE�e�5��[N@gb?J���5�Y[����y��Ji+�d��9�����}�{}Y�SH��h���:��>'1�2�9�2����o)�]��s>��D���r3����MƤv��:oi�t]�>�����fn3��PpS�5~�BGf3�R��%��yo7z��w���.��#Q��s�s6J�{�P�ʑ��]8����Aә�ʙ`2m��y;����z[�����w�oO U�[��&bK_m�M��W�A" %D�7w|�&0���'�ү��(y��������L*N�]�J
�L���[sx���_�$�8 ����>�]�[�P&����خ�� �M�F��w��OYqT��J�}~��>���G�D�S�ȁ�;k�"�C`N��%Sǂ)XM���ƪ @��{��%� �>�y<miV_J�mR?V��k���Cx�(�o7Vq���N2�Yխ$�#���'죋�I��jx�V���v��:ܟU$�ߤ<��8xx�:�_�tH<J7�r˶:3��,�K�l>R����m�Ʃ �/_+�]�?�r\�V�L��H�$"GW�S	�*�n�L#��h���B��:��T̼v0��l8]��&�g���.L�v	4�qZ�#K���opT6\�A���V�gD���)�����Śg�Ri��ęj�"�v�U��#��{מ�7�%s0
���-�F�z�(V�U�	�_R�SA�L�� �CmW�[i�po�{pf�51�5{L�j�����;;8�¶�i�42/��(�M�)U�&l��Т/���OK����S$�D2�/A WЯğ9����T��қ�e]��"��f3�;W�(��4��_����8wqiR��٦T /�nȄ�C��?1G�%ߒ;!��҃�fW=�aQږ��D�,"�!r���M!5�qS��w�!_�o�U���=�)��U��^"X��U�$l�K�|;k�V=�p��KŴb�f�U-XT��Φ~�;ௐ4҅�d�<�3,/�"�+L�ɹ��u����4���0z��bġ�=Ͻ��"��T$�V����O����|e��D��Ӑ�L*�!-�A���^���I�ۅn|S-"��P>��Id� =��.tkP1&�F���5|�v��g�ɨ�`'��G�Py������%9��pmY�L਷�;�,x�z���aJ`V�ï_��A�z�F4V��I�U���P8Tk��Q��-�C"rTܵ(���ן�[*�W�)ɛZ/f�� �H9��ѩ��6�b�3SN�:ݺ~��i��
Ke�/_D��H�л��Mt�Q�k�ސ�����~򖶸��ʑ������)?�V]$.�k�������LN#�y7��"���,8��	uP�?��MxJP�7��7Nafc��P�bu���ꫧ?�������` ��]���iQ��v��PG@��׫���NeǮ9ɨ���)߁���Y[�[]�\�N�1[�A�e����<x=��I�&iHr5��͹s�K���}dbz�:�4�T ������@��Qĵ�Vf����ϩ3��;�z	)�i�+�҄�pJD��~߅یcC��;�f�8�{I�KY�Ȗdmf"[�!9�r��43�.h%dN/��5�����~�s�ۧՅ���dT�%�@e���9���ܱV��X��.fʢ��u� Zqq.��"�R�h�i"�9�%'<*1�8,�0㸟(H����3��~�����1�P<zE�4��|E������`|�D�OB-U�2��?<�]�g�KN�5S��i�+�o?�nxHKh1s-?��s	��Q�/[w»� �T���N��"]y��� V�Y�s�����A�$���h��:^���x�xe|�C������]�{b��k�Nչd�b�
nBy��e�<4�[G�E�U܅�E��?��'�ӽV.������t�zZ�z�3�w�ʆ�.��p���Af,nV�iח,%5G[��R0�*6գ<c;��w�@	��b:֙<{��b^�*_�
)fK�̢��X�>d6�ʧ?҂+��#/]N�$&�⌵E��?G�޵ZDr�Y�sI�)U�:)5��P�����L$2i�$Ȗ_ߴ�BS��v��"��㬑e�Q��G֧Κ��'��
��Y�r`W��g�S����"bO�ΆQ�T��6�m���fVT,{���~���]w���JMhq)"�lI��w�R���CU�TW������jbe'��P����!P:��Ψ?�ؙ��`L����d5Y�Qҕ~F�;�'$H�9C|����b8\�$��r�M�ԅ�+��g	�������k�L4'������B��%� ͑\eԆ<)U�$��'�poo��U�?��4c��ԫIꏪm�<�b��oE\�iH[���������t>�~��%{1�Rҕ� "H���	��'T"�R�Ka�:��r�Wi��=���.)�b�H&���w�v���U�J���uz��oq[4�(�-�T���ֿ�M�`��:��2�Z��jV��E�L������#nI�ǒ���I&�:1w�$E�)GxZI�B�bNj�w��3��|��n�DT��G=0i��r8�D�MǟҖ�?�B���q)�����/�P.�TM�r)��T���bDn��FɮB��R���`�9S���E�������"���5��P}����(Sy���k��c���d� .���7j���?���6��M��]<��x��܂}�K�f܃Lzրn�20�[�%�HtU�QJ�l^c��D\a���I�ؔ:@`�J87��\m:��D&�R[-e��{�$�%��)c��[�>4����4SOL�,�
�Oޝ?E���G��[�ꌹ�wU��3Y�d�X'@ z�?9u��h=�Q�D	��"��t
S3����@�лf�����9$��}oٓ�	�Nkޫ�F��g[�Z�鍺w.�8�l�H�d8Cf嘙f�`�E!�2��Q����h�.���|��蹻A��~�!��E�� �R��b%�(��lή2s�܋@@�����rz�ۂ~��� �=N$���1+e5�o��z�Y8�?��W3�޶xG�E�թ����M�c�Pm�Xᗱ����^�$;bkR?9]a�:�i�+禾M	��yj|�% B0wi��mVC�>��#ū襽e��x���b�_34*���
����M?�oQ�+�q�kY5�_C���1h�r�T2�gK��&��ƈ�� �ҍ��!�*TR~�X!��U%�:��?eV��^NFU�7a4��"�V�pL"#�Cr^��a
��c?�ƞy��*�I�f7y)�ޕc����'q�K�6��r}�h��?��*$g���G���;�W��b s�����O��{j�8��b��;��U$�+�BG�{�t����D�e���ˬ�9��(�İ��:�6i�@5��c�k���5���'����L�~�7H)�Zk��S��´i`z7i<�j�}a�=]�ꇘ�K��|K;�v&K-��?J�I��X��5��ԇ��R�A������%��EC}1��q.'�@�5���y?���_�5�>�ѣ뢹LJIsS4�υ�|����(�U����*aF{�}��].���
�{�Cr�ڣd�7K�bX�*�g �y�0rB4(J�$D�W[~{��|�ܒQ���$�E�"�F��\��)��H�*씟&�"��~�S7t��]�,�λ��6��cH��i�X
6[�<���v���ì",�K��&r�y�v�V���$������F��1�Т���L�H���}T��22"M���S�4W�qi�Uk�QK�=܊�fc.P�[���1�I3�U%׻�:{�QlZ�-�������c�&��yb�f��ND$ݔ&�^�|��E'%�3��/�{(���T3��Q�
���lu&�N~�����Ƶ�'Vԡ��ߚ�V)�˫��6V7�'�4Y�!=�46��6�ـ����H�����Ï���r���$��%�v��FQsA|ؓR�M���_����_�]��V_��E���'�ھJ���#$����.ߋ�#7#t��E�|\�3��cP�!�OW#д��m)�訸����7�.�����<���8�t����N��2��}��yvd�t&	���J�weW&^�j9����Ԝ�CM8�ڇ_�U�3�W��S��9w�*=EG>�Sw�ܺ�-��������fs�*�h��bϛ��,��"K��(罵!��%|~��+�:�~�����N;+00���)o{�ca���Q���	�,QM���*�V�\J��ڸ�!�D+��Xg�R����q~-f��n ?���"q2jn;�X��!���t���V9^s�վ�CAy�k/ߜ[|�Ŗ
��^{��ڵ2Ǹn!������TRu��+匛��6���TțY��b�į���&��+�wg���Vop���k�_K��T�Xj���ޚL�d ���$�]6C�/k��5h�׬gL��3����ǖ��YU���(���Q����<+�C������B��$��V�axp�`���2�r)c�:���#F-�z�Â��I=��� X���|�f�v�\��#`#m`G��D#��n��������ΜcQ+7�+�l���5T�~b����ε�@=<�����0%�J�&�
�������O��3�a�b?���5�r!S���y���Im�'����u&�b3����(��B�*�2��+[>��[ 4�L�X[�R5M��$Tr�~�W��֦�&��F�̀,� �Ym����dN��Fm�K�c���%LLs�3�j�Q�j+F齑.�SثA�Q.ͩ�����F�L~�9?�Թ��S����Yԙ���6�dZD+�"	o>of��vE��]0Ov�
?ۥ]��4&���z�m?���S�2�JN��2o醴Q�Q!Q.zS�Vnx��a4^������o ���v�<�AP1r���W���f���媫��,������K/�5�C	�����)��- '�K�c����Z�:�3���7��.q��s���o�*�]H�p�IRp�.�y�Գ�q�4�#`}�1u[	��^{�	T��y�Zf׫�'��D��l�1�`�6��f^��AI,���Yy����:J[�����Z�n*(ZIb�+�� ��C��[����lM�ҧ�5C��:��(��R��k�T�@q�M��Ňz�b����P�Ó��~{�����[�G
Hڳ�@=c�j��Y�!`<�"��ƒdOx�K���-���v��Od�R�{�D�dR<J�v#ܢ`��eqE�����]� "��0[�:Գ˙�-�����z���Vô��G{{��O�& ��V�K��-�t�@�W���R}tR ��������\����d����!��[͗x�gT���hj.JZ\�5*��Z[.XJ��^�ig���N=
�%�HT����,���-r�T��Vr�Њ��U]9ԯbf�
gw5JR�8�������M����}��6=��#���	�R�19E��𷯒�۷���1R8#*a�Ԝs�7a��:�֝P�M�7�Nb��E�b�{�)
[�x~�8�(u�u
�������tr �9�w���)�Y�O��Ӕ��p'ffR�>�Vo<	�=��� �$U�Y~$���ȃ�ș��?��LT|���>�|DH��.4�7@��$�r��.5=!�%|����'�ic�(��-��^�w�v�X������ɫx��6��¼����	� hW%�`ƭ�e��^K�cGɚ?k���������^�T,�]����'� �kG�.���4o�]Oǜ��Z��� �u���w{�h�3����7��^v��O���%��Ļ0�D.b���qb���Gٮ�h��f�Ya3!�V����დ�_�����RV��d,c��B�էum�t	졄�\��_ ��4�O�H!���c��W9#i�VGNҔ	>�ߞc�Z�9���4��,�Q�:=�����.m°������.��V6��)&��Y��bc\�ٽ%i�P+ǎMJ�pf�H��$iP�57̥.+�F�DxO����M/����m�F�o�u�n�f�򜿈���~kB����}��`:)��o�:��<��iW�i5R�K2�j{i�'u7�g(�M���T5 �<ϻ���r���,/��&��O	��.>u����]��Y�?��3��)�;��A9��iNQx�y����.j/��dJ:9
���*�G,�W��]P8���O� �o�֩��R�㡷�8cڷ� ��D �75�+v�R	[�!�� U:]�A��GT�T�_q��O��|֙�*j�!j���?�D��b�ŵ�4ℭ��:ER��Fa>S�YK,�� �P"b��o�5����}t!Pa�%tOL������:�'m���g��"�o�NC�)��k����=����iz�=�5%��?���b5T-7MǷt��x��sUV�vQ��Q��r��.ł�8�A�PL5fL%b��H�V�~e�BпE�:�O�戀��&��@�I��Ի�p'l��SH���I��g��#�'p�Ћ�`��A�&t%9�1=l�
[����#)J�	��1/��޲���
��D��d��e�Ed� �
 �-�4I�<�	����s�-��)��z��o�OG\�X��iψ��~p�|������Щ�vQv�|�����}:����Id��n3���$[Q��@�L�4��j���U��8��`���cq`nLǼ�4�0"
b~g����E�iq1��y��kT��Ӕ�O���o]�Q1�����ː,�U���\��h���+��#�Z�\D��K�\7����uQ@�����?%�]��Rڐ�W�ȩ��[��O�i�c�7��Ll;�wɒ/��,���U/-#�X�C�+�+`Cx�����.)<�J~�^�6��A�̊��P.�y���{�?3(��#��9���\^Mf���UL�$� u�i�*Q��?%]�kcΗ�B�yނ��NY"^tC��[m�1��](�`��h1[(2h­~������S�uq��x�^m_֒��
�P�n:����������/*�� ������?����ȿ�������?�vIK����K���!%���Ts���K��m�ڷ0�EIP����[��=�OC]�����嬭�?�@���KI����]"oa	Aր��:v�URD�b�rm�Pb~��9�LE��@�Ym�>��-���w��Th���'ڙ��`B#C����K���1����v)�C1W D��}d,WH`0=b����Xp�[䵎<4��X�j~� A5�U@H{����C�t������Vf6wX�)�8�a+4�!�-�#.M��=�4X:�"�h��SrU<v���O�M}Z�0�C>a�ׇh�?]����O��ނ=xcL4��U��{�oUa��P�T.�*e�5��^��c��ċ��{	;.�H3��+-�s;����3�$0�9�^B�м��S���!P��{��X�E��(R&�Y:)��`�ӡ
�L�o�@u�X�G��X����s>�� ��9�C�^�����CQ��s���Iy~L}��O������{,j�!F�u�u|%QH$�<[}Wl�{�Hk�O��xwA�Ϟ@5�ǧ>��\���s0��(��U�*8[�:�ъA�m��eY'jqj��b^= l+9�%2�!s�\���ϒ�$�$�D����'<f�wE�W�4��&����Yj��u�u��܍N(���GNw���exƏb��?"�Bm��|bt^e#ۂ�\�P=J�h���J�S?���LA~�����$M����tu���	�n�gc\�A*F��E���;R��#�c�A��tIs|����Z�ڙ�A�Z���W��r�VС�st�L�;J�m��\�j]�'�̻���4+�;���ΌJ�TdwV*
?���`��i�UA6�p����|�Ξv ZY�Yq2R�2�I��)s3孶( �R��W+�n7�T���$O�T�m�8SUM���Mn>+,J��r^|�ZZ�c���P�#��2�8'���rXh�"�_/RN�ȫI`+0[��pIX'�&o,"ࡼ��xG=�d3̠*��^+^�2���EJ�O�����������H���a�9/��W�Gf\ ۇ�R�q�c_��M>�����=�d�Xh>8՗�mtnP�6��������L���y�4�r&f8��|+xJ8^V��\�����lI�=�i�#(�~!�9HE�zJg���R�4W���m�5E x����N���!�=(V�xx_1ڏ��C����qW�rܾ���	���u�����\Ưwju����9݅�C'�2z�l�3C*�b�j�!���~���eN��A
e����R��d[w�ұƩ���UPJ���C	�J���f���J�O��w�k#�������$Z���M�P��ez�Z��!���y��͐w;�G�.�`�ri�Ҏ�Cq-Z1&/I�h
��������Y0�1��R��e���R����D����v�3ّT_�;���Y[���vok �����R>
z"��gG$���U�]����I��NfVhTU1	�Z��EJ54m4�*�X	�Gܺ��T{˨�%�q=��م`�`.��ԟ9���b�g��J��_R���%��f�=�h��3d,x�/�B�,r���:�����l��-֙埮�D,�aN�\ۉ��3N%���c�un�:e������*���w���������!0���C�T�1+���6���?4L�t;��"P� %A��[tVqR����l��S��]�M��Hȕ0
�������Kԫdi=9j��p�E�[��$%ʏ��$��t8��Vb�M�?g�����~b'rP�uWE.A0�*��ͫ�>��'�3�B�2��~�t-
 _N�TҬ��p�R��5�D<�/�@e�\�� �c�xo�ng��7����r�I��#�seZ?1"����%�ʀ$��lc.6���������	�+�L��T[۠�o�՛]%g�!����V��-x����uW�O������~͠��B�������7_y��=���Y�c�'�h7��W}�!P`P�sW��s�N�m]q�
�F/&��2�A~�!	�ő@��]��&s�͋�~��� �3*m�H�+&k�|C���:�o�Ґ]x�L���Q0�S�=W(P$��L�#x�K�s��+R�k�W�����2�Y�`K��l�$y =�W�嶊W=�!wh�94~�p���C_��$�Px�����%�����f ���֣j���d�>!�l�м
P'������ڷ�}N&�b?e�}W��WV���Mȕ2����e�0+��s�� >��E	ަ��G�]�[}d�q��vE��E�^G�{�Qa�I��$����PQ@�tL#&PHR�ۄ��&��%�=���&Q_�$���:�[�n�Y�3�\��0�YpZ����Gi�%��~��FV__V{�Q�_� cP0@�VB�|��tK�8Ͼ�*���O��"]��E�Z���)Ȣ����Η��>Y���0#����V֩���mBU��}ĝl�����b$�qA��ЬB�7���Y��e4�����������ٓ��5-�&��R�U�iZ������*���(XF�}���]ٍ���+j(���1����W{�<����3���:x�V��PJT��mz=X?<����j0¡��A�#����S��5������R۴�������"��e~��Bs7?�	�q.��,��nt�y��:�\pNT2���6i��x�����?�ҟ�J��/�'!��|�K\����u�x/c.k�[��o)�rڏjֹi��K�R-��2�������lJ���<jT}8������*��ٕ��D��I��L���Y����K�y��.��
U`�[Ӛ& ԓ���Q�X��*r��9i�"�ICC��E�>v��Z�����-T�hC���R����O��'D��k7����?�{��0�Z�N����r��H�'%��|h�S}&���DV�+*�c��o���O��O#i	� �n����g�qHi閺a�]�z铗��'���I�[0[�d�ڴ���sE���
k�����j(?�T�sio/���biGm���f���VZ����p[ !L$R$#��e�����<�Js���l�T��w�#� #F^�1��+�Ө���)Y��׶��E�Ď�j#��Zr�:x_UK�5S�*_3��]	�;|Ҷ��W�@�>�����FKe�"�N`�����6%���kK
�(���bo]�[�5��_� �ғѵ!qϝ�a���y|Z�I>"k{�2nY�������.*��:�ծ'#�
sT�8�t����&�[	i,2�g�C}���.R�;��7?_qW`���$>�)Zn	����r`$�z��4=T�릠£�F��at~��}���ͽ�#�l�e�I&r�cR��"bt���Ѐ�y+����4M�X�R'�Pr���y�����^��Y�^���	�(��]��p�ٜ�4Ǘ��
�j�Q��[�m&��:�����V?w*�LI��}�/lV󨲟\�E�K{¦�oR�Qԫ�d#,�[=��`7������C�3��9o:�9D�X���:*����i��M����� �)9�P�*����zN�!���\�3�V��7ף�V2mt����MܤKAO�F��������W��A��E�A9����j��X�IRe#�J���Aj��u�,��Է)?�I|>���g�t&��ɗ�B@:����C�����M�]�1�]�(��Ez�d��WEEaમr=�#��x�C�ߡ� O pG���� </�I��S�N`h*�k}>����8��1.��Z�_p���q"�����:�З(�z|>��%v�ת7%�xlp�0�{?�"�_�e���[��D�I������zցY��:�U�D_x	�M݇��Gk	�$�����u&�rzu���	d���������U�Pz�7�V�9��iH_J�2�g�S�e����M;�����6��8_�m��/��|�ފ��_��Kf����c[���h�i
�t����*����H�O}����#�K7�ض��0�%�B�H�G�n�q�������nTF��H��
`���Q8�\�|/���"H;yt��]�W0��j�4!�Uo�Ut?���"ݝ�ǻT~S��=����އ����b�.����b% �y�x�̊R~�"Eh�Tg�R��iK��)BY�d�SNhj�b�+9d�H9I7g�:��0:�m��$
z��-���\��+c�$��ad%�N�ۈ,U���}V �ɵ[;���p��s=v� iX�g�m%�f(#��R_�!�ҥS������Ts���O�˔�z��C����Q��"�X��5zK���<$�f�J��$00��_U��SN3z�f�����Ò3�h_Ix-��g�8=do�/�B��W^��<U��-b���� $�Y'+�@�U0�t!����=�{�!�{Ӗy?����{��{0Hd�tb���=WL�:�D��l��
�!
�^�����?�������;�>��#��Lz��҈�l��I@5�$�xz+����C����R�X���K�B���Ҋ�d�?�\�MD�;}>�ej=���U�0����u��+��ɝ��}�������1��5�͔l12H��a���轕!��Au�\�.��eÂ֒lg�<�Ͽ	��Yպ���U���պ.�9��+�KnwI ` o�8#��w����fYf@>A��<(��[>'AQ�R�L���C/Q~��l�⚸k�NA��[RoJ��f�>K�ҭ�H����A��\*w?�%�&��3�@�<a�Jou�����P-.Wbh��I���B��a��j�<��WA|��.��Q���v(ah%O!���i�bá7!=Jx7��&�����leT=-��Jiu���D���͎d��@{m�d�G�ȝ�~9۳����J�����ͣU}Or4�o'EО#�=��>j-�Ĭe]t��I��lri�b���;�45��o`g�?zĹ5��f�w�-b3n��V�����J3%_,��cxԗ�Jp̝@P>�᭠?��M��� <�kK�ܙ�����p�l���
�+@3�(a��xS�Em����u�v�s_>Q��^���%vj�B���>�4z]��]�C��Ŀ�T�zX�6�DF��CF!���Y���3 o�P�;�3����Pы���N�t��I^%.�q�p8I��E�x�#�:}Z�8lM�d[g�f�]�LN�^���W�U�]��;��������b�ꌖ�E V�
A��8�$����D�-�#��XG�hד��G۝�'j������� <HE\��ѓ�����jܯ/zF�)Z�1�����x{|��IA�C�_o���zˬ�^��崒ǪS!X�|K���~4e���
wl��Dk����������r��<�&I)En�/��S_�D�.75i�gF�������9�5�/8t�B���}�I�i�8P�0���M6���ի���a:U������Z�V��+�c�5��#���
��Ҩ��f9>ܵ�����fT-E�ԥ*�����\������EG>u���ggƓF�&�S&���P}����L��x�Z��[���(��ʕg���D22�n���èv�V6$�0�S�J��;a�{�(T�>�0�U�@�Lɢ�xi�ܔ
�\=$����rX!$����%��L*`�(����5�D�+Ǯ%á��xdVQ�w~ʄ�a.N���+�~3�G:՛�eZb���JBN2�F�/rڮ��� g�w�ێ�=+�����Tn��g�A<o?�6g8��t�G1m�T���r�AUu$[��v�u>�
��@O����)Ƚ��C�{��Z��E]��[���W����W�LfhU��vv��M�����V����\	��S���WKTjqx	��.6Sz��5�f���'��k^�Vy�]z������I5�d��s��@��j�Y7�z360���$檷��_����V��cTz99�:�7�._!
��)�)�DF�a=/�:��g��V�Kנ��\�5����mB� ��贁�g��$��lF��E}.x�*�փ=�-�5wBU�S�#�����ԋ�"��r��QTN��HFbPP�[�9����7z�����c�Ӈ�SR7��Je��1�����;��"�L�7X����D��$�2�f��>s��4S�__,��To�M��qgw����x) ��p�zZ0���,*z�;_�BF]�Ң�C�q>�{K�㨒�K�}K.�঴�cQ�8M�����8��fD��ɨ��p��Wua턋N^����z�����L�?��+�y���EG��ˬ2x2����&�h�
h��Ji��]W;4�Ǣ���/B�v��nPO��,�`�A��x���]�/���VHd��,�i!_w"�p��1��33�_3Ք]BR>�R�swS��gm5/{
���pl�`R�@͑F<�[>d��vJ����y8t���Z��DBP~�ooBbkJVsZx	
G&�!�:�\��6j>�G��5�!���<9$ �Z�f	���X�n&O!�u�e��]4ԙpb��x4һ�������~�:5�ٛ�(o���+�<���4�Ҋ\M�����aU4��%JPKn���z�t�c4��7e��k�G��fU���K�#"g{"��i*��D&qG<j�R�Am�1�`�<�"���V��u����%S'ͪj[��W��*�Ut4��z�b��J2������[���v��;ƏҐCxO"ܭ�!�NР��J��;��C�pBr��
��)@WM+!�
�F{�?�@M5޿�Z>��*�Z�B ��)00N��q:�NϨ�؃���^ks�-���(L\����2�%BWV�
����	VM+��p�W8H(���
�V�]�~� [�&�^48%��g�+UK�!���,���8�v��}�z�xI�di��¡�ly�4��w��N\�ClriL9L� ��|8���^Rw��fe��r�x�G�if֊��g��p�;'�Tn�����R[�+�
�v~�$S�SM���7�k@g�sYϻ�x�~��"^�+y=UL7�1{)�~S��4�w꽱�=�Ì�@
 9HMGTpn�%�v�t'�S����"ͧM�^v���+���ȩ `�(���G�35�G	���+!�ؿ������-�cC����qڟ�]����zȦ��Q��3�A�C�ä0���ʻ�#��!�l����I��p�na�UU$��)@7�������*x�n�A�+�`L��F�j��cz/Շu�F�c%��0ŷ�S�[��X��a/|��՛g���R��K�0%
k�c��x'����GFqМ����u�"3��	F�=�P�u��G8�V���*9��1	w�k�N]WF�&)��{W�(s"��=���+x�0��v�����|<Ks�]g۝؃��t�<���k	�0�էq�����V[��]Yɮ�^Gk=����a��������3��gL����4s�ї��t&�Ǩ4yi1C=�����u/�3İ�di���\��O�h:u�#�M�Ź�dJºQ�tV$F��x=U�b�����n�x͵"��؀w$�3n9�e8���^��y?���X[1��N�p�	J�VNԝŃ��3�Uo���x~���  ��t�nnN�5IS#EB�ܺ�~'��$*��X�޸�ޅd���Z#B�Af0Z�/(\Ճ���U�����0�r�-�lR��$*)��/麫�E�P��(^�ǈ�c�B�z��L�%��;+��!�s�A2t��MOdq����w�t����U{H�׵O妛���	�J�G���h+o�(�S'q�>���䧶E@o�$���K����V�ٝ���O��d9�T�ҩ�<�R���9j����u+�>�|6ǥ
�Ң��$֮��G0AV(��+_��A���>�-ъ�4�֯��ҍx�~Ϣ[%�R�S͑�T�2���6iB��\�_�}�P�d����#�K��O�e0=��i�#p���j5�l�<�S9���%���l�Qi9C4pk���RZL����:�:	FWA���B=��4�V�|1=j�I���kN��MO�:�UǿHIô���ϑ.��7�R�t�G��1�1	�� �+Pߐ����V�{��7\E �
�r���P(�6)G� :����$�,�����j�P"�P�.��nk�����2�{�5��&�j�[";��$�ZI���6��9�2����|��ֿ�֡K��'��n��:���T�Eس�V�!R>ׁ���F�d���5Gy��bV�`H�a�Lf`2.�<�&���	��F�KͲi�$�w�J(���l�G��hb��zW\�yR�,S�@�zP�����Px�L�a��<ka����3~�ѿl�*p�-�'F�^+t�e��V1�4�����ޔ9�칿�6�Ũ5O_+YT*NUM_@��{߄ʥ��ZʦZq6��1F&W�P�.����qc�˥���V��W�n��,�ȅT)D�������:���v��E���st�S�B�i���8�߄��L�P���O��0���5���B[�F�������TR��Ŭ�ܕ��.�O q9y��8D͈�{�ৱg*���]&������;�Et�渫�Iq$��ʬ�*Ol"�x
���^+�K�F R�r'��:��Jo&	/��dGyU�Q1Ӗg����K�V��nx�S�G��Ju�z?$���n~:ɛ��[�S �᡹(=N��(7��d&_쐶]�qZ����O!�oC����]+�������%]��$?O�.��a��b�&�ofA�mG}q�J5j�A\���Ӆ��%☕�>�L��)g�e{�f�B���5�v��̻G�J�=:0�O!u��ݔd����&�ԩ�
�L���Or}�*@��>���_�q2u�E9� �n(Y�:=T� B�$���퉷���CmH�}QGŗ�
HnL��5=! ���L�D$8ҧlT��W���C�S�᭪UHd
-2_�VR�Iw����SۅQϱ�u��CU�Pc0o����ʫN���t*�D~2L[�����ܜ�n�7N�aE1ޘ$CʠV��xlʨR@��Ư0�w�`�24)y�M8�C��lh�;t@��\{��KP��u��!b9�>���2�����_*O�۴&�z	�D_p{�]��M̚KxI��k'[��7F�T�y(��*!g�h�^���� ����L�B�fc}ܳab\�"�cfy�GOO�]�q����6)jHrfe`�d�r�%��h0�tS�i�fՂG}ߥ�kG{����/*Z�Jw?(?Yz�I��t��7��D��N#K[�v�8�/���̣��)�o�JD��Ml�Zên28X��f6�����%����_���}�O��g�6��Q�)I�.�gIHx\ &��ŧ[��Z��)}�s�ϒ�܊C���DOr��o'{�RX��W�'O	�߽{L�B�]�KX�R�xOՌ검��"X<�=DM~/U��qG5��Z%@%5Ad^ڭ~~���D��?j�y��כm��mu/Q���C�ޞL���qm�l�[N>a��K82��ݻ�NIt�Pʵn
GB)�K�'���Z��2�%Qx��Jr���'�&����z)xl��7e�Y	Ѯ��.FѪ�&v+Wcf3�)����Z�ڄ}��Inrx�((s�	A�KZ h������=6�XF�}���_�D�~$
m!����L�/{�s�1ڛ�vC��:�m�.m)y�c�����5=vnx�B��[}٬�$�Ƃq�<�S�Z����
DY��.��Q�0��^u�ե���T��#�BH5���-E��������\2�V6]�bP0
�_*��������Đh�%���B��]w!7�ϿoF�H��ٮ	:_؃���QI�'�j����r߻�NAS	�"Ua��L�"��)~��څ�ċ$��X߂�7��2C�'�6������OY�I���h �c�¤-��K`�z�t���I��*"��iҵϛҶ��ڗ�p�i�X�G����w�n��QP�+��A�H�Z �"��ij�iG݄��2"�ᬥ'�����40U�e��`�9sy�zx��ѓðQ������M�̼��	Ā���xq������#��)��o2�+y��t�*B �i���ʾ�jVA)�V ��w��H	؟�D(l&�J/�ug�����!�wӗ��墣�EBAz��˛�g�'a-%n�K���M�/�����U���X�x��~J�V��QAB.&L�{pb��T�w6�W�;��.l���1�h�~�\���d~:���E�5��LJr���DxU���Ó�m�Μ��d���D5�o_��d?��c���As�
P�.�9�䡪"?��m����8��
�lC�*K���g"���Y��s��N5iRW�$c�;�Df���m����OE+��o��*��R�U������7���o�����S��=�?_疬 �-�\��	���LZu�Ra��t2�>yۥ�O���P�_4̂��^�B��;Z�tX��j�	Fs�<����o��8���U���Ӛ��"���:�U>w��kr){�+���D>���*^�d�z�C�T:�Hc�SϾ�'����o%4~�\ؼD>�9Y͠��Geo@�]5�����֛����aΝ@r������+[�:���غ�
j?�%^�P�PL�ֺ������WS�[H'��&7�J��j`ͧƠ �Ň��f+��r.�;�~������|.ńT�!o�)����֨������Sc�οKҬ�@�;=��8����L����Y��� �s3�)9wLe��So�h�΋��$��߳��f�D��^Ml�}��9g�Q1
ӱd���6P<�2>*|,�G���J]��Z��Yo1����:�C	`n`�J2�Wџ�R��� =��y�i��g[�B9��IhK�s���zot#��fvYI�#������I�U�1�v��n�j#D?�܊#�K+8�\���brP4%~g�9�A���C.:�wĉ�a3�f�т��=7��[[����SBT\.��R��zfӈ��K�ABD7!����d�����c�٨>7��s$p�"��U�l��j#�rL�m�DZa:�b�ۦ	��ɲK��z�����V�&x
���##%>���͈�me���l�<6����M�v���Tj����"i��"�U��锉�M��[�ݡ ��R"�'�@�2��x��a��� �Q��7��U�;��n*�?b1z�  ��̽ˮ�Η�7�S�h���0<�`XV�l0��$M��#��n���?fVկ�49(�ʓdD���k�����l��2�g�����I�E(7vĺy"�\����z��_��V���>L;���%�1��w'_��D %{�NFaW���r
���h�'�M�����)%���V�K���+GG��Q%(Mۢ�� ����>K��:LiP��] ��pA��*N���߁kC�}����Ku��9�_+�1��䚐C��U]B<|-\؁e���r��h0��A��3K�X�}<��mvYR�b�֍*�Z����#J������#!ʬseTiv뱀V7	�MS4o���CC1Ia�����T��!�`�Szl��UaAv+����뮗���%��(2�C��T��z��A��w��<䦀!��hS�H���ĝ��p�|���Y�!K&6ɬ" b5���D Yӌ�U�T�C3y㈅��}�e�2�ӫJ5-$�J�����ȯ��`�'S��"M�L	>���	ɔKO-��G�9��{��a�f��@�.6g��IV�0{<$��k�RoY�LkX�!)&�០Z���=KHӋ,45�*5��t���}��l�x���(p��}�ه��T�������4Q�Fմ��1�c�+PL�#e,��&��3�\�j#Ғ��r�'�K5P��-�7.�)�K��ʞ�U�����_�ZF/*�K��oAH�:��PZ���K�ٯ�@b>?*'�T�����\�lqW�*�>s
\��s�0�H��zxN	�&�e�������c	�C� ��2�X��s�z��K!-�k�F��cs��Ĕ��#D<�>S�`�H�P�ŗ�!uPL�I�rS�j��d��ߺonNxn�C�%ix�gۖ�W!��-u�����fGɘݬ�\���q�g2�^R�V�9"̚�4L'��:��*�	>sT�B�,��*8z�%k0��5|aE�j�U��"_2x�Ա����2l��«�،�Q���ˏ��#�6U,�� �7��V���N����W{Q�b�[�M��SIQ���SŁ\�"P-�a�^C	*�f~"d
#w_�B�[-�K���*�6C�U�7q��c�LKQj��@e\�J �$<%K�N5p�eM$��.�������ϸ��Z�(S�Sx�ɰ���aԒ�Ƨ�	���FÇ�22�|=���J��e �J��U���T���[��*�w1\/�8�_¸r۪JL���a��@;��U��-�t8���4# �%��gI�ٛ��A�	��t�@љ�ޤ��	��p'�Of���WIQZ�:ʨFA��ϣ>.4�]d�C�[�&�u����}T��չQ�aF�����@��oK�J�����-��{��/➕��z��>�	P��I۫��Z�����Y�����[�C�:��#KȏB�_#�!�}��3�Nt��t#%dt`�DT��V�ʬ�(�hu-��"��03/N���hAH�Z�X:��R���L�T?�.r�w;�T�׽���k%u[z��x�4��<���cӊ�2�\h���
�Fi�	eN՞���iϪ�S��&Xr�h�ݮ�=��T�E�=]���H�,*%Q�$*i5�q��֐� ܡP��]_�I�C�6
�\i���G������Jm6���nTe�ĤkD�.@��=wf�9-�S�/{��{�X�����>����T���,e+����l�z4��
q��Ķջ2����[�f��+7�i�H3���j�jKC%{q~p���`���ב�����;����t).�uL�<$�� }W��SJ�A�F���sɽ����kBW;�}86�QqRD*��x&w��`(S�y�[�v�qa��,�~,��&�ҵ(>H;�Pǿ�C��a��Jɞ�J7%�Pr�xϣ3A�� c�ޤ#��%��}t8�[=$i��C㓤q�����2_���G��Z�방��4�J��O���:Rl�k��N7kg"1<�eM�{���u?	ek�|��bk��G�a�"8��x~���;�LC%A�,3�UG[ <pQ�|�ǬR1���u����T`�����c�n���O��Ja�� �%�4h�j(֙�W~����Z _@�p���ޘτ�.dc��|^E��J�`�T�f���l i��u֞�^b�xl��*� ng��E4��u���rx�����W��(�z���FY�]��[IE�V\�[B<\���]@�	n�:���T�P���g����(�
�<T�M?���/��
@��ZE`t�z�8��w]B�6��c>n����;�����17�">B�3.�ɤ@�����f�lO�.����tp�%��P?k�R�A��:l,r(eLق@���1��e��.i��&]�6rI�HJOـ����PTuFT�D�ݥ~�?��eX�R��s� �	��knʈŔ9\�5Ke���ywR���K��32�c0b��V�q�W����.�I�u�����/Jpv�޾)?&Eqk<{?�	S��Q�/�� �-C�0m�9�)ٹ�j*�g �yX�Y�����Ag�)y�C�O0_�w���D�[If&�W:��Q��j�4>׊�@��?p��c��T�$g-��T��{���ou2i���Ե�hO��_��7��ɰ϶	}6�G�5�����I��x�7�D�q��.���!�f��%3��Gȷ�!U!���]@�S�E�u��xoj�����(�%�e1"��wƞʬL���U_!;kǛ�r��#@}
�W���b�+��|�ǨJ|������!��O�F6ʫ$�����,K\
xv�m�Y����.9(!څ٭
6�fa�
�P(��c�.�V��i�R&�;��?4>��؊�DR�q D,/��60�4��u �m�˩�>�-�2>̴u1�#dR������pvt��ȥ
��]���P��4^x��yeJF)����RE��ziEC��.�]ax`����v�"1�4~�������@,�C,�\����fX\���Q��������t����$���2+��̝��L�g+�T�ȵd�IdD1c=0G>��\:@$��*1;"����ѵ�	�e
��+x��qQ�̱M*�eP���8�I6��=-<��d�"/e̷���0l�@��w�=>r�gwW������1��"%��>h�ìޗ ¨!B*� Q��f�e8��%���!�e����U8�K0�:q5��"�)�%��W�f��G"�e�� (c7O�!� ��f �����T�?9�d���N�)0��8��i���~�5�<T��^2� ,X�D��g�\�{5�j��T~���� 9_d�]9��x�W	> v@8�]��&D+�1����"qE������*u���Q[��@23��1��b�y�T~v��չA�X}�U=d#i���jKeŚ k�5�k�T/�\�o�Dm���� c��J���j.a ;?����9�97=��v� �H�*�G?U�9���XJ��)~{75���Q��SqZP�{��!�H���Z�E��:��s�}V���	��'w-j	c{-����Kw�Vg�"�8�^&�P3ę�r����U�������bu[�"oJ)�*���E���'�Tϐ����A
䛢����A�
�%�8�H��]�����`Ш�'��.���cA �o���Ș"bR��5��4�'Q�?����Se�.n�-�l�.�R�C���w� 6��،��
�w3ػ>��0�G}�h�Q����_�뭮ߖs�d���r2���mѺzH���Xo�>{�;��^!�!N�2vI��zD�:���<�#�#�~j%��L���@�?U��iI0m2Mnȭ��m�j��ε����N�*b�g�|RX̻Ц�̬%��=!�WJ��Ks=*,��6*}̤��`��[t�"�x����ó��Hڡu����E�o����˷�� �"�$^V�L$��rSwB�hµv����3X-�?}]<��d�Y���������.!u���O�+�xc$ĦA�լ���2�\��z�@��
tZ�r�#�fl�!ߔ9��`]ٮ�$;7�|�X�Pđ@U���<k2��T4~�þ	6#<�����ϒ���^%¾rA�yxD�'��K���N;!�If�Q�&>�ծ�b�<�#�p���7- ���q��6+��d2(��jmdcoE\/Ś/�Յ�43���<DuKUe�C�	ʛ���gu� �foʢ<��!��� y���g�����?��!W��s��h�謙��6I(��D)���[��uߐ9ʰO��-m.��I��Y����d#h����kIy�eZ��ןzTX��S���u�؂؜���M�~G�S�!��̵Z� �!����U��TH� }ۛ5��x��M�|����~��^�k��)����r��S�I4D��M��9�%�b��m&Ә����[)}�bp���1�z��=��*5�85���,d��P��8�Y��։B�;#d���Y���	�n�IO�(U,DJ6;�?D���O"q`�;SV����H��V$�ۮ"_�^j/LU^�eN��yN;x��1x�mj��&]�R��{*��h-�"];/�YU��rq��ԝr�W��v�p����Sm�[6�M�^���&way�"���0.xP�����p��r��O�'}��>kF�-0��I%H�Kd`"vT���C�x��N�`�Y�N�ɜ	��z����o�����X�1��h|���*v��B�A��!Lu�7K��N�����ʸ��yK�����St3{�Ϻܥܔ�̐�'���g�(�v��x�/{�خD�BL<Q<����4z�%���΄x����z����\P��ɚ�G1v{���g�)�����\~^TF��܎8v6u� �y5:$je,�)N�I�+O,þlM/�n��Ձ
�'񼡕��կ�"���P_6��h�5�UJ����K��3\G���@2_ss��d%���a@�����tI��M�bv��%U�d�u�` {9-����K1�Mk�,�X�-��cf�4ݲbt�|�߸.D���0���].=�=�чI|���5�m��o� ������ϥ�k��'*f4>��M��;
.Q}f���7���2�)�X�����n�kG	�sw��A�e�v�a�a�I�J��0�G���I�ufJ��jm��E��ړ$�gl.3#_�c�u/�ӡC�?`V�H�����3	N|��.��;�x䎑�v�#�˄QP"�{�a�Mҫ'x�@�7��i��hTG�2�﫢��k�( X�sQC~X[(�R
|<8�ܲ ������R��ڽ!��ɉ�0:k{��!���ĀХL.mV���o��%=�mQ��_���\�+Dx�2&�᭄=��z��'�>�bL.��n����(i4�r�բa)!���3��AVW�p��	�KwIKv���3!q/yˌ9�C����;�A����'����KӤs���T�������t��Z�f{8����>m��1�����!�Cܩ~�)[*�N�&�U�ß*o�{tĨm�0�Q�c�$GgmK&���EQ$+	���(�s�6�e��(冶��3�Lx'�tG�FJx����i������JE��Bͬ���Ay�W-?Uia�uVA�-�Dj)���[�9`�@Uh,I����q�0(��kG�.y�]������JAؠr+��VC�C���M;,��ag���Փz�ʥ��(���m1����%l�* #Ͽ��A�m�W��(q�/&��.���=�iQ=��, 8����jph x���6�
�3����4
�E]����듕��A�W�ň£��~sf/�����c/��Q]���^�4,�bf®�AE����u�R�l����`Wd����� �\K�S���k�M��]��Sl)�J���%��T�?��pQ�墈`[�Y�ပ�����J
(�A�t=w��
�i��͉#�y��Q���'�e�ju��.�ܹ��SN���6���$��.!���}ɱ�4��o;��g/�3��j#�s ڣ�tU^5��v��l���h�	�D�����,X7�*x=���Jh���#cJ�s�����}�Gzn���ѵ]�U�#k�HX�? 	⮉�0�!�
�PT?�bp;�\�Bf/��-/6$yX�]��YN��pW)�����wa�)�����۞ι�dSا0�\����o��YZ$2�{)��="w�(��K�8h U
���'�zr���w^M�&��P�`��Q��`�"��Җ�f\*�C�r	�!�X��nSt211G��_|h=�0��ǀ;f=|�*�aA�*"�̻2��A�������ESv�)�t��=q��ާ�n�/ێ�᧜�MV㪕��@�Di�J ^:�Q�;,�K���;�j���D�s�[��ۨ�A��Si�P+YUI��KD��e�5i�t~*	\�!��B�+���l��̻U��7���&ʬ��%���z�������b��{��9��d�>2(�G`��<�&X7����p���C2'�]�䡆�J�x�����d��2���Pd!2K\xJ���	u�.1��B��n�뾆�[�?o���su��'d��:r�J����h��$)�8M�U�>��&��jU��eꑙ ��W!�Eh�`^H�ψk�)(���9j�=�-|(V�%Xk;�r��9wA唆�{�L�h�o�(����T|�k0UyR6&�?K,2����2��4@h�ъ��:�j�h�� ���)BYx�yf�eV�
��M�%Nނd�h���]?�J��n">dCs73!5��̛�m�t5�bb�B�D}��b�"������%�A�
�N� �U�`�*���,21��߼;�v�܋������
�,?�׹V�T��I���T۵*�,��w�Tk�CZ��D[���z�Rg�Ľ��I��k�M'݅Zm�#�T8
�Ri�]��	�E��v#lZ��\���霑�Cr�B3�DM
k���#?9�?�M`٨��p�I����g���N#��c��}eeĥJ����i���UΘD	���"i�z�L�=ja�	�:�`� qDr�ͫ�������P�#��%i��Z'��;��=Ki�K$M\8u+I���j�3}M����-�Jy<��4�Q?04*?O�!iS�)�J�>� �G7rM�Oe���E)E� Ĕ��~���囥�ˋD����'��L\ӧP"(�UZ@��V80���<��Lv�1C�\KO���^���~����0[���Ձ�@p�F�^�?��e�v�J2����B��c�l�PkV���-BM���m�{�e.��t�U= 
$0ra��.�&�D���p��_��$��!%��)B�.�G�Y���֢��>�����D��ɫ=�E%��oR�kB���!7��H�P��0��p�B�U�B�p&_+������-�d/��ʓf1Sފ�i?�l]��C0ļk�jRRŎ/��3�l.ɤ|Fd���D��/t�jӰW�,o���'^Q����Y��s�-GO�D:��f��y����x��{�LZѱ�l�$��2���~�2�����X��ܭ��ڡ�җ�d:�V��~�
S�L�]��~J����E�(GEh��F���!�!�c�e��f�T�x�����]�ߝ�/u�IyxK��S�&<�.�E���0�*�W��$$?2�K=�7nT���2�A�'@V�t}1V��T�F>>�`�+�N���2�iWVst�tû����J����	+�QJ�����=�1xKNÜ�/y�]@�:o��ѓ�#u��T�g�;�!z�$r��LX�b�JT'�K���Vz����-�/5+�$2<�(n"��?�"9�q�����Y��$��K1�a�Q��)�[�ǽMNW}մ��g���Upͦ�	\mO��R%��zټ��w�� Ng�MB�ȶ`v ��R�讏�J@�\�S����'23Gub%�z~n�C��T(Y�x۳X�?^�}�"�j2�˻�B1�d�l�]�Q7���D��)�î���p=��%P$#]� �i���$�v��8a�ܪ�h����8y@�P7�	��Z��D�I�̱/+��7�(,%�}��8س�.�E�X�~��
��8�DrK��%������K�P���#Ri�"b��ƌ9ľ�=(��%�/L�*=!��]�h��<��v}�S�O�Hʱ	���"��p��mS�����5��SF�.)m ���S����	��k���+��L����bȞ�Xlݡt)m�{<��"���+���Z{J�{=���:��b_5�|� W4 �jCȌ�Wmꩦ���:lV��%���������w��~Q5'�D�Z��b�G�'`4����X&�)��z0ݷ��cWoMx�j��vET�z���Qn����9T	4��*�ߵ�|�� F&�RB�ճ���t=����!�U���eI�:C8�p���J�C��	(7˷��3FK�U"����Z�rE&OO9� C��Ø�[�>�Y*?��&�u�R	5X{�R �@=N�U"1p�2�O��`�*[�%�9�7�<��Mqgx��va��n���1�\	��CU!t�"��{=�YaA"��4�ʤ`����z�
���M}�<D���:�L5����W�yW֕r[E��3�Pl{�d��%��%ER�v������9��4`>��{�N͇��U�f�@9���^K�\N�֣&��l�A����L.f���J4'��	���pW�y3���:���
�I�a ���`�1����e��\�D�*Φ����Q�K��x+BA=Ճ���G�$�"�XJ��Ȉ���䮐� �2�d)#�6��� �Jϥ/�*rɖ�	w/x�Șo��0=��uxf�v�п�=e����(Y?��<��
'8�C��|�%�'r�_�>�f {������4Y!�$�!�*��mB&G�
������Yڒ�ó^�!F�kICǾ.��r�����N�̣mE��3+
�5�f���s�Y+9���0x�&`�xW��$3%w\w�v�X*}$2�b�4 �.W���~��^��JsV���ª���!�6�AT�����R����-^a��`>�У���I1�����*1]�R"�$t��[�W3�ୟАd�^b>�䴟*v�=�P1	$�m,��ԋy͂e��T?=����?IqE�����so.�8�J5֡�J��iNË��\A��d��,�G�[}r�Y�j��T}c͈����.6��<.�$���E���Q�֣�A��1cuOs�.:�X	�S
���X
N�X��2T/^�1���Y��Y�=Lk�qrQPv��)��O�5<�]�i��MZ �� .����)�X�KT�1'��	ʈ��٥d��Y���9pvMԥ�������� �[Q�CH���Ov���eN}���r����h� ����\}�-]�=4
�04��֩0�'f����	x�t��!�B�R��[�_�J>wU%���ߩs
;�#{��eQ����j{� ��$cw-簕Pg��@i�*���[ܠ�9���<D qG�[`r�tgL^�02f�1�DǾ�3-�Њ��DA��bn��zo���|�2!]L�I��%��-uYx
M_ҐC}�)�O%i4�n�D�2��E12��M�{eJIz�N��C�`8T�F�vO�7?'���U߶�Y�I��;��+bJ�޲�o�鏞���!�4umN�B���c�U9	�O��5[��]��3����3�P�;.6cJv�8[�O�\��v��H��ZP<�� ��vg���2�6��aK3���̀����B�\�h��+w�4}lƶ��U+A6��s��"^�;����6DUl��:���8���w)�]_?
�/[̿]��T,�*�K��«��F��80L��S)�t�b��j�B�Qb�L
S11	S��[��K���C���ò}�F���w�ت"�!�Y��zl�����A�;ɛX&ͨ+B��k��|�81#�E�{�Uns�^���c%��s�Q� �X-N �G�֒+LI�l��r����k!�|	��@V��Ȅ%��'+�,�Er�:=�ʔгiB�A�j�5���0&M��oX�%%M+�"�\k�����w�0��%oI��[����Oi-���WIE�;�/����j��`��{I�1�Gۇ�vh6�8�x,y#��\�W�T�3A�9�[��)��{'.�2
�05�=Q�:�E$%�7j9N��ϗ�j�����Gɤ�g|�/�-rD|aC���O�R����f�-��@ �����wD\��/���t 6�m� ��=_w�+�
q��/�+R�$!¸�9mB���~
g��{)�者۞z&_g.WG���K�4$�͜��vT��`�L���XG���"Hi�"���4��y(]fM@w�^��	�6%l�'�p��	#FxcJ�%溚�{�}�����=P��4�p����K���|����ѕQ��)�V���Y0�@:�p����*�Bdf��y���J�$����f�'�lx�i��S�윏���x_Jޒ�L�����$(UΜ��{����dV&�&�R��R��0U��� �/E��|���!y=�Zx�..}{��hV����f�(U8���@\��dz������K�y��漣�R� �&��D��f��zH
��-ϔ���+����'9f�*U'�2+&��>sXX�V_�V�'h��}�>40��+��3�����:�PmD;�6]橀;����>��P�&�K|����/��ػ��/�\T@���i�e��m��]��'�0��6�U�����V�"�Wb=�ڮ�(%0�|����B�-���T,*����ؗ��A5{ϕI�0#�y��"e�*�Ω�2umR�{�B�`nً�waD���:�ủAn���O	Dz�Q��C�3���u���Y�9'�Fɽ�~ѓ���h�V��R.ο3���\�)z�%r���Dx��D�. �w��.�x�~d�;"6:��MC7����A�92Gʲ�TU��,s}��� ��/br��.T�5{h��\���x��t�6���)����3y	��ά���X+������̤�g�p&�*kMuױ����R�t4 ��*6��U=w!߻bu"�٨�@5X&��@���;��j�S�T{5��̦�O�%�0�i��)�:�W�8��c;>�c�V�	������"�[j�j5�U�1�1=l�X���u��� SҞ��Y-�|�뫾5�-4|�1:d�i���*r�R��� g�*��֐��(S�R�6|�	�d�b��l�'*�oʈ<�sv �[��Z`�O�z���/�����x��#e�-�氣���.$9Ik
�C���@���ݤ���w\ �d��_��Y�͵s����X�jR��JTf��ݘ�s���D,"���K����/N��OFoѫCp��[U.�K�wY�Fd^d*�UQ!oY;���ĘG�.��������҈*@�P�
�ż���Y�qB���6��bTn�4����Z����Ϋ����`�X듫��b���~Q���+�Q�Va�7�jf�u<��b?�
������}�k�]��@XV����8� �w.��!5��>�4}n�!��(��y��L�'����zj;o6Ɉ��urWH��#�½Nc���e�T�zc֐\,���f*L���Zi�3�F5�Hh���2ߧ�+��W�G�h��B75%�Fڀ�<�'�[����i���7�[?��;k�)��ν~�2�8�(��S��h��:����n��� �A���r�_?��燩_�,
�r����~��QەFV��+��HT�]%��)O��uW��0��N�6�}�}gD�g��]4�U 	%������B�Cs���Zo��l'rc�^�۵��(� ��u��)	"j|�*J̏F)��׻�ι~�r��"�jF�̮�z�J�	>Qñ\��vG����/����nZ7����܂��@T�s���*E>֠�W�����O^�]���@��Ou�����]�P������]p��/t&�m
h���_����gֹ�h�u�eZJ��<��{J�_��E��6����c�4�����?{�ߤ'?s����P~���`�E�{b�9C��Xu5S����'I��4S��-���fØ�jU	PE=��T���m���lw{mZ).�0C��"�nz�A1����J@�V�� �+|��$�?����~gZl�Ǹ�Iuݧb�4yZ��C�ߋ�'$8��8�nť�)w�M�ڴ��VJ�����>���Nϥ�c�W�J��]5-u ���a��D����!��j��H�q�f ��P��8�P	9a4��	��F�+Ht}(�C��"������8x����_JR��,�5�9��M�6�fs���wa����64��Ğ��B`�����8�j���x'��UB������|�D�!��%����A��Zw]>��*���� f��/�Eg�	LO�y���3� :ӨUI<Uݩ������Z�Me�p�s*RS[.�a)�����-�}ھ�}��������-W����3��U"�1��j*���Ԡג+�P�S`�eX9��]kְ�`�(5���$u+�y�k�֪�m��u͟��-3��N������/s��Zs�Q,[����{\+�}Z)@��f6<��Cg�ã洖�/�����\��W"Kl� ��R�1#W��`�A�5��4�%W����|MƜ��2�E|�1�R)�O�Wb쾸IE�\��H`�	���T8c��S�q�EN��e�	V��\��7q~� �ծ��+ߘԦGYi0�����e�po���(���Zە~ e�Eh���F���:A���(�^4�ɠD:�pm�pǧX�1�ȋ��O�#sߎv��͉Ħ�Jȥf��Ҋ#}t��8�Q���"�;������fQ�'M�ȡ����Bu�";���P��z�Io����/1������D���v&_�`�7�U]�6��3��V���]��Qƌ-f1����z���r�=^m���Fy�\�x�\%.v�l�Dl���ҽs�)x�#����9�TX��XlG���8� �*��꟮У�J��c��éVbھ�lx���Lj,��q�[��6�Z'`Mf.!��lG�I/d�K��^Zo�jד:�s���ycC�Ջ<ԍ�	�VP%e�r [�z�a��M<�,�G�z�)��C�#Ւ��H ���UF0?�<������R��)-ȴSNќ�N~@�IH����h�
K�q/{�Y�5tW�����+�ik{�N��P�ECjٯ��|�S���S�;KP�rr:�z��B��4h˽D�4bE&����cy�Z�K�ҟ=f;������Q�N<��$��#UW�	S]���b>'��	_OUbY�\6&@��$$��.{�e^�V�2;yN������[.7����8�߄�+���rE�p�g�4�/�9���+ƹpSAG	�L���=@�� 6ʎ�Z�x����%v���^��@?D��dA7�5���u��ީR�zk���4�K5������/�F/�e�Km�)�����ͽ%Gmڮ?:,�̦�&��ԋ�TC6�ڊ$>���$��'_�V����B�1q�og:�_b�\d�쓩�!��LN4x()ʥ|���ʩN�3�z٥QVuD�ȍy3/7�@��>��z��2Ri�~ӆd�Ug�\�v7�χd�g�l;�V�(bg�H�[��L+��j��'�	��4������p�
����jj�Ӥ���Ԑ��d��6�d�>��_���4����U��8�I�DH�(�ܜٛ�/n2�L�Q�C:8%"K`Z�[c�>�������,�<׸�(�Zw1��D���zȣ�tQ'I�����Z�5{��WN.4)�C��V�Nr��2��Gs�6e�'��Ti���.E�{I��Vp�{Q�&i���{.=��,MJ�F�_��i�7��҅�y�$�=����E�CF6o����$�褆bV2k���L�������+����oV�i���5Q�����-t�$��&4#�KT7mFx�X*��Y���+/l�A���a�8I@�d��I�Q�ݍ_��Y!�M�!�t#o�������.:K��j�
��;���ۤ�C�"*����T��6��FM�<̤��[|�{�J����%���c_A�;�b��jz�Q��ŬP̭!¹�>��:=u�V����&|���� eK1�J�.���+����^��S�@ؚGgZ�pf�OՉ��t����R�s�h"��T�.]��Ʊ�V�׏�k`.���ȬP�a��ohN
~bC>��o�����lCfŹ�B������˚9��ص�f��.�v��__ZP��=�}�a����~yO��_v
���yjD&_L��aA��;q��fk��rjw�.,�:I��w�D�AٮA�k���9�p�o\ƅ�
SRX��P��UW�m�^0�/���2�s��/bx�����(Th�|�����~�2"�T�U������c��-�l+An�n?�ꭢ�M	��`޾����k��Y��ڢ�H�[���7C�z�w�5�����;��%��,�K�5}A�����<Pd�I��ۗz�v�{c$E``Z����z�[�2��p����m�i�U��,�.!�Y�'$��h��@e�<�f��	*'<D���{���d��(�~�ͯ��1�.� �W�
]���z��/��#n���Tݛ������PC�K�JN�Q�\�ym��{��rF8�>������Ԝ�j�-��д�pxl�*ј_�F~�Ɖt� �lu�K/�^�·s��s�W�R�KkU��	�>Id�U
H���щJ�_rm�:�w��q�G�&)��6�%��:�rӦjZ¤qW���F�T4g��*�&��YW[�����k"��LB6�s��>�-$�2f܌6!e�����Ε�M<�E����'�/wJ�oA���^�iN!��/J��8���0x��*7员�{��X�	��l���6�����%ߟA�by�K��+��T��Ȣ�TQTu���@R�z�ܣ�K���˛H\Ƞ��u�y�C>������:�i�J��N�\�#.b�'���v&�Q�rW����7�w��1��ԣ.b!e����}4E\���X<P��<V��:|�ҥ*}�e��h>�����4�!
�GT��y_!A2�G������%��
�ԫ��f
�2��8wl�N5de>Y��(�f
d�7ފvs��Y�R���Lbn�Pq����W�mS�dq.������k�<[��w�E�骖��Ig�&��2Uݕ:�4���E��(�g	>��]�ތW�Ə
,����a��!�(��ͨ:Q��G��K����^��vs�#K}ȇ���ou�����6��v��&���S+|�g<w�n�mz��%SO�Nn��M�-�{��/�
�@X�Y�FͭD5WA
�e2f���E���{���fmq��$�mض)gN_��Iq��@���4�
��\�q�co�Cf���!Q��v�C���J�r۬�Q���P�W���3)v��v����h�*q�*
V���9�3�0'Qǃ�	�y��'�R��\|������r�{Gz|��\}��Kܵ���������g-ٹԺ�k�°�"��nq��k����K�j�y��bS��LSS�+�⟫bʵ;�H(��VC����,���w�}~�����]�������ܱ��/�m���x�u��:?%����:� �,�}a;��?�~�5������1�vm����&f�����I]3+_�������-� {-"�/T�GZ�&�__"\��=X}���|2tJ-�}�վ�-�E
�l��`�_*�6�Z����wV��L�"�*���T���e�0z���7�߅]�ڙ��B�T�P��A��m��� ��P��_	���L�P"�μ��t�l�����A�]�/aL �IT�}�w�$��_����������������� �T�ۇ��S@L_8�P7!�����snBݔ�c�S�6�?uZ�?<;����Vg�7�Z����R������l�_�v�ȿ�3��Z~���
�^D��m%{?P�o���C�5vc��ױ���笖�������k������Ã�����P>�+u 7���cQ"���i���K��5�i\�I)��҅M��҅�~�k�x��H�Q����n�?��ؙ�Jb\n�Q���T��D�����Q�gBQ*G3��[��V"���h��L~*�Ԭ�m��|�r����@"g�\������ȴ���7�G�,7�Z+�#/y)���t���p�i�>�ߗ�C��y��T�_=6����~�����)6?�����k/������ſ�/����z������������O��������W�������������o���w��_������o�������w�ϥS��7���NrX��j&��N����<u��k��@�(͘9�
Jw��i��*�r���S�
w��a������$&F=�hJ��O�Jh�r�&w��)��ƹW��� Q����g��Ph�\R�!�wE�%P�s3��051v��pP����}��#ܭ���-���.(�>�W�e���گ��G����/�/E�?)���@�fEB�z㌷o'�RH�Q+�r/�{�D �H��`���N�X��2i�>�kT� ��{��g,�"/I�'W�?j���	���l_��џ��_5��ɟ����7�RX~��]x;�����W�A��i��C��3��F��VG�"/Ao9[�.��Fy�L^�����[|�;�����2G������Mś�1s��Jۏ������?(����?��u�*����TB���{Kˑ%���,����ГjK�1p�� ,J�oW�xͽD8]eVj�}oC���_%��%�7z��z	�L�F�o�[�7/uBpzl���48��J(cr>��I{������egv�ߘ�{��m�t�񡊲!l�K�3Ջ�
SEk��p6��SB�����Emz�o�*�& &$*۵�T�!5G=��� �8h�=C��e'��}p�/[ůx���ԯ\Oz�y�xg���
+�]�[�����Fd�]��o"+�I���S0{�@��a;1|ʞF(��D�I��X��d���%��ۍ��@��~�	��Pq:��/Й+�P�9�.�N�}̈́z��h9毓=�ⱛ�����[�u���Yx$(D���[5#�*c�������:̒o5#���v5�\��`l��Oww�/�Ee�?y�Ճ���O���
����+���x�"Ö��Whq����q}��{��hA���~��lv�ox������DS��t^2�����:�ӕ�R4D����e�g����	��`HQ"HU/F��"�Qւ�~�|f�z8�B"�~}��$��	����.+���?1.�/���+KVZZ��d����w��x�����i��I� ��(�� �8sZ��}�D���]��z���.������E��n�����5|�@�y>�H�2��;���O�A���V�������M�B�f�z���*��[,r=4oL��Kŝm��C(i*���Ο��INv��v��˓��*���ݽ�����Vǟ�[P�i��X��Шo��LO�~TT���jI���Wi3�NԌ0t�@Z���Ƽk�c�-��[���U����ʴ�/�Ζb�(�X+�+��{��	`v�&V\�U�;���`��'�X�Z�$� �3�1W*r�D����l�> �u��,�I���%��(��W���6d�w���37���g#pl�JW��v��)F��Z'��UC_�6@�0sI�Ka��qt�����]=X%��'���)?=�P�Z����4a�ՙ�^e��^���լ�Z�WM�#A�[���f�����h��>1�w46"�?U�phI������ֿ�IHy�(�ܑ�K+_�>�G�$p�1G������ {�ŮD8Eeuv��CᎫv}�h�	2?r�����n�h����t�8������!�3[��ҶKSW����H�&h���.�pRc�>f�Vb�8�Q����Ԣ�K�U	b/T�X�1���I�%����J��Z0�fkߝKpS�i�G�D9g\�-��������ir�����qW��� ��&'� %�_)6�5q���3�뤞-��|9��͚|^���+Ō�	��U?A �L%F��fRk�!)*e,�FT�Ԛ1��VÎ��̭��"]�
~ ���T]%`	v|��g�T!�����<�?p�Jނf(N_Ώ���r7���Sk^ꏸ1���!���!]?�o<�<̡�ܭ��-)�hʆ=�W:��K0t��':o���S�_��)1Ï'޵E��˛��T��4)�[{���/ƻ��g$G:���E6�3��{��v�ڐL*��2�@�� �F8Jz�C�3��a5����G��T�,ѱ��Y+M0J���LOs"e��ɔ�gMr���vg�@��*d�RL#^<c#`J�>:����~�����~8/�tc	xv��Ѩm$�\k��'(��2���p��rA�V���F�z2��Ī.J�2t=�������6v��~����6H��s�	��G��7
���[�4O|�(4��
��ɬI;j��f�!I�i��8·�xgW6��,F���C`D�&[r���CSnu�:���~>��G.ͬ�u�\�Q+���pu���W�
�̭h�5����n� 'zR�b6��^k����A%ͧ�]M����C~� �rw*�����+��ʰ/9��G�d\�Z�M�!��]%~6�!�z�E�)��Xfn
���|g���|�J@�I�����l��kO����t�\�Es�m̠Z�\%���1��ϙa����u�8a̸4�#O�=�t���}9&��"E��d��:����Q��gg(z��3t����.��V�Xӣ����8�uLLZ�q`
J��%
��h�n:�DXY��sHc2�z0��f�dJ�eV�i1u$A�PU���e�u��f�[����Ζ:�����b�Q�&��W�B.�TS�8s��Gz&guST�kY3R4���*��K�j��S!)�6��.w.�����B���]���`�K͆t^%]k_åE�]�'�`�i,}�ZS�]��MV�\�w)�G��V5���9�6����L*E��7�/�6��l)�@��R$b73�W�A�k�[NIs�L�w/��:�ppV��E��,00Cͅ-�=p�e�?���%J���]�͋V�
�x*U_�'���$?�J�Ҿ���m��j��h�C�r\�/�wq�s��&	ȟ`�b{��!e��M6*���O:O^pm�l"�� ��j�?�!?ں��1�*��C�@^qӛeP���D4���Cӵ�Kp�x�$j��K���X�����p��B��!�k+E郺���%Xg֬��`�?����(81�D!}�J�R�^�|�k,x
g���#�a�:�b<���4��Jv1<rxS}�_p��Z[��l��/i�cm㯙9Iؗ&@���|���j̝s�����v�Qc���o��)s��b�_0�:�M�����T�}�]4��u��/g�M����C��r�������%�,|ǯ��W��n&˰��n�~ت�S��N	��S��2������t>�\���s�JY�]�m����n(���+��w��Y��]��ş����HDZ !�9$������g���_��b�J���l�m%����~�����!_�����> ����6˖4]}
�~KI+�>�B���̄�����z�V�t� �;�z�D�Om[z�����ۤ��������?���������@��P������K���7�U��OS�>�~�ѥ�����"�i �+.6�����n:V2p������~�,q�,�uV��S��E����A����Q�e�\G?��N_>9�7lu�l#����e����U�ܽ
߁�fj������U0��{�N&��R�IAH�_�o������w�r���?5d�?���0ـ#�
�����εb��7�R��uni�!�Ԋ�˩�T��r	o�i����������}�GN)Df%������{p�S~"SxUS@�t	�,C�l�!��L���K>rS�ڽ��m%,�:��/�o2��V�a�J����� ����.�	�!�f$^����6�e�ŉ!���N��0ڹ����]?կ�[L�%���ü#{������e�JYr�Ž��)D�7�@�ؽf�{�0D��W�I1� R��RƧ:�r��["	���9Nlg.|!�(��*JbO51&��bDR��$_�a7�%»h�����2�C9_ʖ�Z�o5���])N�	��mTu#o���C��C���Gr��,���T�3(����K�/7麗�#i��!]l /r��z{�b#{[�Z۵�~��]��Z��]�I��9M���={9�e��3�5wF���7q�g)�_�9g=�tIz��Đ��m<Kx3�[M����҅�֋{�w��:�MUr�@�D���P%]�� 3��n��O�7�Ftso_�V����g�(��A���T�rP'�*zk��
�C����OBS�8a��u�z��J0����_��@bR�t���%)
YMx�t��o�RB�[,uf��fr����za)�K/9��C�7Q�oCO�	�"_�nTm4����C={[�I����*=�
��\������E��ȧ<�K~#��a6��	�%c�l1�J�	߰?�v#���Q�r/�8@�U��gV(��yəpb/�FWe��>u��Nl�8	�&�T`t�9 ]��5L�ذi�AJ?�h0����XWk�(�/��^��e�K�?�dS1evQ���Ɣ���N��Ȼ���-���@�b���(�2� <[�8O�qٮ.Æ -D��N�h�ԗ�����--���v0���jWZ���V���ygU�R8Y�2����7�l[�w���h����LR�1��Z������/J�É� RqT��K����m&�z5hJ�����/(Ѭ��|��"���N��#A3:*��DU�E�ȥm��8_�J?`b!p���
ԩ#|�ckv�)�͕��HȆ�)eD��@3�B��6H_���7��L��4��^�̧�V�fW�T�)��{	xbn����.��ȩ�C|���oQ�&ő�(�i��q��G��t��r���e�ݤs[}�W?��J
)G���}��!�-�H�R�}�1�5�e�{�
#m��m���߃ԡc��?Uz�U��s�˾��w���l>�o��WE�d&�S�)I�F��@@ T���y��h��5�u�!!�X�=��
d7o��C��vav�I<5|)�/']�f�-���Sy�9K�	R�J�VQ�^5_%��%�=DI����$(��b���'���J�(�����N������Z�(�@zŴ��c-L�%���E$g��iRĉ�G��F;���%���FC�ܓ�a߆:��"�n�a�^Qi<K��Ƕ��&cI-��Yۈ˸u���{j�i�@��v����J��J�- �l�7�.������N)|��b�h^�e�jX&�ȥ�*�d㻾>3b�6=�B\
g|}.�U#�À&.w9,ӻ^g�����a�8�d�k��޷���z�ikm,��@k���Q�Ǯ�� ��2����c�u�OKpǙ(Xs� ��K�\_In?N��ߗB�4a��-��-X��/}�jK�"�I�Y	�B�`�a�e��"�gU�>���.)�9�H��z`�7>:�)fne��3l!ѣ�6�"I�԰��l���jg�m->��w&8�DVS���]Xc.����SzT�+s�ޟb�'A҆�t)�t�V[}vP�R8U�'�ܪ�x}~�-i:���+�]H�&��&���#`��|8B�l�֩*��U" �z*��d^�"b� wK���dV�F.��S_ƻ�����w#�j���H��!����tRy3�Uoyhp��Jzԗz��	�	�"$?޽��7��)��Ŭd�3�҃[R֑���_�p�m��Q^�2����A���%kSH�a�O!�[i��~� )�:x� ��*�M|���hbͬ�)2D��5��[=�{�^��kA{�EuV�'I��gZ"1�8d�"2}�]Qõփ���C  �K�$I�X^�'���!v����.� �vv
�\���}~D+w��4I�72�@V�i�R�?X9L�
gmiqG��nRA6����RsH��?JḊ?$���W@�K���^�JK�O�>P82�֪Bf%n�J�n0���'��rT1��ٽ���hqӖay$x��L��xֱ�	��o#/v۸��q%�\��Ī֓͞A�ީG"���QK�I�mfEI�;�w1^2��~�PɌM׺sx���[�j��8C��R��-�ZF�p�%�p|�@�Yyy�S"�=��f��P���(=q�<f��2{�2����	M��Q����XMq?}�Hf��1������o����wS���zK3���������AI�T�dɷ�Ԩƒ���h�Y��ٿ�^L���r�Ɍ)���f��%q��m�Իg�WZ�X�h�]����&$"#�g2���$-�GN�:x�$�PsU+x+�~�m����'�he���wլ��+g%i��I����.qW7Us�Ȝ�*S1��6|���D��)o��#�Z'o��Yk�����Ġ�t�HNe��xL��G�~��`2�ڮ�REˑ�E���Mx�8��L�;!�ީ��@"�KAЇ�\`]�D�	����k��:+)#���H%2�2��jt��i��6�P�)��.����);t�#��֜!D�S� a��O����Ihk����EȁN�jK	�s5�ʲk-����ތdK�{B�E��B���Q�Ym;aR�n�[,�p�X���ڥ���z��
���U7��Dxy��R�@r��tb��a֤���?jU/���P��P���������� �0�!���c�O�����f�2ۧ�M�fOd��SغG�IST�5��k�fr�zC���f�<�*�����@�P/��R~&�\�3ؖ�3�"�v���Za7V��w}��M�E,�
�\�ˬ0[��+�[ǻ�e��"4�s��?J�3��S��fޔ���R����������h���	Vec48�$g6v^p/j�qԙd��T�X?y�rZ��z(ъ�����@I�1��!�ƄF�e"�J�2ZBi�MLƪ��3��w���m�׆�H�'��PK�d�6@�xwUQ廋/"��KiNq
M��	/�TK����e����q�w�uXgUO	�jg��Xj1YDy�F%��W���Q��ܣ#�t)�&���*�C��U�0�KU�\ Ķch�~;3�������VT�K [�?��_�0���q��K�ubg�n��t)�4���XE�]U�L�PAE�%�N�s/7�䦮q*��dB���"Dǖv2��ǱH�tTV�Ut�Vձ���j�m=a_/^�MdCO?�pb��C�+�q���g���dnRW�6�o �re)�Cd]Oa5c�Y�#|q�Ƚ��urY3���\���#C?DE�D��r�5C�+\�-d$��Z{�!$?�!�wkR4\��3j���Q��o5���$����dRL)#��w�	A�$Uj�C�l��)xR�$EO[��	�
6�҅C��k���)��.�B�+$B�|/î C��4��Z����3�ĥ1!#�Z[.�U��V-�,U\�洜��d~�ٕag	/DD���q䊓,�N�!��]��S��!2,�Rn�V�ĭ��$8`(-�BUz�Ut����~���@b^S	��c�tx��F-7(+���	�5�� �Qt��XI���C(^DH��[|zo��>a���£� �Jj�J0�!�^[��'��\�0�v��u����!Q�B`��r(����X��(�H��.��V�"��茪�do/NJ�K��X��Y��`4�5Nr����Ǐh%�bUR��oJv�-=�E� �%�:��N�A!;�v|�`���7u6D�p� R�e�S:}L��-:jWm�KUy�AX��?��A��nZ���_N9-��c��=�Q�0��b��/�.�M������&�D"�*Uxm���s�e��]�FG�{cԫ�>x�MR��v��pm� �+�ў��ئX=9���L����]�8%�a��I���<D����]BL&�R��ʴ2��a�"�Li���DTL_�i���J�*ڡ����r�%o�E	�z�cgW�sȻ�N�o���b�\��)@@l������R�������O!`!]�W��N�g�l�5�ew��{d�� �pk�]ڨԁ��/y �I�4$�&sc�g�X �
�EJ�f�D�n⟡����VCb3 ��M��v�-ڄ�+�ӧ�DN�h���~V�]��o!��X-HT���T����]b�<�w}$���b���p�x��^8FS�� �$���9T<��)���DvRQ#�
��w��X}�7����ഠ��?����1Կ�:��t`YaX�q׷&;*xe�	0�O*�*`eb�͟=do�Q�C�An�?2�z�7N-��\�yU�/E�g/�v(�؞��^ە��g���r�1�K�?��:A�^ە`h�\��������m���m�MB���c��4��Tǣ��/ Nf\��*�1�0��ܱs�z���3��3��b�!���P����L����	S̐,����89/�2�\de�q��.�#�SmB�Q��7��&d�e~E���кE�zU�r���^o�;�ԻR3��C�,}k�s�Cm�[P�e�`\�$0���P�G�IJ/
	�=K8>�
W��3lg"&GR!\��<�<A�H��UBܰ�ql���ƶ����l�$(7��d�!�ֆ���p�b�bP�>*fA��崦��&���KB8�Q~��mT�}c�ѹƗ����1��Y�ʗ�A�&3/@q����)�j�����f��@*�:8����z礠�)<.�	s�@hb�&E�'�{���m��ǡ-�M!�ý��w/�4����?�i���")��u��.M�q���.���5o��|�Y݅��.�6rb%A���>J�2�^��!H���������n�<~Ta��� ��*݈�hqSm8Na���i���6��n���������h����X$�
�B 8IíwôT�,�!&T�S�2��]�x��}З9�f�B�Y.�Ș �(~�ە"%�i�"��kU�E��iͥI�x�?�%�[�	H�Dp7t�E/�m%[�.Z$c~j%i�cw�S��Fm߽v5\��zS�.7��5(L�q֣��.�J����9}h���K&�F:��i�4���B��2�Ñ+��,2��.�	��W�c�8���_B�����c4�W����a]l`�t�2R�Psת�y�g�d�D"b�����w}%aڪ�v�J��bf~�P�ɵ��G �y{��95ѣ��TMxWt�q;b��w<p��X窝����^����M��Mi��8�<�����J~�/t*?AlC�{j��¶����s�:[�%(��uʮ����`U��&HtR��l��/�"�a�d_f���6u;��n,��P�AEb�A%�rt=wL��j��c%8ՠu¸�X�������TPKs�f�	��;ì'G�A�*$��ޔ��v2����3�ju����ֳ�hP�#¡0�赾�i��՞�Ȅ���'�Yab��� a+�U�,�p�'�C�y�jX��6�8�\O�J2q�fK1��+'�G�J���Z����VvNʳ	�G=�
�v������ܣ���:f��M%��ƲZS��4ϨldS-�ݧ�꭭��K\�t��MM��2��,Y6w��( �V/Nä��^ҕ�N��ӧ���2�4j=�����y*�&MA�/H�� ���] �]V�"�K�BB�&����j�*u!'�5!/��L]&N�(%7�j�b:�vLBgRf�-+��资��z�^z7�¡��I�ĲA	}撓��Kr9�J2iO�+�A�e�fVx6n�"Z��~��4$}����O��Y>��޻�����giNFi����.��	3(�D_3@n)IU鬇�_������ۣ#�twծF��Ku,�0���!�l��W��P�� �_��޵Q����+J-������DM�Fu%n ��-YgǓ�"��^����QY�,�����SCGo0��U�\� �xD���m���d��7D�����jL���9JDf�@y�gi�*X���Y�!���^w�K+T����]���aY?Jx�W��.>��7���'�jQ�>��[i�%HR�nQ�x�H�}��+M�k�trz��]�r(�Y�'�q�����
M��H���~�^��7�R��Km�Q-Ⱥ��AL�|�Z�kC��^Ȗ9�D�b���Mq�C��CW�`���`T�+X�+yח����!�]Ӈ��I��d)bڇ��,���jsǭV�Z$D"�K�R5�\%���-��]h-���Y�e�0�9����Ь(kQ4=v���İ� s���V@�!�{jw�LͫO}-}�]����M�©�4�ݧ�O�>���PY�K�t̠���%�zH�0�
S���-�D�u�l1+�/X��t��U5�%�.ҵ��0d���kP�3u,�ǩt)�A�3�0����2�"��M�ɝ���p,��)(-�p� 
�PeN!Ǡ3�rk�5�kf�mIW�ŨN}x}�Cr���7���S,!���s����b�f��#"1�]�XN��dP�O�~�	�OA@��[�A�_z;åa�+��R*������\����:x`������Ĥ`k��˰���<�wڊ���xWr�8X��!+v{�ҡ�]��i�>�B0p��H:b�k�Weċ���L���ںWo-j�+��$�D0�.2(@�[d=�@Ë��V|�ȞP�W	c�"�SB�>x����QZ4zq� ݔ���
=��� N�I������g���Z���!S'G7�1�!=4�׈��6z�z%[�'l��C�J�ي��UO�"ĭ)���]���W��������\J
�I/%6�E�'�4��2"�M9Lʛ_�Mt!5�B�{"(`,9�E����!o!/�N߸w�-��B�l���+ڣ�̯���՞�~P�w(gB�2��]2�/~�*vWv�ˌ{�t��Aa]�+�y�J�ih����A�l��Dy|x芯fu�x����v��*.�zyVH� �%^�,��
�8��PTؑ����jI.�!}沨aV� ��JW�=g� �U������/����R�]���M-ؽD34hE���R�#�v�y�^{WqH�8���/�C,T8;bV81���e�3���S��ߪ,�&$�_��h*v�$�����ɹ��m��+�?��`5���m�Bp�r�ʡB���/�fR����d����)�R6�ا���%!��Q:p�$��p�ڡ*u����(�#�m0iz�Aҳ��)vf�?��K~ �,�mz?K��W�أ{�	�d�}�S̮E_Vx$���)�WyW����n-Ee|��o1ь���4�5y	ϡ~;� +~�)�Z?�A�g�yK���'g:����{vZ�_����=bT?N�ES�S�x��c��%��l��O2��V�M'9�D�.f�)�0�1��Ⱥ�� ��|�Oڡ�`E�F���b�r����i�E4b[�'lB� y��D!��H/�m��'��Ը�����r�bE�� 2r��O/:�!�=�K��M�|`P�����"�T�'$�	������־�S�nZy�0��=e�2rJ��ܞ���|T������}�$b�����5Maf�G�bv��N��������������o�����.|�g�.L=d����`���/i��E�����H.�8��4.��BoP�\�á��kT�.<J1BP#jEZ��ķ���w�N6�7va�_�E������wm�anc��)wa2/s����u>9~O&EE���}&|=�:ןJ��ӛ�Ag�q�l8'V6eS:�����d���p�"}����>�!5�:��"|�Ϸ�֧�����YXЉg��F2x�.�;k[�������S�k�W�خd庌� �"�kmQ�=an�%��ѲL�I Rf�����l?;m�i�jdS'����l�����ݷa'�=pb�����L^"/>���@��H50�����Ca��Qm�B�AH{�U/gOu��.?=d|��G\*�bw�f���}B�-�^��F�����̍�~��X��͸Or[�V���i>�̗?ԇC�4�\�jfL�>�K�C2pUmhﮘ-����e"H�V�N&>�+cV�Rx�����|;»��L�<���q�Ր��at}��]�}N���Pi\-_,>ujm�.b�w{���r�IB������!�"�ڳV����}���[�P���&�@^[���� �U��Rg�n6��\7�bR��T�{𬗚�ɡL脳
L
�/F�S��4�K��R� հqF0*I�]oH�2���Vz�h�VN�zN�G��ḇ]�� ��=��I�|��'*��F���� �b��$�*���^��'A�
�Ӛ-He0r�ԣ2���D�˟�V�l.�Y�B,�����:�g�zԳ+x{-� N��3T�ю�y{i��aU(�J�E���g�H��B�Uz�N�w�����b�U�Z�$�<���?զ�
v|�e���b��<?(�������W|&M�s�}3+��<d.=y�G	,?�#EkI�"#�6'`�����妨 7�����Pڥ'X[շèD�U�:;
���K_��n���~8����)`妔}'��UB��Rߠ�(�gdao����nz���?�S
.�}p��|$�.G5V�rSnx��O����1Θ=�G$o�V�83Q�r<�p������-��<�9<�>�a/���'%~���[/^_x��ǳN�rU'�� E`��^Ǟ:7����d���Y�����=<!�PB=�D���C=�*��%��pL��t�%��$����T��M��Sqn. ���F�4O��ﻰ�T�(_!zĳ*��kXu����t&�m͗�]L�آ��)��佇�
��Zt쭅�B�ʉ�tH��zcN WQ���4r� �AO���((�B �#�l#�(5i���JvwUn��0~�euWAš�NMv�3T%�r�XV�3B�p�u�+O�)�*S�� �Z~�	��-�ung�2y���ܶ(RD�d�����`��Ҝ��S�H:��'���g��'Q�R��<"�%@)MV~b;�+$}��\*�G=<��q!(jWE �]�3���R�6� �=!��JT�-��	q@aw �W��������������+ �)9�	��Fr�+�_9���!h�,��[vv�*���?n�>��	!�l��_�%���'�Cʍ�Ⴑ8e�� w�����wm]�<& ����v	T�$#p^�m�5b��u�T�L��h�CE��hPD�5?3ʞ-�p��8򬭋�3y�$�R����㏒(�"��d �g~�v߳�93� g�{���g쬤f��Y�u��]
n W�"E�Mrz���������($��:�{�	��]�c	Ĥ^_ϡ�'P~���3ڿ�姈an�����t!�P��"_��;@�����WH��/Տ�>���3��B+P����Wl/��S������Jb[9��6�05�q'�_
�3i'�V+P<#��֪�ߥ�5\k��D�Fս���N���9�������I�|�짺� ��;(��F�����������X�)[�EZ����g7E�0�:��t�q�h�*T���q�;>I����W�i��\�����Ez6���2As,�Ŏ���Li��d�3���E���J)�w��raI=�S�SOX��E��s$���c����y�~�񃌥a�<���S�5�j������M�c��4�k`�(�V��/#7�՗-B��Av`�N�M�%��"�%��nn�u���CT:��mP��!����]E�L����s�U.�9c���:��Rup �(�Br`�.ס��1^Y-���M��$�����i�-��|j�}���*����?e[F�o�"����ܴ�C<�8��S�N�QO��Y\�ӥ���d�w)f�(£��67�7�d��)R^Z�:�2x���KW*�K�E��ָp[�z�I�B�F���+�����^�c�?��a�
��
JzD�d�o����	���e�4Qq�^�8~
��xqE��J�F�طd��j�4^4�A���s��Z�Q�\/��>���	�8��'|cbpȬ9<uJ���x��9���>1��e(q��	)Ol��ޏ�;j_'9��j֙V~�fz�؁���Uqτ�Y
��YZ���ufI�1��Y�����J���qt�mUZS)��������Da��6V��\Ԥ"_�&��K�i���@ �{e�Iסˣ��]K�����zA�	�եZ�����B�����̤`#���Ң4d�{�m��b��Y�S�#{h�N�!�_y�,����΄w�BF�/C��޹�m�T0�!��d��U�r��5^��W��΢x�0�q�G]�D.�A�`��M��x�c��^�-��Cb���w[(~��p���v�S	�!1$�{T����̔3e��I�T�H�<��H5D�T�송D���~�x�������6��%>;56���<�c{E�l�'�rB9�Ti�o����{*Z���'b��LG1��E��+�e�d{QJ�/�]B7E�<!&��{���.�+ =��P�q_^6�/�Ӣ���՞<J=���DU[T����U&3cL�v1p2���C�p���09m�*Yʱ��loL{��Gb8H��Y��J��"���z���N]l�q/��A���4#�D�����L��ԃ�7��טF�?���fO _��򙿕��}]u���)��9�x�=��S�z];��Eq�>�kSY�*�
nAW��#�B$T�ϹP,�����vZ�L��N&?9�-����7���.�c��ܢŰ��
>��(zɧ��T3֬���#�%�`��G��E�� ��B��]"�����$uT�:K�����I����#��+�j0;�'TXi�֝�+$������9t�~)��/���C�m uQQ�t)7��a�S���aGm��ߏ
�_O�2��������Q6~�H�<#Vx�eqk6���ti��K��Tϳw"����>���G�M״g<`2J݂�w���3�~H��ң˜^��N�Oi�V���t+9I�a����)G�<�&�ӯ:�����u�j�X�;~���#�W2ThyzBS�G����[ǰ��?���G�k��{� ��f��+�����aw���1⦦��{]Kf�М���Sr265T<%�_M��]� NG@�De����� VWfr��t�N�Qq�7e��ҫ�i�?�Krx3��Dat04��R���%�:�&ݝĎ,z��Jf9.�(��a.ZL�x?�4�#���R��յHR0;��U��So@�Jwa��"�{�	��'u|dBp�\�+�ϡ�1]�k�[R8Y����Y��h%���[Lѫ!���ቅ�u���u�wSF�[��_]Z�~�*�LOȦ=*kRն�G~��$� ~�V�1����[�*��1}�z��mI����x!-즼2�8ʬed��\RD:Gd9��5��)g����־K-��(�Ax����.1�C���,���W����R9lWҝT�����7r��   �� �!��x���Y�]�q���+΋�y�����"�RlA�2#�Ȗ#��O���޵�M����;쩦UUk��}rU��U���������W�ڎ�/����i9�<>R�����כ��K|~:>����+�1Zy��<�2s�Ǜ�0�񑶼��T�g����X�z|�<�U0��KZ�&��r܏/���a����1�v��=�m��mɿ�x}:�y��8�f��CP���o�W��3��m��3d;����%O2���8���r��Ǘc��l:��XT����:�܅�Y�^��{L��oǑ�繈�!l��'�c���oc'�����8���-T�>�Y��~v����'��D��ǁ��m� �1�||u)����ԇ��ﶉ�⸖6���֜��w�Ca+g�#Qd��.V�{+�<Iӆ�ǐ{��5�Uh�ffX�K-f{,ao��5I�UoL��Uǵ�� Q�v���ސ�Z$;9^��9�c�%-B9�c�2��SqtK�����qoǖ�ھ��5c<�������w;VϹ�{�M���0��շ�K���pN���~p��[a��B&�2��MXȈ��|�BV��l�x�E�
��qT]hF�8'�9��x�Q��#�e̓�]��x���!��i�(V?��9:|񱐪HF�?���v5Z������z��vL[��{	k���� �{�������B�JL�w;�*0+�/����c�5�=&���*iT��S�_" �<�1$GDXB��7�2��=���̜AE���㝎I0��X~� ��(�噩����`����px`���W���=��g��{#@lɖ�XC��#c�d`V���ʗ� ǫ �/n����l��czD��2�?�[E�p��y�!Tx0��P��c����P�+��P���B��'�ț��B�4�9��uiL#���&nԜ�gxT�m�Y.ӌ��f�\�6����\��;�oL�1�zz7��<"��eQ	Tb*�3�"�b�X?�d��:��0a�c(�0�a��>�u������8�q8�U�6l�]a�� �lǊ�����a��j	��kP�lô�uP۔��8��&,�Ip8Q�u2�`b}L�T�	k!4`���&��,<"dx,	pt���#�#�&�f;Q�f��^א�j�PBV��Yv��1fߟ�PD��3�]���!˵�#%!*Buژ���r�O��ø���I�%%M�	cDp�e�(]���������fr��=tO �0�%�I��b�d;�D:��F�!�B�P�
陗3܅SD70L����a^"�r�2$�f�IX�XY���,A.�"�`�@BK��zʰ�xkI LN�U�n�����@��."�r�.�D ��-��؊�������Q�!$b�1.\�q�]�z$"�T�`��*�E�c'�� �4��dg1����{0|@�HL���ܭ�03˱�h��Q�B����o�zV1Ic.S(�=��$oQ�`K�줍��� �f�6Q�W�=`߃�����ycd�l��T�h㌱`TA�j�4����"�C�H�F��d(/��#�w��Q�k�xē� ?���CIe�]��rp���'R�.�A�h��_�]���V���y��`��A�6���/�w�
AlA��PpT��а~���N�8ɲ��B�j �°+��T��R�jB&����LI7p��H9_O�� ������l�кY�Pq�2���"�F�O;.|.�--%E2��1B����8Xv�B�(ٶ�&�����EH`��(7��%$F���a��_�G���#$��,"���j�0�A�"䞋�)!�bͤjH���k#�Π�Z�!s"�ջ��f���u�&Q����#iP�b��˺B����� '	+�M<AykK�;+�6[�	��Fb��ySւ�s�`-`7ғ0_�kd(��BMē\�K{��  �ic�G�]��	�n�\+J9c��{"��b9����b�R�"7��0�Xi�+��D�gvK�94����Ό��I�H���N�����c$-B���a��V8.�!n�͐C���/��ֶA�x�9��
��N�TP��[���Q�b`T��a<	Λ����Sv�BZg~�Lk����x&�'��*)&�ٺvu	����#>6��O0.%�ml�0KdX�\��f䝭V&��	^�DX�U��ST�G�@��ՊT;�0�@�����=J'��k�u(�ʴ�i�A�)�hV!� lB(^��� !S%�Ə)�ZC���`���zZ�8x�2��W�"����(>�J*�� jUx�ל�h،ϫp0�	��$��k���y���É9��$�*�\�֍��Ѩ�m>)��5���ZjB����kA�T���(8@r���{D��9�1z®K��l��6�1Z*LP�w��ڐ�z�e��$���֒n럔G)B	��vf�J��>Na��Uʷ����'�	��'O���x�Y��bGq��;-0��=�%0 ��PZ2�.������q��w�aчn�#KK���
f֩�L֥ ̹:sRT9��5�	��>(�n-P���/F�P�����m�U-XF:�&��0���/�6�G0.�e�jU��<��62 ��P="��S�3"l����X7f��Q�r�U�t\[��QWh	=!�m��Z��1E�4Aň����p�U�)���U�`���t�i'F:�t��d�.
��觚�;Ĺ���Np.�2of�7�?��s�ym���j�U����t8��Z2��ɢ���By9.d��(1���E.�#9��\Fo>�!9(��6'�'�Ź�yk�gˊ I�I�V����c� `�/���ѲC�7]�x��/h1"�q��[��j3��b	Ԑ��	��W�������`�C{���Q�&UJ��������1pz��u�q�45ԋ4�W���˦7�T	��q���������P�=�Ah4�`Z���.Vç���~&�<�E��p��uv�%�3�@��X�����"l
�P;t
S��R9�z�@mvHY�,<�(��rx���W��{7]��~�����O�
/��o�?�hV�ꁩ�qU�`�g��)��z�Y3����P#�`9D���m���"����z�x��6jpXy]-�1�ڜۉ��؛%x/a���3M�߭74�����{C�4��K����]����zU�k�� ��3zRi��m�>ެ1���Wc�S737��:lL轻1d��%{[`���'ł��}`{�R�� `����/����=A��7S���{Ӆ��8V�s؉����� �0o���
���X�Ie��o&�R���Y���L��G�v#�U��L��#��'��;�^� ���Vf��&sGR�� �t�%����#\�F���&	28n�~3`��(�/���1ꌚs�A~�(�mL"΢�!Z�AMF�'�QT�5R ��$'"'��*��+/���0��^���NF#r�B/�}+��IC�6͇W�8E�jϘ:Mb�����\��J�P�17&�Q����Nv+͒b�w#�a'��M~�\e�B��\rL�G�<Q-&V?ń,��ZѪ1����t6��(w�Z ~6�T@P30�Z�8p n�(�4F��˅h��������[���Z�5�Ͽ)��g�wj.85; F��'��xW��U^m��Cͱ�Ez�w7[H{&�͒N� p�ch�Y��Ê8���@c�3pc�1��F�����ƢV�2��1����W��4>�]�hkup1�id��Ʌ
R���(��Vo4j�g�FӜ���J0�U�,�-����ԙ2�d��*�FB+�01Je�ɷ��2[bo����eP�6�$"�SK��͊9�[���P��<�4Mb����h�l�n5��&c!�M��L�;�����ӹ)l����+&���8��@o��1H�4�=iH�4\ocKH�z+K�VM�Av6�J�8M؃���x]��*�VgkDqP0�BYtLL �1-�ܔ��{�׉��q"���qf�;Nk�oF���'�|�`�! |�b�n���:uX޹7�$��X�v�4Ɠ���'A�a�ޚ���
{]P{HRM�&4��Q�bx�p@�z2B�*w�k��w9��p$h:m�t�	���XfC�1�d������M��L����BDi�}VV E���2�x�E��7�VYi@m(Td��H�x{Y��*֤��BJ^>ЅK��I�:������{���K ��QH�,��mɕq$Q֒ D��h�~2��YR�+Ac�f�h�(�C>��PR"7��P�L���bM�����b��h�[�����5�{n��L�{MXv��<��b�A͝B��ߠ�d�1��|���!uR��gq�"3���\g��I:GR���'�bQoB!��f%A���1Iel��5��Og������Bq���&C
ZV�(DXǲ��ĭ����(��{� ���l!�1k.�cMA5A�PyՓ��g7�6#gi�n�L;�Ŏqvbu�����3��U,��T�&�z�c�{1ش+�\΀a����k(fi�Q-���q��Հ�K:Ƅ��j�`Ȝ�ks���$�D��P�B�Tު����_�^V�&����(ꯒ[�̒v�PJj�:;l�*WSBp�r9�ʰ6 �Z]VC�íZ��I�g�� z[R�4���f��Y�j(Fu�/&!)9�6ӟN�p���hk�
E���\n={rF��p+x���P�\"��/,���6����:A]-uE��xgw4t���x�>Y����K�Y�gx&�b1�UZE�ֆ[������y�-��"L�_�J{��0�R�c�7άD�j��n�0��u��Z��+��*;�_QA��I���������`���s*N��,���<�:D����������|��3w��!m��q��W�n�JWk��[<!`zEH�tS�DU�����U�'!��PO�,�k,S|7>�]8]K�&�X"h�u\vP��_��T�C	*�2v#�Y�C�-gB��)�n*[�k6'/�
��It��g�S\�:'CX�j�G%'���u%S���������/(X{�[�h&�Jq���B�+��2[�F��₥���D��t��-6���Ͳkk=G���U�2k�Ab����h��R���0z��u�<-j����8��K��;h�ʺuX�njX_P�	ܵXAS�*8�9}0#�:�Q�ָ���3c��&�K"���N��IQ��(��	*�zm{�&�|4qk�X���f�d*�� �ŨqZ��+��]s��[X�ڲ����&4GmL�_m]�����u.}&��ǿg�,�������'�c��؉*���h'M��X-���OB�r�C&��ʴ��Q����1��fn%oV}U��q�['�(Φ�z���IH�zk*�V �98 T��Lłu��N����7�hZ��l��J�ޘ����U]��:���YMCP)�V���#a��reT����2��Y�{�ʤ]E&)>�Q�T�ve�#���b|{�W�D6&}H.h��*,c���hzD��g�[7�-[$/��do	i�����fK��۝��*�D=��d�k���)S= �������)�!�����.�HR�34���l[Ӯ��5�Z���z�U^N�Q]�?aɊ��{���$�Vyh,U�.(?c����f.#�qޣ%��A1�dT���8�#	�5TVC���`ߞnC���j霞r0"g��C�K�
g��Ӛc�Δ}6܅��$fpr�n�Z�;\��!YC�9�&�:p~����|����a�82���䘴���kԃ���hcE�5�2wT�+��+�]^[�s��$��2�L1
�?����uwۣK[��PL�����N#���T�e'���ң���3x	��v�b3�"�S�=/!p��r=�)ǵ�)1����D�ۋ�gg�g��I��� ܝe�)���g�!A�:����\�I*L�#�y��Z9z�*�n�}v�_���ؐ���F�ru�W-Wku�(��q��K������G�n�ۗ������۫_^��nn�=~����?�����G�n�}�ſ��տ\�=9෡-�hq���)���rW[�50{���=����2������´����i?�&d�  5,�Í
��0�ڡe�s���?��3 9��S�;��dl�����F7m���`���S��`���u���Qhj륊l��}��	?�$��G��P�"���2J&Ɇ�u��OQ��R��֒�#Y�P��y	F�Q���6�C���l�9L����g��N$�a~�0�m�ޒ�!� r{1��2|��#ج��9��SE��T��!l�������7��m�J����H	����5VC��
 EO0z2ѕ)�$� ���'�DԜ GՉ=[+k��d��`���Z�mI
Q��bLڰ���}	k�sqPv�*�r#	��ϛz�����LN��8���⽇~�1���	8�Q��f�\�h��W�t��x�z�`.��t�U`nbՍ�7V�ѕ,2�-T�2k�(Xa\�݅ V,��{q��5S�ӿ}Q�Y�]mk���c1����
SH,�������)����3���>�qis3 %LQ�=]��Ŝg1�ƚ+��W[=Yl�=�,�	�_�� �NH=��]��v�M^�w�Pv���X;�uVYK=<�6�b�����!���Z�ZG�'
1���s�����Q��
�~7>�b�n^GUEm�#J]�|�[ҷv{�C)ͭ`'DvؘB��k	�?(ʞ�)Z���[���a���a0.�;_����5�:vE��8�Z��g㮱���@Y
A����F�S�0X�l�Yg<c(2�7A"���߃U�&���GI���+;r�қ<+srb:IЉz��+6V��Q��g�ć�����b����\�kT�S���D$�to�
�h�`�r=����� ��V���hu��ꘪz��	=a/�lL�bDe�H���@�r ��e�Òv���e����<��]�"DQK[�-�:8H�"��D]�.�vk̹,��[�3c��Ͻl�AY��[�/V��� lӄ�N�x���	�}K�j�p���ʱ[��s�zR���i��i��EO)�~8Vο	{�LR�{5b�h~����~�m��G�5�QX��cT-i��KJƩ�Vq�"��`3"�1�6s�c�:+�
>
���,V�Q��W��N�)�~��4N�)U�N8�!tI��]:��W��	�r-�,2<���g+1�9˄n���K��q�1wz[7�TW���T�Yc'�1�F��ci�4��r���'יX��
��k����!���>bRo�I0����]-�
�[�P�2�W����p�"$�֤6�RZ��I�q�5$6�5�175sK����#���i���X��Y}\���L��f��v���9{KVcV�Q]�M�so��2�6�x
O����<=O����tOJ]���i���s���.>(ޙ���=����cT{L��l�ܚ��nL��?˓�<����9d���8bV~����A�E���ӽu���v/����l,��2��H��-�.��IĘ�Bx�UP�¨Bc�YArĵ���o�]z�&�b�f L�u���*�B�[�M���Qz�F7�=8Ib��^�XC�� �	Z*�Gu�%N��S�Ր��u �̤>�Uf��jt�����c�Q�k;�Ҹ��Y��[�1�:̈́5�Nk�I��kn߸�<i�k`gc�K����2�bJSe��a,���5��-�B�B�؏#HK5jK�l'����z�"����OoV�[�P|�)Y�KG^|���x	V�!8��m=z1���4�{i��4��P�����q�t�(_Cz�<�q���g�P*�B>zK��~Ò�$�հA7��Յf�
��$�����*n��:O��A�v���>�s	ȑ"#(˜�?f����n�(c���Li!�wq�&B�?�[��*<��b��ܾN� ��L��A&�jw�kk ���kN�ld =��֪Ho^�@�x�Q�螱�����(K8�=UW�����YN�䳡�*\�}�5�g�hꑃ���,�c������>�U"K�O�Z����w�~G��̹��;�E���Ox-�n��[�=���UQ�S0�YW�Q�>���N,��r�$�+���c�~�~��#+��mU]�I,�����/�?�Z{��vȓ�#����hQ3BO�6�n� �Y��*���2zct�����,hcx��/SXTi�3] �&����#)��C��.�1ں�iC��.�����N8��1C��u���(/I:y|��ڲV���ĕ�� D1Uc4��yam���X�-p
��?Ea���p]'Ѧ`Fj�W�� �4#f�~�52��&�'�o4�~��:��k��U_-�E�ہm�� [�]��O��1dRz�-��7�����:��Bb����Ɔ�:��(U��q2�`�I��-��� \!j[�8��S+%�P���FT͡����1TQ��	k+�)ؕ%M'?ʄ��@�ҰZ�=i�H~?����"#�e��!�eaZT� S�\���	�Cuuq�Eُ�(C�M�>�]�-��r-+�n4��˱��ʯ�$���~��z��O/TQe�ٕ��;B�%8<�k0/z5���y��"�[�z��=ro-�[����V��g�S���G$lJ|F�ޭY�ߚ��.1��4ǿu�`�1"�%a�L����V��ؠys$v;��
�m<�����~�-��O�I�ƈh�<~�����n���j�zl�w�3�?"��z~��agT?��X7���~;$�$܅S@�h�k�[��^<t[0@�4T焺L�ݬ�[�5$=�����Q�Y�(v����h� ��∄J���g�Y�"/ɮR���KSlY	��K���YC�AO6�H�O�e��9>^ٍ1j2.L犯�32���bZ<�~��&Kt�gK��P�~�3�H6��x��juc�(?�5�+�$��֘��{��Z3�uA=Qcx������ӊ��9i��Knź9'C��Z{s4��Џ�U!1]WH�}]R�����@�LI�ͻ��"��U:�O����`0��Y���a9��h+��ej�ɀ��{c;(�BJ�5i@7x0gJ۵�k7f�d� ��ƈf��j�.�[)h!�%Pk��(�9!�Bٱ���p��졊���4Ѷ1��[����1Ԣ�~�U��FB�+�ōŀ�b1Q8r[B2�+�P��;[�P�&���Z�@Gە��O_��a��Т5�����~�l�O����sZl*َ����	i،`�_��,e��O�5�Bg����#Q�8�y=����)�KxĴh�[�qSL��f�U��$,IQNX����v�sh�h�2=���E���)Zv��&�V��H^3�-�.L��[�r1�_M����q�b�Y]k5��Sܺf�r���t��I���X�E�B�c��z`�y��H6幫W9��s�~$����5�C)3��|����Re.>ؾ'�Fk�5+��Q{�[����S���qa�V1��5���=��vx"xLR����[EBK����5�B7��T�Ij�*6�y��:yi��-� U�_!b�g᷷�;�6��f��'�
w+��B�̘L����'O�B���l@J��|�!�`��O�[-=��;_�~��.����iB�k�c�ɒ�]�&�ԙ�r�K� j�����5GD)��X�]����|���Zx�a��f�e��d��Ar���5�*�R#����vɧ��z�M�����+��?�ۺn�w�۫G��\����_~s�B|n7�~���߾��m�}�j�y������>�����/_�~���oo��s}��gO����_=��yv7ڷO�������u��O�b~����s|���O�7Iz��Y������N����_�x�<�͇'Z߾|��C'���Ww�x�D�͇'z��<oo?X:�}�����
(�ksm����v���_^���]?����7_<���陝�~1�_�W?m2��׏��~h�x�b�_�������'_<0pzن]����_^���o��x��}s��=D)����=z���������g_����ӳ�y��6�Ww�x��7�7?��e���t�Y����=|���_>���w�}y2���,����z3�z��x7�}	����	�����o>}����O�>}�b�m���~��U�1���on�|`����C��w���߿g��Ϗ�����N����O�8���/G����'r��ã�/gb�|����O�Wӻwp*_<���N���ˑ���[c\����νL�n~x�v=�1�}`��΍<z|��W�>?s��o�路oo����v7�=�o�ŝY��ы�aO^�1�i��o~y�޼��o��n�}���|�賯�x���'��<���'\���?�b��Q><������߰����z����7�^�y}7�}*0>��p��o?}���''�_�s6���������?���ӯ�/�ͯ��y;��M��5������_w�\�xz�Gg��t��/1��WH�ා������r���X��w���ˏ�  �� 7}��